[2026-09-25 12:40:33 +0530] EVENT: D-state process detected: count=2
    PID    PPID USER     STAT WCHAN                                    %CPU %MEM     ELAPSED COMMAND         COMMAND
    594       2 root     D<   -                                         0.0  0.0       07:28 kworker/u9:1+i9 [kworker/u9:1+i915_flip]
   6021       2 root     D<   -                                         0.0  0.0       03:16 kworker/u9:3+i9 [kworker/u9:3+i915_flip]
   6712       1 dkvlko   Dsl  folio_wait_bit_common                     4.3  1.2       02:52 python          /home/dkvlko/python314_projects/venv_3.14/bin/python /home/dkvlko/Dheeraj-AI-programs-github/liv_code/SandasUrineServer/app/modules/newsanddays/utility.py
[2026-09-25 12:40:33 +0530] EVENT: HIGH I/O WAIT detected: 76.57%
[2026-09-25 12:40:30 +0530]
    PID    PPID USER     STAT WCHAN                                    %CPU %MEM     ELAPSED COMMAND         COMMAND
   6021       2 root     D<   -                                         0.0  0.0       03:16 kworker/u9:3+i9 [kworker/u9:3+i915_flip]

Linux 6.8.0-139-generic (dkvlko-HP-ENVY-15-Notebook-PC) 	25/09/26 	_x86_64_	(4 CPU)

avg-cpu:  %user   %nice %system %iowait  %steal   %idle
          10.07    1.34    4.27   76.31    0.00    8.00

Device            r/s     rkB/s   rrqm/s  %rrqm r_await rareq-sz     w/s     wkB/s   wrqm/s  %wrqm w_await wareq-sz     d/s     dkB/s   drqm/s  %drqm d_await dareq-sz     f/s f_await  aqu-sz  %util
loop0            0.09      0.73     0.00   0.00  137.60     8.09    0.00      0.00     0.00   0.00    0.00     0.00    0.00      0.00     0.00   0.00    0.00     0.00    0.00    0.00    0.01   1.24
loop1            0.03      0.04     0.00   0.00    3.21     1.21    0.00      0.00     0.00   0.00    0.00     0.00    0.00      0.00     0.00   0.00    0.00     0.00    0.00    0.00    0.00   0.01
loop10           0.78      9.70     0.00   0.00   37.93    12.51    0.00      0.00     0.00   0.00    0.00     0.00    0.00      0.00     0.00   0.00    0.00     0.00    0.00    0.00    0.03   2.70
loop11           0.09      0.73     0.00   0.00   34.81     8.09    0.00      0.00     0.00   0.00    0.00     0.00    0.00      0.00     0.00   0.00    0.00     0.00    0.00    0.00    0.00   0.31
loop12           0.10      0.81     0.00   0.00   82.68     8.15    0.00      0.00     0.00   0.00    0.00     0.00    0.00      0.00     0.00   0.00    0.00     0.00    0.00    0.00    0.01   0.82
loop13           0.13      2.29     0.00   0.00   86.00    17.89    0.00      0.00     0.00   0.00    0.00     0.00    0.00      0.00     0.00   0.00    0.00     0.00    0.00    0.00    0.01   0.91
loop14           0.12      2.33     0.00   0.00  122.27    18.78    0.00      0.00     0.00   0.00    0.00     0.00    0.00      0.00     0.00   0.00    0.00     0.00    0.00    0.00    0.02   1.34
loop15           0.11      2.25     0.00   0.00  176.78    19.85    0.00      0.00     0.00   0.00    0.00     0.00    0.00      0.00     0.00   0.00    0.00     0.00    0.00    0.00    0.02   1.20
loop16           2.86     50.82     0.00   0.00   31.92    17.76    0.00      0.00     0.00   0.00    0.00     0.00    0.00      0.00     0.00   0.00    0.00     0.00    0.00    0.00    0.09   7.11
loop17           3.70     11.18     0.00   0.00    4.75     3.02    0.00      0.00     0.00   0.00    0.00     0.00    0.00      0.00     0.00   0.00    0.00     0.00    0.00    0.00    0.02   1.08
loop18           0.11      2.27     0.00   0.00   98.50    20.00    0.00      0.00     0.00   0.00    0.00     0.00    0.00      0.00     0.00   0.00    0.00     0.00    0.00    0.00    0.01   0.69
loop19           0.13      2.39     0.00   0.00  111.81    18.03    0.00      0.00     0.00   0.00    0.00     0.00    0.00      0.00     0.00   0.00    0.00     0.00    0.00    0.00    0.01   0.71
loop2            0.37     13.45     0.00   0.00   51.54    36.57    0.00      0.00     0.00   0.00    0.00     0.00    0.00      0.00     0.00   0.00    0.00     0.00    0.00    0.00    0.02   1.90
loop20           0.13      2.29     0.00   0.00  162.47    18.15    0.00      0.00     0.00   0.00    0.00     0.00    0.00      0.00     0.00   0.00    0.00     0.00    0.00    0.00    0.02   1.01
loop21           0.11      2.28     0.00   0.00  122.79    20.87    0.00      0.00     0.00   0.00    0.00     0.00    0.00      0.00     0.00   0.00    0.00     0.00    0.00    0.00    0.01   1.24
loop22           1.65     71.19     0.00   0.00   24.98    43.26    0.00      0.00     0.00   0.00    0.00     0.00    0.00      0.00     0.00   0.00    0.00     0.00    0.00    0.00    0.04   4.09
loop23           0.09      0.73     0.00   0.00   79.16     8.07    0.00      0.00     0.00   0.00    0.00     0.00    0.00      0.00     0.00   0.00    0.00     0.00    0.00    0.00    0.01   0.72
loop24           0.10      0.80     0.00   0.00   35.25     7.96    0.00      0.00     0.00   0.00    0.00     0.00    0.00      0.00     0.00   0.00    0.00     0.00    0.00    0.00    0.00   0.36
loop25           0.09      0.74     0.00   0.00   69.89     7.78    0.00      0.00     0.00   0.00    0.00     0.00    0.00      0.00     0.00   0.00    0.00     0.00    0.00    0.00    0.01   0.66
loop26           0.12      0.78     0.00   0.00   65.31     6.73    0.00      0.00     0.00   0.00    0.00     0.00    0.00      0.00     0.00   0.00    0.00     0.00    0.00    0.00    0.01   0.76
loop27           0.04      0.12     0.00   0.00   68.86     2.81    0.00      0.00     0.00   0.00    0.00     0.00    0.00      0.00     0.00   0.00    0.00     0.00    0.00    0.00    0.00   0.30
loop28           0.09      1.08     0.00   0.00   33.23    11.91    0.00      0.00     0.00   0.00    0.00     0.00    0.00      0.00     0.00   0.00    0.00     0.00    0.00    0.00    0.00   0.30
loop29           0.12      2.26     0.00   0.00   63.49    19.55    0.00      0.00     0.00   0.00    0.00     0.00    0.00      0.00     0.00   0.00    0.00     0.00    0.00    0.00    0.01   0.48
loop3            0.09      0.73     0.00   0.00   41.95     8.07    0.00      0.00     0.00   0.00    0.00     0.00    0.00      0.00     0.00   0.00    0.00     0.00    0.00    0.00    0.00   0.38
loop30           0.13      2.41     0.00   0.00   70.00    18.17    0.00      0.00     0.00   0.00    0.00     0.00    0.00      0.00     0.00   0.00    0.00     0.00    0.00    0.00    0.01   0.74
loop31           0.02      0.03     0.00   0.00    0.00     1.27    0.00      0.00     0.00   0.00    0.00     0.00    0.00      0.00     0.00   0.00    0.00     0.00    0.00    0.00    0.00   0.00
loop4            0.10      0.75     0.00   0.00   64.83     7.48    0.00      0.00     0.00   0.00    0.00     0.00    0.00      0.00     0.00   0.00    0.00     0.00    0.00    0.00    0.01   0.65
loop5            0.09      0.73     0.00   0.00   30.07     7.76    0.00      0.00     0.00   0.00    0.00     0.00    0.00      0.00     0.00   0.00    0.00     0.00    0.00    0.00    0.00   0.28
loop6            0.11      0.76     0.00   0.00  126.90     7.22    0.00      0.00     0.00   0.00    0.00     0.00    0.00      0.00     0.00   0.00    0.00     0.00    0.00    0.00    0.01   1.33
loop7            0.12      2.28     0.00   0.00  129.69    19.71    0.00      0.00     0.00   0.00    0.00     0.00    0.00      0.00     0.00   0.00    0.00     0.00    0.00    0.00    0.01   1.33
loop8            0.67      3.51     0.00   0.00   17.74     5.27    0.00      0.00     0.00   0.00    0.00     0.00    0.00      0.00     0.00   0.00    0.00     0.00    0.00    0.00    0.01   1.10
loop9            0.12      2.25     0.00   0.00   95.67    18.47    0.00      0.00     0.00   0.00    0.00     0.00    0.00      0.00     0.00   0.00    0.00     0.00    0.00    0.00    0.01   0.75
sda            142.99   7169.82    79.87  35.84   85.75    50.14   22.77    866.68    23.11  50.37   38.64    38.06    0.00      0.00     0.00   0.00    0.00     0.00    3.19   84.39   13.41  88.99
sdb              2.37    133.64     0.00   0.09    4.55    56.47    0.00      0.00     0.00   0.00    0.00     0.00    0.00      0.00     0.00   0.00    0.00     0.00    0.00    0.00    0.01   0.71
sdc              2.30    133.20     0.00   0.09    3.86    57.93    0.00      0.00     0.00   0.00    0.00     0.00    0.00      0.00     0.00   0.00    0.00     0.00    0.00    0.00    0.01   0.51


avg-cpu:  %user   %nice %system %iowait  %steal   %idle
          27.09    1.27    2.28   35.95    0.00   33.42

Device            r/s     rkB/s   rrqm/s  %rrqm r_await rareq-sz     w/s     wkB/s   wrqm/s  %wrqm w_await wareq-sz     d/s     dkB/s   drqm/s  %drqm d_await dareq-sz     f/s f_await  aqu-sz  %util
sda            248.00   5636.00     0.00   0.00    7.54    22.73   14.00    180.00    29.00  67.44   22.00    12.86    0.00      0.00     0.00   0.00    0.00     0.00    6.00   42.83    2.44  80.80


[2026-09-25 12:41:03 +0530] EVENT: Kernel warning/error detected
-- No entries --
[2026-09-25 12:42:07 +0530] EVENT: D-state processes cleared
[2026-09-25 12:42:07 +0530] EVENT: HIGH I/O WAIT detected: 72.97%
[2026-09-25 12:42:04 +0530]
    PID    PPID USER     STAT WCHAN                                    %CPU %MEM     ELAPSED COMMAND         COMMAND
    594       2 root     D<   -                                         0.0  0.0       09:01 kworker/u9:1+i9 [kworker/u9:1+i915_flip]
   6021       2 root     D<   -                                         0.0  0.0       04:49 kworker/u9:3+i9 [kworker/u9:3+i915_flip]

Linux 6.8.0-139-generic (dkvlko-HP-ENVY-15-Notebook-PC) 	25/09/26 	_x86_64_	(4 CPU)

avg-cpu:  %user   %nice %system %iowait  %steal   %idle
           9.63    1.27    4.16   72.59    0.00   12.35

Device            r/s     rkB/s   rrqm/s  %rrqm r_await rareq-sz     w/s     wkB/s   wrqm/s  %wrqm w_await wareq-sz     d/s     dkB/s   drqm/s  %drqm d_await dareq-sz     f/s f_await  aqu-sz  %util
loop0            0.08      0.61     0.00   0.00  137.60     8.09    0.00      0.00     0.00   0.00    0.00     0.00    0.00      0.00     0.00   0.00    0.00     0.00    0.00    0.00    0.01   1.04
loop1            0.02      0.03     0.00   0.00    3.21     1.21    0.00      0.00     0.00   0.00    0.00     0.00    0.00      0.00     0.00   0.00    0.00     0.00    0.00    0.00    0.00   0.01
loop10           0.65      8.11     0.00   0.00   37.93    12.51    0.00      0.00     0.00   0.00    0.00     0.00    0.00      0.00     0.00   0.00    0.00     0.00    0.00    0.00    0.02   2.26
loop11           0.08      0.61     0.00   0.00   34.81     8.09    0.00      0.00     0.00   0.00    0.00     0.00    0.00      0.00     0.00   0.00    0.00     0.00    0.00    0.00    0.00   0.26
loop12           0.08      0.67     0.00   0.00   82.68     8.15    0.00      0.00     0.00   0.00    0.00     0.00    0.00      0.00     0.00   0.00    0.00     0.00    0.00    0.00    0.01   0.68
loop13           0.11      1.92     0.00   0.00   86.00    17.89    0.00      0.00     0.00   0.00    0.00     0.00    0.00      0.00     0.00   0.00    0.00     0.00    0.00    0.00    0.01   0.76
loop14           0.10      1.95     0.00   0.00  122.27    18.78    0.00      0.00     0.00   0.00    0.00     0.00    0.00      0.00     0.00   0.00    0.00     0.00    0.00    0.00    0.01   1.12
loop15           0.09      1.88     0.00   0.00  176.78    19.85    0.00      0.00     0.00   0.00    0.00     0.00    0.00      0.00     0.00   0.00    0.00     0.00    0.00    0.00    0.02   1.01
loop16           2.39     42.45     0.00   0.00   31.92    17.76    0.00      0.00     0.00   0.00    0.00     0.00    0.00      0.00     0.00   0.00    0.00     0.00    0.00    0.00    0.08   5.94
loop17           3.09      9.34     0.00   0.00    4.75     3.02    0.00      0.00     0.00   0.00    0.00     0.00    0.00      0.00     0.00   0.00    0.00     0.00    0.00    0.00    0.01   0.90
loop18           0.09      1.90     0.00   0.00   98.50    20.00    0.00      0.00     0.00   0.00    0.00     0.00    0.00      0.00     0.00   0.00    0.00     0.00    0.00    0.00    0.01   0.58
loop19           0.11      1.99     0.00   0.00  111.81    18.03    0.00      0.00     0.00   0.00    0.00     0.00    0.00      0.00     0.00   0.00    0.00     0.00    0.00    0.00    0.01   0.60
loop2            0.31     11.24     0.00   0.00   51.54    36.57    0.00      0.00     0.00   0.00    0.00     0.00    0.00      0.00     0.00   0.00    0.00     0.00    0.00    0.00    0.02   1.58
loop20           0.11      1.91     0.00   0.00  162.47    18.15    0.00      0.00     0.00   0.00    0.00     0.00    0.00      0.00     0.00   0.00    0.00     0.00    0.00    0.00    0.02   0.84
loop21           0.09      1.91     0.00   0.00  122.79    20.87    0.00      0.00     0.00   0.00    0.00     0.00    0.00      0.00     0.00   0.00    0.00     0.00    0.00    0.00    0.01   1.03
loop22           1.37     59.47     0.00   0.00   24.98    43.26    0.00      0.00     0.00   0.00    0.00     0.00    0.00      0.00     0.00   0.00    0.00     0.00    0.00    0.00    0.03   3.42
loop23           0.08      0.61     0.00   0.00   79.16     8.07    0.00      0.00     0.00   0.00    0.00     0.00    0.00      0.00     0.00   0.00    0.00     0.00    0.00    0.00    0.01   0.60
loop24           0.08      0.67     0.00   0.00   35.25     7.96    0.00      0.00     0.00   0.00    0.00     0.00    0.00      0.00     0.00   0.00    0.00     0.00    0.00    0.00    0.00   0.30
loop25           0.08      0.61     0.00   0.00   69.89     7.78    0.00      0.00     0.00   0.00    0.00     0.00    0.00      0.00     0.00   0.00    0.00     0.00    0.00    0.00    0.01   0.55
loop26           0.10      0.65     0.00   0.00   65.31     6.73    0.00      0.00     0.00   0.00    0.00     0.00    0.00      0.00     0.00   0.00    0.00     0.00    0.00    0.00    0.01   0.63
loop27           0.04      0.10     0.00   0.00   68.86     2.81    0.00      0.00     0.00   0.00    0.00     0.00    0.00      0.00     0.00   0.00    0.00     0.00    0.00    0.00    0.00   0.25
loop28           0.08      0.90     0.00   0.00   33.23    11.91    0.00      0.00     0.00   0.00    0.00     0.00    0.00      0.00     0.00   0.00    0.00     0.00    0.00    0.00    0.00   0.25
loop29           0.10      1.89     0.00   0.00   63.49    19.55    0.00      0.00     0.00   0.00    0.00     0.00    0.00      0.00     0.00   0.00    0.00     0.00    0.00    0.00    0.01   0.40
loop3            0.08      0.61     0.00   0.00   41.95     8.07    0.00      0.00     0.00   0.00    0.00     0.00    0.00      0.00     0.00   0.00    0.00     0.00    0.00    0.00    0.00   0.32
loop30           0.11      2.01     0.00   0.00   70.00    18.17    0.00      0.00     0.00   0.00    0.00     0.00    0.00      0.00     0.00   0.00    0.00     0.00    0.00    0.00    0.01   0.62
loop31           0.02      0.02     0.00   0.00    0.00     1.27    0.00      0.00     0.00   0.00    0.00     0.00    0.00      0.00     0.00   0.00    0.00     0.00    0.00    0.00    0.00   0.00
loop4            0.08      0.63     0.00   0.00   64.83     7.48    0.00      0.00     0.00   0.00    0.00     0.00    0.00      0.00     0.00   0.00    0.00     0.00    0.00    0.00    0.01   0.55
loop5            0.08      0.61     0.00   0.00   30.07     7.76    0.00      0.00     0.00   0.00    0.00     0.00    0.00      0.00     0.00   0.00    0.00     0.00    0.00    0.00    0.00   0.24
loop6            0.09      0.63     0.00   0.00  126.90     7.22    0.00      0.00     0.00   0.00    0.00     0.00    0.00      0.00     0.00   0.00    0.00     0.00    0.00    0.00    0.01   1.11
loop7            0.10      1.90     0.00   0.00  129.69    19.71    0.00      0.00     0.00   0.00    0.00     0.00    0.00      0.00     0.00   0.00    0.00     0.00    0.00    0.00    0.01   1.11
loop8            0.56      2.94     0.00   0.00   17.74     5.27    0.00      0.00     0.00   0.00    0.00     0.00    0.00      0.00     0.00   0.00    0.00     0.00    0.00    0.00    0.01   0.92
loop9            0.10      1.88     0.00   0.00   95.67    18.47    0.00      0.00     0.00   0.00    0.00     0.00    0.00      0.00     0.00   0.00    0.00     0.00    0.00    0.00    0.01   0.63
sda            138.59   6766.76    68.43  33.05   78.30    48.83   20.82    745.13    20.58  49.71   36.21    35.79    0.00      0.00     0.00   0.00    0.00     0.00    2.93   79.71   11.84  87.65
sdb              1.98    111.64     0.00   0.09    4.55    56.47    0.00      0.00     0.00   0.00    0.00     0.00    0.00      0.00     0.00   0.00    0.00     0.00    0.00    0.00    0.01   0.60
sdc              1.92    111.27     0.00   0.09    3.86    57.93    0.00      0.00     0.00   0.00    0.00     0.00    0.00      0.00     0.00   0.00    0.00     0.00    0.00    0.00    0.01   0.43


avg-cpu:  %user   %nice %system %iowait  %steal   %idle
           4.80    0.00    1.26    0.00    0.00   93.94

Device            r/s     rkB/s   rrqm/s  %rrqm r_await rareq-sz     w/s     wkB/s   wrqm/s  %wrqm w_await wareq-sz     d/s     dkB/s   drqm/s  %drqm d_await dareq-sz     f/s f_await  aqu-sz  %util


[2026-09-25 12:42:08 +0530] EVENT: Kernel warning/error detected
-- No entries --
[2026-09-25 12:43:12 +0530] EVENT: HIGH I/O WAIT detected: 66.38%
[2026-09-25 12:43:08 +0530]
    PID    PPID USER     STAT WCHAN                                    %CPU %MEM     ELAPSED COMMAND         COMMAND
   6021       2 root     D<   -                                         0.0  0.0       05:54 kworker/u9:3+i9 [kworker/u9:3+i915_flip]

Linux 6.8.0-139-generic (dkvlko-HP-ENVY-15-Notebook-PC) 	25/09/26 	_x86_64_	(4 CPU)

avg-cpu:  %user   %nice %system %iowait  %steal   %idle
          10.54    1.15    4.03   66.02    0.00   18.26

Device            r/s     rkB/s   rrqm/s  %rrqm r_await rareq-sz     w/s     wkB/s   wrqm/s  %wrqm w_await wareq-sz     d/s     dkB/s   drqm/s  %drqm d_await dareq-sz     f/s f_await  aqu-sz  %util
loop0            0.07      0.55     0.00   0.00  137.60     8.09    0.00      0.00     0.00   0.00    0.00     0.00    0.00      0.00     0.00   0.00    0.00     0.00    0.00    0.00    0.01   0.93
loop1            0.02      0.03     0.00   0.00    3.21     1.21    0.00      0.00     0.00   0.00    0.00     0.00    0.00      0.00     0.00   0.00    0.00     0.00    0.00    0.00    0.00   0.01
loop10           0.58      7.28     0.00   0.00   37.93    12.51    0.00      0.00     0.00   0.00    0.00     0.00    0.00      0.00     0.00   0.00    0.00     0.00    0.00    0.00    0.02   2.03
loop11           0.07      0.55     0.00   0.00   34.81     8.09    0.00      0.00     0.00   0.00    0.00     0.00    0.00      0.00     0.00   0.00    0.00     0.00    0.00    0.00    0.00   0.24
loop12           0.07      0.60     0.00   0.00   82.68     8.15    0.00      0.00     0.00   0.00    0.00     0.00    0.00      0.00     0.00   0.00    0.00     0.00    0.00    0.00    0.01   0.61
loop13           0.10      1.72     0.00   0.00   86.00    17.89    0.00      0.00     0.00   0.00    0.00     0.00    0.00      0.00     0.00   0.00    0.00     0.00    0.00    0.00    0.01   0.68
loop14           0.09      1.75     0.00   0.00  122.27    18.78    0.00      0.00     0.00   0.00    0.00     0.00    0.00      0.00     0.00   0.00    0.00     0.00    0.00    0.00    0.01   1.00
loop15           0.09      1.69     0.00   0.00  176.78    19.85    0.00      0.00     0.00   0.00    0.00     0.00    0.00      0.00     0.00   0.00    0.00     0.00    0.00    0.00    0.02   0.90
loop16           2.15     38.13     0.00   0.00   31.92    17.76    0.00      0.00     0.00   0.00    0.00     0.00    0.00      0.00     0.00   0.00    0.00     0.00    0.00    0.00    0.07   5.33
loop17           2.78      8.39     0.00   0.00    4.75     3.02    0.00      0.00     0.00   0.00    0.00     0.00    0.00      0.00     0.00   0.00    0.00     0.00    0.00    0.00    0.01   0.81
loop18           0.09      1.70     0.00   0.00   98.50    20.00    0.00      0.00     0.00   0.00    0.00     0.00    0.00      0.00     0.00   0.00    0.00     0.00    0.00    0.00    0.01   0.52
loop19           0.10      1.79     0.00   0.00  111.81    18.03    0.00      0.00     0.00   0.00    0.00     0.00    0.00      0.00     0.00   0.00    0.00     0.00    0.00    0.00    0.01   0.54
loop2            0.28     10.09     0.00   0.00   51.54    36.57    0.00      0.00     0.00   0.00    0.00     0.00    0.00      0.00     0.00   0.00    0.00     0.00    0.00    0.00    0.01   1.42
loop20           0.09      1.72     0.00   0.00  162.47    18.15    0.00      0.00     0.00   0.00    0.00     0.00    0.00      0.00     0.00   0.00    0.00     0.00    0.00    0.00    0.02   0.75
loop21           0.08      1.71     0.00   0.00  122.79    20.87    0.00      0.00     0.00   0.00    0.00     0.00    0.00      0.00     0.00   0.00    0.00     0.00    0.00    0.00    0.01   0.93
loop22           1.23     53.41     0.00   0.00   24.98    43.26    0.00      0.00     0.00   0.00    0.00     0.00    0.00      0.00     0.00   0.00    0.00     0.00    0.00    0.00    0.03   3.07
loop23           0.07      0.55     0.00   0.00   79.16     8.07    0.00      0.00     0.00   0.00    0.00     0.00    0.00      0.00     0.00   0.00    0.00     0.00    0.00    0.00    0.01   0.54
loop24           0.08      0.60     0.00   0.00   35.25     7.96    0.00      0.00     0.00   0.00    0.00     0.00    0.00      0.00     0.00   0.00    0.00     0.00    0.00    0.00    0.00   0.27
loop25           0.07      0.55     0.00   0.00   69.89     7.78    0.00      0.00     0.00   0.00    0.00     0.00    0.00      0.00     0.00   0.00    0.00     0.00    0.00    0.00    0.00   0.50
loop26           0.09      0.58     0.00   0.00   65.31     6.73    0.00      0.00     0.00   0.00    0.00     0.00    0.00      0.00     0.00   0.00    0.00     0.00    0.00    0.00    0.01   0.57
loop27           0.03      0.09     0.00   0.00   68.86     2.81    0.00      0.00     0.00   0.00    0.00     0.00    0.00      0.00     0.00   0.00    0.00     0.00    0.00    0.00    0.00   0.23
loop28           0.07      0.81     0.00   0.00   33.23    11.91    0.00      0.00     0.00   0.00    0.00     0.00    0.00      0.00     0.00   0.00    0.00     0.00    0.00    0.00    0.00   0.23
loop29           0.09      1.70     0.00   0.00   63.49    19.55    0.00      0.00     0.00   0.00    0.00     0.00    0.00      0.00     0.00   0.00    0.00     0.00    0.00    0.00    0.01   0.36
loop3            0.07      0.55     0.00   0.00   41.95     8.07    0.00      0.00     0.00   0.00    0.00     0.00    0.00      0.00     0.00   0.00    0.00     0.00    0.00    0.00    0.00   0.28
loop30           0.10      1.81     0.00   0.00   70.00    18.17    0.00      0.00     0.00   0.00    0.00     0.00    0.00      0.00     0.00   0.00    0.00     0.00    0.00    0.00    0.01   0.55
loop31           0.02      0.02     0.00   0.00    0.00     1.27    0.00      0.00     0.00   0.00    0.00     0.00    0.00      0.00     0.00   0.00    0.00     0.00    0.00    0.00    0.00   0.00
loop4            0.08      0.57     0.00   0.00   64.83     7.48    0.00      0.00     0.00   0.00    0.00     0.00    0.00      0.00     0.00   0.00    0.00     0.00    0.00    0.00    0.00   0.49
loop5            0.07      0.55     0.00   0.00   30.07     7.76    0.00      0.00     0.00   0.00    0.00     0.00    0.00      0.00     0.00   0.00    0.00     0.00    0.00    0.00    0.00   0.21
loop6            0.08      0.57     0.00   0.00  126.90     7.22    0.00      0.00     0.00   0.00    0.00     0.00    0.00      0.00     0.00   0.00    0.00     0.00    0.00    0.00    0.01   1.00
loop7            0.09      1.71     0.00   0.00  129.69    19.71    0.00      0.00     0.00   0.00    0.00     0.00    0.00      0.00     0.00   0.00    0.00     0.00    0.00    0.00    0.01   1.00
loop8            0.50      2.64     0.00   0.00   17.74     5.27    0.00      0.00     0.00   0.00    0.00     0.00    0.00      0.00     0.00   0.00    0.00     0.00    0.00    0.00    0.01   0.83
loop9            0.09      1.69     0.00   0.00   95.67    18.47    0.00      0.00     0.00   0.00    0.00     0.00    0.00      0.00     0.00   0.00    0.00     0.00    0.00    0.00    0.01   0.57
sda            127.18   6237.75    61.69  32.66   76.88    49.05   19.67    682.08    19.53  49.82   34.87    34.67    0.00      0.00     0.00   0.00    0.00     0.00    2.76   77.30   10.68  80.93
sdb              1.78    100.26     0.00   0.09    4.55    56.47    0.00      0.00     0.00   0.00    0.00     0.00    0.00      0.00     0.00   0.00    0.00     0.00    0.00    0.00    0.01   0.53
sdc              1.73     99.93     0.00   0.09    3.86    57.93    0.00      0.00     0.00   0.00    0.00     0.00    0.00      0.00     0.00   0.00    0.00     0.00    0.00    0.00    0.01   0.39


avg-cpu:  %user   %nice %system %iowait  %steal   %idle
          51.64    0.00    1.26    0.25    0.00   46.85

Device            r/s     rkB/s   rrqm/s  %rrqm r_await rareq-sz     w/s     wkB/s   wrqm/s  %wrqm w_await wareq-sz     d/s     dkB/s   drqm/s  %drqm d_await dareq-sz     f/s f_await  aqu-sz  %util


[2026-09-25 12:43:13 +0530] EVENT: Kernel warning/error detected
-- No entries --
[2026-09-25 12:44:16 +0530] EVENT: HIGH I/O WAIT detected: 60.22%
[2026-09-25 12:44:13 +0530]
    PID    PPID USER     STAT WCHAN                                    %CPU %MEM     ELAPSED COMMAND         COMMAND
   6021       2 root     D<   -                                         0.0  0.0       06:59 kworker/u9:3+i9 [kworker/u9:3+i915_flip]

Linux 6.8.0-139-generic (dkvlko-HP-ENVY-15-Notebook-PC) 	25/09/26 	_x86_64_	(4 CPU)

avg-cpu:  %user   %nice %system %iowait  %steal   %idle
          12.98    1.05    3.90   59.94    0.00   22.13

Device            r/s     rkB/s   rrqm/s  %rrqm r_await rareq-sz     w/s     wkB/s   wrqm/s  %wrqm w_await wareq-sz     d/s     dkB/s   drqm/s  %drqm d_await dareq-sz     f/s f_await  aqu-sz  %util
loop0            0.06      0.50     0.00   0.00  137.60     8.09    0.00      0.00     0.00   0.00    0.00     0.00    0.00      0.00     0.00   0.00    0.00     0.00    0.00    0.00    0.01   0.85
loop1            0.02      0.02     0.00   0.00    3.21     1.21    0.00      0.00     0.00   0.00    0.00     0.00    0.00      0.00     0.00   0.00    0.00     0.00    0.00    0.00    0.00   0.01
loop10           0.53      6.61     0.00   0.00   37.93    12.51    0.00      0.00     0.00   0.00    0.00     0.00    0.00      0.00     0.00   0.00    0.00     0.00    0.00    0.00    0.02   1.84
loop11           0.06      0.50     0.00   0.00   34.81     8.09    0.00      0.00     0.00   0.00    0.00     0.00    0.00      0.00     0.00   0.00    0.00     0.00    0.00    0.00    0.00   0.21
loop12           0.07      0.55     0.00   0.00   82.68     8.15    0.00      0.00     0.00   0.00    0.00     0.00    0.00      0.00     0.00   0.00    0.00     0.00    0.00    0.00    0.01   0.56
loop13           0.09      1.56     0.00   0.00   86.00    17.89    0.00      0.00     0.00   0.00    0.00     0.00    0.00      0.00     0.00   0.00    0.00     0.00    0.00    0.00    0.01   0.62
loop14           0.08      1.59     0.00   0.00  122.27    18.78    0.00      0.00     0.00   0.00    0.00     0.00    0.00      0.00     0.00   0.00    0.00     0.00    0.00    0.00    0.01   0.91
loop15           0.08      1.53     0.00   0.00  176.78    19.85    0.00      0.00     0.00   0.00    0.00     0.00    0.00      0.00     0.00   0.00    0.00     0.00    0.00    0.00    0.01   0.82
loop16           1.95     34.61     0.00   0.00   31.92    17.76    0.00      0.00     0.00   0.00    0.00     0.00    0.00      0.00     0.00   0.00    0.00     0.00    0.00    0.00    0.06   4.84
loop17           2.52      7.61     0.00   0.00    4.75     3.02    0.00      0.00     0.00   0.00    0.00     0.00    0.00      0.00     0.00   0.00    0.00     0.00    0.00    0.00    0.01   0.73
loop18           0.08      1.55     0.00   0.00   98.50    20.00    0.00      0.00     0.00   0.00    0.00     0.00    0.00      0.00     0.00   0.00    0.00     0.00    0.00    0.00    0.01   0.47
loop19           0.09      1.63     0.00   0.00  111.81    18.03    0.00      0.00     0.00   0.00    0.00     0.00    0.00      0.00     0.00   0.00    0.00     0.00    0.00    0.00    0.01   0.49
loop2            0.25      9.16     0.00   0.00   51.54    36.57    0.00      0.00     0.00   0.00    0.00     0.00    0.00      0.00     0.00   0.00    0.00     0.00    0.00    0.00    0.01   1.29
loop20           0.09      1.56     0.00   0.00  162.47    18.15    0.00      0.00     0.00   0.00    0.00     0.00    0.00      0.00     0.00   0.00    0.00     0.00    0.00    0.00    0.01   0.68
loop21           0.07      1.55     0.00   0.00  122.79    20.87    0.00      0.00     0.00   0.00    0.00     0.00    0.00      0.00     0.00   0.00    0.00     0.00    0.00    0.00    0.01   0.84
loop22           1.12     48.48     0.00   0.00   24.98    43.26    0.00      0.00     0.00   0.00    0.00     0.00    0.00      0.00     0.00   0.00    0.00     0.00    0.00    0.00    0.03   2.79
loop23           0.06      0.50     0.00   0.00   79.16     8.07    0.00      0.00     0.00   0.00    0.00     0.00    0.00      0.00     0.00   0.00    0.00     0.00    0.00    0.00    0.00   0.49
loop24           0.07      0.55     0.00   0.00   35.25     7.96    0.00      0.00     0.00   0.00    0.00     0.00    0.00      0.00     0.00   0.00    0.00     0.00    0.00    0.00    0.00   0.24
loop25           0.06      0.50     0.00   0.00   69.89     7.78    0.00      0.00     0.00   0.00    0.00     0.00    0.00      0.00     0.00   0.00    0.00     0.00    0.00    0.00    0.00   0.45
loop26           0.08      0.53     0.00   0.00   65.31     6.73    0.00      0.00     0.00   0.00    0.00     0.00    0.00      0.00     0.00   0.00    0.00     0.00    0.00    0.00    0.01   0.51
loop27           0.03      0.08     0.00   0.00   68.86     2.81    0.00      0.00     0.00   0.00    0.00     0.00    0.00      0.00     0.00   0.00    0.00     0.00    0.00    0.00    0.00   0.21
loop28           0.06      0.73     0.00   0.00   33.23    11.91    0.00      0.00     0.00   0.00    0.00     0.00    0.00      0.00     0.00   0.00    0.00     0.00    0.00    0.00    0.00   0.20
loop29           0.08      1.54     0.00   0.00   63.49    19.55    0.00      0.00     0.00   0.00    0.00     0.00    0.00      0.00     0.00   0.00    0.00     0.00    0.00    0.00    0.00   0.33
loop3            0.06      0.50     0.00   0.00   41.95     8.07    0.00      0.00     0.00   0.00    0.00     0.00    0.00      0.00     0.00   0.00    0.00     0.00    0.00    0.00    0.00   0.26
loop30           0.09      1.64     0.00   0.00   70.00    18.17    0.00      0.00     0.00   0.00    0.00     0.00    0.00      0.00     0.00   0.00    0.00     0.00    0.00    0.00    0.01   0.50
loop31           0.02      0.02     0.00   0.00    0.00     1.27    0.00      0.00     0.00   0.00    0.00     0.00    0.00      0.00     0.00   0.00    0.00     0.00    0.00    0.00    0.00   0.00
loop4            0.07      0.51     0.00   0.00   64.83     7.48    0.00      0.00     0.00   0.00    0.00     0.00    0.00      0.00     0.00   0.00    0.00     0.00    0.00    0.00    0.00   0.45
loop5            0.06      0.50     0.00   0.00   30.07     7.76    0.00      0.00     0.00   0.00    0.00     0.00    0.00      0.00     0.00   0.00    0.00     0.00    0.00    0.00    0.00   0.19
loop6            0.07      0.52     0.00   0.00  126.90     7.22    0.00      0.00     0.00   0.00    0.00     0.00    0.00      0.00     0.00   0.00    0.00     0.00    0.00    0.00    0.01   0.91
loop7            0.08      1.55     0.00   0.00  129.69    19.71    0.00      0.00     0.00   0.00    0.00     0.00    0.00      0.00     0.00   0.00    0.00     0.00    0.00    0.00    0.01   0.91
loop8            0.45      2.39     0.00   0.00   17.74     5.27    0.00      0.00     0.00   0.00    0.00     0.00    0.00      0.00     0.00   0.00    0.00     0.00    0.00    0.00    0.01   0.75
loop9            0.08      1.53     0.00   0.00   95.67    18.47    0.00      0.00     0.00   0.00    0.00     0.00    0.00      0.00     0.00   0.00    0.00     0.00    0.00    0.00    0.01   0.51
sda            115.50   5667.55    56.03  32.67   76.84    49.07   18.65    640.75    18.29  49.51   33.54    34.35    0.00      0.00     0.00   0.00    0.00     0.00    2.61   74.87    9.70  73.72
sdb              1.61     91.00     0.00   0.09    4.55    56.47    0.00      0.00     0.00   0.00    0.00     0.00    0.00      0.00     0.00   0.00    0.00     0.00    0.00    0.00    0.01   0.49
sdc              1.57     90.71     0.00   0.09    3.86    57.93    0.00      0.00     0.00   0.00    0.00     0.00    0.00      0.00     0.00   0.00    0.00     0.00    0.00    0.00    0.01   0.35


avg-cpu:  %user   %nice %system %iowait  %steal   %idle
           3.02    0.00    1.01    0.00    0.00   95.97

Device            r/s     rkB/s   rrqm/s  %rrqm r_await rareq-sz     w/s     wkB/s   wrqm/s  %wrqm w_await wareq-sz     d/s     dkB/s   drqm/s  %drqm d_await dareq-sz     f/s f_await  aqu-sz  %util
sda              0.00      0.00     0.00   0.00    0.00     0.00    1.00     36.00     8.00  88.89    0.00    36.00    0.00      0.00     0.00   0.00    0.00     0.00    0.00    0.00    0.00   0.00


[2026-09-25 12:44:17 +0530] EVENT: Kernel warning/error detected
-- No entries --
[2026-09-25 12:45:21 +0530] EVENT: HIGH I/O WAIT detected: 55.12%
[2026-09-25 12:45:17 +0530]
    PID    PPID USER     STAT WCHAN                                    %CPU %MEM     ELAPSED COMMAND         COMMAND
   6021       2 root     D<   -                                         0.0  0.0       08:03 kworker/u9:3+i9 [kworker/u9:3+i915_flip]

Linux 6.8.0-139-generic (dkvlko-HP-ENVY-15-Notebook-PC) 	25/09/26 	_x86_64_	(4 CPU)

avg-cpu:  %user   %nice %system %iowait  %steal   %idle
          12.26    0.96    3.79   54.88    0.00   28.10

Device            r/s     rkB/s   rrqm/s  %rrqm r_await rareq-sz     w/s     wkB/s   wrqm/s  %wrqm w_await wareq-sz     d/s     dkB/s   drqm/s  %drqm d_await dareq-sz     f/s f_await  aqu-sz  %util
loop0            0.06      0.46     0.00   0.00  137.60     8.09    0.00      0.00     0.00   0.00    0.00     0.00    0.00      0.00     0.00   0.00    0.00     0.00    0.00    0.00    0.01   0.78
loop1            0.02      0.02     0.00   0.00    3.21     1.21    0.00      0.00     0.00   0.00    0.00     0.00    0.00      0.00     0.00   0.00    0.00     0.00    0.00    0.00    0.00   0.01
loop10           0.48      6.05     0.00   0.00   37.93    12.51    0.00      0.00     0.00   0.00    0.00     0.00    0.00      0.00     0.00   0.00    0.00     0.00    0.00    0.00    0.02   1.68
loop11           0.06      0.46     0.00   0.00   34.81     8.09    0.00      0.00     0.00   0.00    0.00     0.00    0.00      0.00     0.00   0.00    0.00     0.00    0.00    0.00    0.00   0.20
loop12           0.06      0.50     0.00   0.00   82.68     8.15    0.00      0.00     0.00   0.00    0.00     0.00    0.00      0.00     0.00   0.00    0.00     0.00    0.00    0.00    0.01   0.51
loop13           0.08      1.43     0.00   0.00   86.00    17.89    0.00      0.00     0.00   0.00    0.00     0.00    0.00      0.00     0.00   0.00    0.00     0.00    0.00    0.00    0.01   0.57
loop14           0.08      1.45     0.00   0.00  122.27    18.78    0.00      0.00     0.00   0.00    0.00     0.00    0.00      0.00     0.00   0.00    0.00     0.00    0.00    0.00    0.01   0.84
loop15           0.07      1.40     0.00   0.00  176.78    19.85    0.00      0.00     0.00   0.00    0.00     0.00    0.00      0.00     0.00   0.00    0.00     0.00    0.00    0.00    0.01   0.75
loop16           1.78     31.68     0.00   0.00   31.92    17.76    0.00      0.00     0.00   0.00    0.00     0.00    0.00      0.00     0.00   0.00    0.00     0.00    0.00    0.00    0.06   4.43
loop17           2.31      6.97     0.00   0.00    4.75     3.02    0.00      0.00     0.00   0.00    0.00     0.00    0.00      0.00     0.00   0.00    0.00     0.00    0.00    0.00    0.01   0.67
loop18           0.07      1.42     0.00   0.00   98.50    20.00    0.00      0.00     0.00   0.00    0.00     0.00    0.00      0.00     0.00   0.00    0.00     0.00    0.00    0.00    0.01   0.43
loop19           0.08      1.49     0.00   0.00  111.81    18.03    0.00      0.00     0.00   0.00    0.00     0.00    0.00      0.00     0.00   0.00    0.00     0.00    0.00    0.00    0.01   0.45
loop2            0.23      8.39     0.00   0.00   51.54    36.57    0.00      0.00     0.00   0.00    0.00     0.00    0.00      0.00     0.00   0.00    0.00     0.00    0.00    0.00    0.01   1.18
loop20           0.08      1.43     0.00   0.00  162.47    18.15    0.00      0.00     0.00   0.00    0.00     0.00    0.00      0.00     0.00   0.00    0.00     0.00    0.00    0.00    0.01   0.63
loop21           0.07      1.42     0.00   0.00  122.79    20.87    0.00      0.00     0.00   0.00    0.00     0.00    0.00      0.00     0.00   0.00    0.00     0.00    0.00    0.00    0.01   0.77
loop22           1.03     44.38     0.00   0.00   24.98    43.26    0.00      0.00     0.00   0.00    0.00     0.00    0.00      0.00     0.00   0.00    0.00     0.00    0.00    0.00    0.03   2.55
loop23           0.06      0.45     0.00   0.00   79.16     8.07    0.00      0.00     0.00   0.00    0.00     0.00    0.00      0.00     0.00   0.00    0.00     0.00    0.00    0.00    0.00   0.45
loop24           0.06      0.50     0.00   0.00   35.25     7.96    0.00      0.00     0.00   0.00    0.00     0.00    0.00      0.00     0.00   0.00    0.00     0.00    0.00    0.00    0.00   0.22
loop25           0.06      0.46     0.00   0.00   69.89     7.78    0.00      0.00     0.00   0.00    0.00     0.00    0.00      0.00     0.00   0.00    0.00     0.00    0.00    0.00    0.00   0.41
loop26           0.07      0.48     0.00   0.00   65.31     6.73    0.00      0.00     0.00   0.00    0.00     0.00    0.00      0.00     0.00   0.00    0.00     0.00    0.00    0.00    0.00   0.47
loop27           0.03      0.08     0.00   0.00   68.86     2.81    0.00      0.00     0.00   0.00    0.00     0.00    0.00      0.00     0.00   0.00    0.00     0.00    0.00    0.00    0.00   0.19
loop28           0.06      0.67     0.00   0.00   33.23    11.91    0.00      0.00     0.00   0.00    0.00     0.00    0.00      0.00     0.00   0.00    0.00     0.00    0.00    0.00    0.00   0.19
loop29           0.07      1.41     0.00   0.00   63.49    19.55    0.00      0.00     0.00   0.00    0.00     0.00    0.00      0.00     0.00   0.00    0.00     0.00    0.00    0.00    0.00   0.30
loop3            0.06      0.45     0.00   0.00   41.95     8.07    0.00      0.00     0.00   0.00    0.00     0.00    0.00      0.00     0.00   0.00    0.00     0.00    0.00    0.00    0.00   0.24
loop30           0.08      1.50     0.00   0.00   70.00    18.17    0.00      0.00     0.00   0.00    0.00     0.00    0.00      0.00     0.00   0.00    0.00     0.00    0.00    0.00    0.01   0.46
loop31           0.01      0.02     0.00   0.00    0.00     1.27    0.00      0.00     0.00   0.00    0.00     0.00    0.00      0.00     0.00   0.00    0.00     0.00    0.00    0.00    0.00   0.00
loop4            0.06      0.47     0.00   0.00   64.83     7.48    0.00      0.00     0.00   0.00    0.00     0.00    0.00      0.00     0.00   0.00    0.00     0.00    0.00    0.00    0.00   0.41
loop5            0.06      0.46     0.00   0.00   30.07     7.76    0.00      0.00     0.00   0.00    0.00     0.00    0.00      0.00     0.00   0.00    0.00     0.00    0.00    0.00    0.00   0.18
loop6            0.07      0.47     0.00   0.00  126.90     7.22    0.00      0.00     0.00   0.00    0.00     0.00    0.00      0.00     0.00   0.00    0.00     0.00    0.00    0.00    0.01   0.83
loop7            0.07      1.42     0.00   0.00  129.69    19.71    0.00      0.00     0.00   0.00    0.00     0.00    0.00      0.00     0.00   0.00    0.00     0.00    0.00    0.00    0.01   0.83
loop8            0.42      2.20     0.00   0.00   17.62     5.26    0.00      0.00     0.00   0.00    0.00     0.00    0.00      0.00     0.00   0.00    0.00     0.00    0.00    0.00    0.01   0.69
loop9            0.08      1.40     0.00   0.00   95.67    18.47    0.00      0.00     0.00   0.00    0.00     0.00    0.00      0.00     0.00   0.00    0.00     0.00    0.00    0.00    0.01   0.47
sda            105.94   5190.43    51.30  32.63   76.70    48.99   17.71    591.18    17.27  49.36   32.54    33.38    0.00      0.00     0.00   0.00    0.00     0.00    2.50   71.97    8.88  67.69
sdb              1.48     83.32     0.00   0.09    4.55    56.47    0.00      0.00     0.00   0.00    0.00     0.00    0.00      0.00     0.00   0.00    0.00     0.00    0.00    0.00    0.01   0.44
sdc              1.43     83.04     0.00   0.09    3.86    57.93    0.00      0.00     0.00   0.00    0.00     0.00    0.00      0.00     0.00   0.00    0.00     0.00    0.00    0.00    0.01   0.32


avg-cpu:  %user   %nice %system %iowait  %steal   %idle
           2.02    0.00    0.50    0.00    0.00   97.48

Device            r/s     rkB/s   rrqm/s  %rrqm r_await rareq-sz     w/s     wkB/s   wrqm/s  %wrqm w_await wareq-sz     d/s     dkB/s   drqm/s  %drqm d_await dareq-sz     f/s f_await  aqu-sz  %util


[2026-09-25 12:45:22 +0530] EVENT: Kernel warning/error detected
-- No entries --
[2026-09-25 12:46:25 +0530] EVENT: HIGH I/O WAIT detected: 50.81%
[2026-09-25 12:46:22 +0530]
    PID    PPID USER     STAT WCHAN                                    %CPU %MEM     ELAPSED COMMAND         COMMAND
   6021       2 root     D<   -                                         0.0  0.0       09:07 kworker/u9:3+i9 [kworker/u9:3+i915_flip]

Linux 6.8.0-139-generic (dkvlko-HP-ENVY-15-Notebook-PC) 	25/09/26 	_x86_64_	(4 CPU)

avg-cpu:  %user   %nice %system %iowait  %steal   %idle
          11.55    0.89    3.68   50.61    0.00   33.28

Device            r/s     rkB/s   rrqm/s  %rrqm r_await rareq-sz     w/s     wkB/s   wrqm/s  %wrqm w_await wareq-sz     d/s     dkB/s   drqm/s  %drqm d_await dareq-sz     f/s f_await  aqu-sz  %util
loop0            0.05      0.42     0.00   0.00  137.60     8.09    0.00      0.00     0.00   0.00    0.00     0.00    0.00      0.00     0.00   0.00    0.00     0.00    0.00    0.00    0.01   0.71
loop1            0.02      0.02     0.00   0.00    3.21     1.21    0.00      0.00     0.00   0.00    0.00     0.00    0.00      0.00     0.00   0.00    0.00     0.00    0.00    0.00    0.00   0.01
loop10           0.45      5.58     0.00   0.00   37.93    12.51    0.00      0.00     0.00   0.00    0.00     0.00    0.00      0.00     0.00   0.00    0.00     0.00    0.00    0.00    0.02   1.55
loop11           0.05      0.42     0.00   0.00   34.81     8.09    0.00      0.00     0.00   0.00    0.00     0.00    0.00      0.00     0.00   0.00    0.00     0.00    0.00    0.00    0.00   0.18
loop12           0.06      0.46     0.00   0.00   82.68     8.15    0.00      0.00     0.00   0.00    0.00     0.00    0.00      0.00     0.00   0.00    0.00     0.00    0.00    0.00    0.00   0.47
loop13           0.07      1.32     0.00   0.00   86.00    17.89    0.00      0.00     0.00   0.00    0.00     0.00    0.00      0.00     0.00   0.00    0.00     0.00    0.00    0.00    0.01   0.52
loop14           0.07      1.34     0.00   0.00  122.27    18.78    0.00      0.00     0.00   0.00    0.00     0.00    0.00      0.00     0.00   0.00    0.00     0.00    0.00    0.00    0.01   0.77
loop15           0.07      1.30     0.00   0.00  176.78    19.85    0.00      0.00     0.00   0.00    0.00     0.00    0.00      0.00     0.00   0.00    0.00     0.00    0.00    0.00    0.01   0.69
loop16           1.64     29.21     0.00   0.00   31.92    17.76    0.00      0.00     0.00   0.00    0.00     0.00    0.00      0.00     0.00   0.00    0.00     0.00    0.00    0.00    0.05   4.09
loop17           2.13      6.43     0.00   0.00    4.75     3.02    0.00      0.00     0.00   0.00    0.00     0.00    0.00      0.00     0.00   0.00    0.00     0.00    0.00    0.00    0.01   0.62
loop18           0.07      1.30     0.00   0.00   98.50    20.00    0.00      0.00     0.00   0.00    0.00     0.00    0.00      0.00     0.00   0.00    0.00     0.00    0.00    0.00    0.01   0.40
loop19           0.08      1.37     0.00   0.00  111.81    18.03    0.00      0.00     0.00   0.00    0.00     0.00    0.00      0.00     0.00   0.00    0.00     0.00    0.00    0.00    0.01   0.41
loop2            0.21      7.73     0.00   0.00   51.54    36.57    0.00      0.00     0.00   0.00    0.00     0.00    0.00      0.00     0.00   0.00    0.00     0.00    0.00    0.00    0.01   1.09
loop20           0.07      1.32     0.00   0.00  162.47    18.15    0.00      0.00     0.00   0.00    0.00     0.00    0.00      0.00     0.00   0.00    0.00     0.00    0.00    0.00    0.01   0.58
loop21           0.06      1.31     0.00   0.00  122.79    20.87    0.00      0.00     0.00   0.00    0.00     0.00    0.00      0.00     0.00   0.00    0.00     0.00    0.00    0.00    0.01   0.71
loop22           0.95     40.92     0.00   0.00   24.98    43.26    0.00      0.00     0.00   0.00    0.00     0.00    0.00      0.00     0.00   0.00    0.00     0.00    0.00    0.00    0.02   2.35
loop23           0.05      0.42     0.00   0.00   79.16     8.07    0.00      0.00     0.00   0.00    0.00     0.00    0.00      0.00     0.00   0.00    0.00     0.00    0.00    0.00    0.00   0.41
loop24           0.06      0.46     0.00   0.00   35.25     7.96    0.00      0.00     0.00   0.00    0.00     0.00    0.00      0.00     0.00   0.00    0.00     0.00    0.00    0.00    0.00   0.20
loop25           0.05      0.42     0.00   0.00   69.89     7.78    0.00      0.00     0.00   0.00    0.00     0.00    0.00      0.00     0.00   0.00    0.00     0.00    0.00    0.00    0.00   0.38
loop26           0.07      0.45     0.00   0.00   65.31     6.73    0.00      0.00     0.00   0.00    0.00     0.00    0.00      0.00     0.00   0.00    0.00     0.00    0.00    0.00    0.00   0.43
loop27           0.03      0.07     0.00   0.00   68.86     2.81    0.00      0.00     0.00   0.00    0.00     0.00    0.00      0.00     0.00   0.00    0.00     0.00    0.00    0.00    0.00   0.17
loop28           0.05      0.62     0.00   0.00   33.23    11.91    0.00      0.00     0.00   0.00    0.00     0.00    0.00      0.00     0.00   0.00    0.00     0.00    0.00    0.00    0.00   0.17
loop29           0.07      1.30     0.00   0.00   63.49    19.55    0.00      0.00     0.00   0.00    0.00     0.00    0.00      0.00     0.00   0.00    0.00     0.00    0.00    0.00    0.00   0.28
loop3            0.05      0.42     0.00   0.00   41.95     8.07    0.00      0.00     0.00   0.00    0.00     0.00    0.00      0.00     0.00   0.00    0.00     0.00    0.00    0.00    0.00   0.22
loop30           0.08      1.38     0.00   0.00   70.00    18.17    0.00      0.00     0.00   0.00    0.00     0.00    0.00      0.00     0.00   0.00    0.00     0.00    0.00    0.00    0.01   0.42
loop31           0.01      0.02     0.00   0.00    0.00     1.27    0.00      0.00     0.00   0.00    0.00     0.00    0.00      0.00     0.00   0.00    0.00     0.00    0.00    0.00    0.00   0.00
loop4            0.06      0.43     0.00   0.00   64.83     7.48    0.00      0.00     0.00   0.00    0.00     0.00    0.00      0.00     0.00   0.00    0.00     0.00    0.00    0.00    0.00   0.38
loop5            0.05      0.42     0.00   0.00   30.07     7.76    0.00      0.00     0.00   0.00    0.00     0.00    0.00      0.00     0.00   0.00    0.00     0.00    0.00    0.00    0.00   0.16
loop6            0.06      0.44     0.00   0.00  126.90     7.22    0.00      0.00     0.00   0.00    0.00     0.00    0.00      0.00     0.00   0.00    0.00     0.00    0.00    0.00    0.01   0.77
loop7            0.07      1.31     0.00   0.00  129.69    19.71    0.00      0.00     0.00   0.00    0.00     0.00    0.00      0.00     0.00   0.00    0.00     0.00    0.00    0.00    0.01   0.76
loop8            0.39      2.03     0.00   0.00   17.62     5.26    0.00      0.00     0.00   0.00    0.00     0.00    0.00      0.00     0.00   0.00    0.00     0.00    0.00    0.00    0.01   0.63
loop9            0.07      1.29     0.00   0.00   95.67    18.47    0.00      0.00     0.00   0.00    0.00     0.00    0.00      0.00     0.00   0.00    0.00     0.00    0.00    0.00    0.01   0.43
sda             97.69   4786.09    47.30  32.63   76.70    48.99   16.86    548.96    16.34  49.22   31.61    32.56    0.00      0.00     0.00   0.00    0.00     0.00    2.39   69.80    8.19  62.53
sdb              1.36     76.83     0.00   0.09    4.55    56.47    0.00      0.00     0.00   0.00    0.00     0.00    0.00      0.00     0.00   0.00    0.00     0.00    0.00    0.00    0.01   0.41
sdc              1.32     76.57     0.00   0.09    3.86    57.93    0.00      0.00     0.00   0.00    0.00     0.00    0.00      0.00     0.00   0.00    0.00     0.00    0.00    0.00    0.01   0.30


avg-cpu:  %user   %nice %system %iowait  %steal   %idle
           1.51    0.00    0.50    0.00    0.00   97.98

Device            r/s     rkB/s   rrqm/s  %rrqm r_await rareq-sz     w/s     wkB/s   wrqm/s  %wrqm w_await wareq-sz     d/s     dkB/s   drqm/s  %drqm d_await dareq-sz     f/s f_await  aqu-sz  %util


[2026-09-25 12:46:26 +0530] EVENT: Kernel warning/error detected
-- No entries --
[2026-09-25 12:47:29 +0530] EVENT: HIGH I/O WAIT detected: 47.13%
[2026-09-25 12:47:26 +0530]
    PID    PPID USER     STAT WCHAN                                    %CPU %MEM     ELAPSED COMMAND         COMMAND
   6021       2 root     D<   -                                         0.0  0.0       10:12 kworker/u9:3+i9 [kworker/u9:3+i915_flip]

Linux 6.8.0-139-generic (dkvlko-HP-ENVY-15-Notebook-PC) 	25/09/26 	_x86_64_	(4 CPU)

avg-cpu:  %user   %nice %system %iowait  %steal   %idle
          10.95    0.83    3.58   46.96    0.00   37.68

Device            r/s     rkB/s   rrqm/s  %rrqm r_await rareq-sz     w/s     wkB/s   wrqm/s  %wrqm w_await wareq-sz     d/s     dkB/s   drqm/s  %drqm d_await dareq-sz     f/s f_await  aqu-sz  %util
loop0            0.05      0.39     0.00   0.00  137.60     8.09    0.00      0.00     0.00   0.00    0.00     0.00    0.00      0.00     0.00   0.00    0.00     0.00    0.00    0.00    0.01   0.66
loop1            0.02      0.02     0.00   0.00    3.21     1.21    0.00      0.00     0.00   0.00    0.00     0.00    0.00      0.00     0.00   0.00    0.00     0.00    0.00    0.00    0.00   0.01
loop10           0.41      5.17     0.00   0.00   37.93    12.51    0.00      0.00     0.00   0.00    0.00     0.00    0.00      0.00     0.00   0.00    0.00     0.00    0.00    0.00    0.02   1.44
loop11           0.05      0.39     0.00   0.00   34.81     8.09    0.00      0.00     0.00   0.00    0.00     0.00    0.00      0.00     0.00   0.00    0.00     0.00    0.00    0.00    0.00   0.17
loop12           0.05      0.43     0.00   0.00   82.68     8.15    0.00      0.00     0.00   0.00    0.00     0.00    0.00      0.00     0.00   0.00    0.00     0.00    0.00    0.00    0.00   0.44
loop13           0.07      1.22     0.00   0.00   86.00    17.89    0.00      0.00     0.00   0.00    0.00     0.00    0.00      0.00     0.00   0.00    0.00     0.00    0.00    0.00    0.01   0.48
loop14           0.07      1.24     0.00   0.00  122.27    18.78    0.00      0.00     0.00   0.00    0.00     0.00    0.00      0.00     0.00   0.00    0.00     0.00    0.00    0.00    0.01   0.71
loop15           0.06      1.20     0.00   0.00  176.78    19.85    0.00      0.00     0.00   0.00    0.00     0.00    0.00      0.00     0.00   0.00    0.00     0.00    0.00    0.00    0.01   0.64
loop16           1.53     27.10     0.00   0.00   31.92    17.76    0.00      0.00     0.00   0.00    0.00     0.00    0.00      0.00     0.00   0.00    0.00     0.00    0.00    0.00    0.05   3.79
loop17           1.98      5.96     0.00   0.00    4.75     3.02    0.00      0.00     0.00   0.00    0.00     0.00    0.00      0.00     0.00   0.00    0.00     0.00    0.00    0.00    0.01   0.57
loop18           0.06      1.21     0.00   0.00   98.50    20.00    0.00      0.00     0.00   0.00    0.00     0.00    0.00      0.00     0.00   0.00    0.00     0.00    0.00    0.00    0.01   0.37
loop19           0.07      1.27     0.00   0.00  111.81    18.03    0.00      0.00     0.00   0.00    0.00     0.00    0.00      0.00     0.00   0.00    0.00     0.00    0.00    0.00    0.01   0.38
loop2            0.20      7.17     0.00   0.00   51.54    36.57    0.00      0.00     0.00   0.00    0.00     0.00    0.00      0.00     0.00   0.00    0.00     0.00    0.00    0.00    0.01   1.01
loop20           0.07      1.22     0.00   0.00  162.47    18.15    0.00      0.00     0.00   0.00    0.00     0.00    0.00      0.00     0.00   0.00    0.00     0.00    0.00    0.00    0.01   0.54
loop21           0.06      1.22     0.00   0.00  122.79    20.87    0.00      0.00     0.00   0.00    0.00     0.00    0.00      0.00     0.00   0.00    0.00     0.00    0.00    0.00    0.01   0.66
loop22           0.88     37.97     0.00   0.00   24.98    43.26    0.00      0.00     0.00   0.00    0.00     0.00    0.00      0.00     0.00   0.00    0.00     0.00    0.00    0.00    0.02   2.18
loop23           0.05      0.39     0.00   0.00   79.16     8.07    0.00      0.00     0.00   0.00    0.00     0.00    0.00      0.00     0.00   0.00    0.00     0.00    0.00    0.00    0.00   0.38
loop24           0.05      0.43     0.00   0.00   35.25     7.96    0.00      0.00     0.00   0.00    0.00     0.00    0.00      0.00     0.00   0.00    0.00     0.00    0.00    0.00    0.00   0.19
loop25           0.05      0.39     0.00   0.00   69.89     7.78    0.00      0.00     0.00   0.00    0.00     0.00    0.00      0.00     0.00   0.00    0.00     0.00    0.00    0.00    0.00   0.35
loop26           0.06      0.41     0.00   0.00   65.31     6.73    0.00      0.00     0.00   0.00    0.00     0.00    0.00      0.00     0.00   0.00    0.00     0.00    0.00    0.00    0.00   0.40
loop27           0.02      0.07     0.00   0.00   68.86     2.81    0.00      0.00     0.00   0.00    0.00     0.00    0.00      0.00     0.00   0.00    0.00     0.00    0.00    0.00    0.00   0.16
loop28           0.05      0.57     0.00   0.00   33.23    11.91    0.00      0.00     0.00   0.00    0.00     0.00    0.00      0.00     0.00   0.00    0.00     0.00    0.00    0.00    0.00   0.16
loop29           0.06      1.21     0.00   0.00   63.49    19.55    0.00      0.00     0.00   0.00    0.00     0.00    0.00      0.00     0.00   0.00    0.00     0.00    0.00    0.00    0.00   0.26
loop3            0.05      0.39     0.00   0.00   41.95     8.07    0.00      0.00     0.00   0.00    0.00     0.00    0.00      0.00     0.00   0.00    0.00     0.00    0.00    0.00    0.00   0.20
loop30           0.07      1.28     0.00   0.00   70.00    18.17    0.00      0.00     0.00   0.00    0.00     0.00    0.00      0.00     0.00   0.00    0.00     0.00    0.00    0.00    0.00   0.39
loop31           0.01      0.02     0.00   0.00    0.00     1.27    0.00      0.00     0.00   0.00    0.00     0.00    0.00      0.00     0.00   0.00    0.00     0.00    0.00    0.00    0.00   0.00
loop4            0.05      0.40     0.00   0.00   64.83     7.48    0.00      0.00     0.00   0.00    0.00     0.00    0.00      0.00     0.00   0.00    0.00     0.00    0.00    0.00    0.00   0.35
loop5            0.05      0.39     0.00   0.00   30.07     7.76    0.00      0.00     0.00   0.00    0.00     0.00    0.00      0.00     0.00   0.00    0.00     0.00    0.00    0.00    0.00   0.15
loop6            0.06      0.40     0.00   0.00  126.90     7.22    0.00      0.00     0.00   0.00    0.00     0.00    0.00      0.00     0.00   0.00    0.00     0.00    0.00    0.00    0.01   0.71
loop7            0.06      1.22     0.00   0.00  129.69    19.71    0.00      0.00     0.00   0.00    0.00     0.00    0.00      0.00     0.00   0.00    0.00     0.00    0.00    0.00    0.01   0.71
loop8            0.36      1.88     0.00   0.00   17.62     5.26    0.00      0.00     0.00   0.00    0.00     0.00    0.00      0.00     0.00   0.00    0.00     0.00    0.00    0.00    0.01   0.59
loop9            0.07      1.20     0.00   0.00   95.67    18.47    0.00      0.00     0.00   0.00    0.00     0.00    0.00      0.00     0.00   0.00    0.00     0.00    0.00    0.00    0.01   0.40
sda             90.63   4440.20    43.88  32.63   76.70    48.99   16.06    513.19    15.57  49.23   30.91    31.95    0.00      0.00     0.00   0.00    0.00     0.00    2.32   67.37    7.60  58.15
sdb              1.26     71.27     0.00   0.09    4.55    56.47    0.00      0.00     0.00   0.00    0.00     0.00    0.00      0.00     0.00   0.00    0.00     0.00    0.00    0.00    0.01   0.38
sdc              1.23     71.04     0.00   0.09    3.86    57.93    0.00      0.00     0.00   0.00    0.00     0.00    0.00      0.00     0.00   0.00    0.00     0.00    0.00    0.00    0.00   0.27


avg-cpu:  %user   %nice %system %iowait  %steal   %idle
           3.03    0.00    1.52    0.00    0.00   95.45

Device            r/s     rkB/s   rrqm/s  %rrqm r_await rareq-sz     w/s     wkB/s   wrqm/s  %wrqm w_await wareq-sz     d/s     dkB/s   drqm/s  %drqm d_await dareq-sz     f/s f_await  aqu-sz  %util


[2026-09-25 12:47:31 +0530] EVENT: Kernel warning/error detected
-- No entries --
[2026-09-25 12:48:34 +0530] EVENT: HIGH I/O WAIT detected: 43.97%
[2026-09-25 12:48:31 +0530]
    PID    PPID USER     STAT WCHAN                                    %CPU %MEM     ELAPSED COMMAND         COMMAND

Linux 6.8.0-139-generic (dkvlko-HP-ENVY-15-Notebook-PC) 	25/09/26 	_x86_64_	(4 CPU)

avg-cpu:  %user   %nice %system %iowait  %steal   %idle
          10.44    0.78    3.51   43.81    0.00   41.46

Device            r/s     rkB/s   rrqm/s  %rrqm r_await rareq-sz     w/s     wkB/s   wrqm/s  %wrqm w_await wareq-sz     d/s     dkB/s   drqm/s  %drqm d_await dareq-sz     f/s f_await  aqu-sz  %util
loop0            0.04      0.36     0.00   0.00  137.60     8.09    0.00      0.00     0.00   0.00    0.00     0.00    0.00      0.00     0.00   0.00    0.00     0.00    0.00    0.00    0.01   0.62
loop1            0.01      0.02     0.00   0.00    3.21     1.21    0.00      0.00     0.00   0.00    0.00     0.00    0.00      0.00     0.00   0.00    0.00     0.00    0.00    0.00    0.00   0.00
loop10           0.39      4.83     0.00   0.00   37.93    12.51    0.00      0.00     0.00   0.00    0.00     0.00    0.00      0.00     0.00   0.00    0.00     0.00    0.00    0.00    0.01   1.34
loop11           0.04      0.36     0.00   0.00   34.81     8.09    0.00      0.00     0.00   0.00    0.00     0.00    0.00      0.00     0.00   0.00    0.00     0.00    0.00    0.00    0.00   0.16
loop12           0.05      0.40     0.00   0.00   82.68     8.15    0.00      0.00     0.00   0.00    0.00     0.00    0.00      0.00     0.00   0.00    0.00     0.00    0.00    0.00    0.00   0.41
loop13           0.06      1.14     0.00   0.00   86.00    17.89    0.00      0.00     0.00   0.00    0.00     0.00    0.00      0.00     0.00   0.00    0.00     0.00    0.00    0.00    0.01   0.45
loop14           0.06      1.16     0.00   0.00  122.27    18.78    0.00      0.00     0.00   0.00    0.00     0.00    0.00      0.00     0.00   0.00    0.00     0.00    0.00    0.00    0.01   0.67
loop15           0.06      1.12     0.00   0.00  176.78    19.85    0.00      0.00     0.00   0.00    0.00     0.00    0.00      0.00     0.00   0.00    0.00     0.00    0.00    0.00    0.01   0.60
loop16           1.42     25.28     0.00   0.00   31.92    17.76    0.00      0.00     0.00   0.00    0.00     0.00    0.00      0.00     0.00   0.00    0.00     0.00    0.00    0.00    0.05   3.53
loop17           1.84      5.56     0.00   0.00    4.75     3.02    0.00      0.00     0.00   0.00    0.00     0.00    0.00      0.00     0.00   0.00    0.00     0.00    0.00    0.00    0.01   0.54
loop18           0.06      1.13     0.00   0.00   98.50    20.00    0.00      0.00     0.00   0.00    0.00     0.00    0.00      0.00     0.00   0.00    0.00     0.00    0.00    0.00    0.01   0.34
loop19           0.07      1.19     0.00   0.00  111.81    18.03    0.00      0.00     0.00   0.00    0.00     0.00    0.00      0.00     0.00   0.00    0.00     0.00    0.00    0.00    0.01   0.36
loop2            0.18      6.69     0.00   0.00   51.54    36.57    0.00      0.00     0.00   0.00    0.00     0.00    0.00      0.00     0.00   0.00    0.00     0.00    0.00    0.00    0.01   0.94
loop20           0.06      1.14     0.00   0.00  162.47    18.15    0.00      0.00     0.00   0.00    0.00     0.00    0.00      0.00     0.00   0.00    0.00     0.00    0.00    0.00    0.01   0.50
loop21           0.05      1.13     0.00   0.00  122.79    20.87    0.00      0.00     0.00   0.00    0.00     0.00    0.00      0.00     0.00   0.00    0.00     0.00    0.00    0.00    0.01   0.62
loop22           0.82     35.41     0.00   0.00   24.98    43.26    0.00      0.00     0.00   0.00    0.00     0.00    0.00      0.00     0.00   0.00    0.00     0.00    0.00    0.00    0.02   2.03
loop23           0.04      0.36     0.00   0.00   79.16     8.07    0.00      0.00     0.00   0.00    0.00     0.00    0.00      0.00     0.00   0.00    0.00     0.00    0.00    0.00    0.00   0.36
loop24           0.05      0.40     0.00   0.00   35.25     7.96    0.00      0.00     0.00   0.00    0.00     0.00    0.00      0.00     0.00   0.00    0.00     0.00    0.00    0.00    0.00   0.18
loop25           0.05      0.37     0.00   0.00   69.89     7.78    0.00      0.00     0.00   0.00    0.00     0.00    0.00      0.00     0.00   0.00    0.00     0.00    0.00    0.00    0.00   0.33
loop26           0.06      0.39     0.00   0.00   65.31     6.73    0.00      0.00     0.00   0.00    0.00     0.00    0.00      0.00     0.00   0.00    0.00     0.00    0.00    0.00    0.00   0.38
loop27           0.02      0.06     0.00   0.00   68.86     2.81    0.00      0.00     0.00   0.00    0.00     0.00    0.00      0.00     0.00   0.00    0.00     0.00    0.00    0.00    0.00   0.15
loop28           0.04      0.54     0.00   0.00   33.23    11.91    0.00      0.00     0.00   0.00    0.00     0.00    0.00      0.00     0.00   0.00    0.00     0.00    0.00    0.00    0.00   0.15
loop29           0.06      1.12     0.00   0.00   63.49    19.55    0.00      0.00     0.00   0.00    0.00     0.00    0.00      0.00     0.00   0.00    0.00     0.00    0.00    0.00    0.00   0.24
loop3            0.04      0.36     0.00   0.00   41.95     8.07    0.00      0.00     0.00   0.00    0.00     0.00    0.00      0.00     0.00   0.00    0.00     0.00    0.00    0.00    0.00   0.19
loop30           0.07      1.20     0.00   0.00   70.00    18.17    0.00      0.00     0.00   0.00    0.00     0.00    0.00      0.00     0.00   0.00    0.00     0.00    0.00    0.00    0.00   0.37
loop31           0.01      0.01     0.00   0.00    0.00     1.27    0.00      0.00     0.00   0.00    0.00     0.00    0.00      0.00     0.00   0.00    0.00     0.00    0.00    0.00    0.00   0.00
loop4            0.05      0.38     0.00   0.00   64.83     7.48    0.00      0.00     0.00   0.00    0.00     0.00    0.00      0.00     0.00   0.00    0.00     0.00    0.00    0.00    0.00   0.33
loop5            0.05      0.36     0.00   0.00   30.07     7.76    0.00      0.00     0.00   0.00    0.00     0.00    0.00      0.00     0.00   0.00    0.00     0.00    0.00    0.00    0.00   0.14
loop6            0.05      0.38     0.00   0.00  126.90     7.22    0.00      0.00     0.00   0.00    0.00     0.00    0.00      0.00     0.00   0.00    0.00     0.00    0.00    0.00    0.01   0.66
loop7            0.06      1.13     0.00   0.00  129.69    19.71    0.00      0.00     0.00   0.00    0.00     0.00    0.00      0.00     0.00   0.00    0.00     0.00    0.00    0.00    0.01   0.66
loop8            0.33      1.75     0.00   0.00   17.62     5.26    0.00      0.00     0.00   0.00    0.00     0.00    0.00      0.00     0.00   0.00    0.00     0.00    0.00    0.00    0.01   0.55
loop9            0.06      1.12     0.00   0.00   95.67    18.47    0.00      0.00     0.00   0.00    0.00     0.00    0.00      0.00     0.00   0.00    0.00     0.00    0.00    0.00    0.01   0.37
sda             84.73   4142.92    40.93  32.57   76.52    48.90   15.42    483.55    14.94  49.21   30.14    31.36    0.00      0.00     0.00   0.00    0.00     0.00    2.24   65.49    7.09  54.38
sdb              1.18     66.47     0.00   0.09    4.55    56.47    0.00      0.00     0.00   0.00    0.00     0.00    0.00      0.00     0.00   0.00    0.00     0.00    0.00    0.00    0.01   0.35
sdc              1.14     66.25     0.00   0.09    3.86    57.93    0.00      0.00     0.00   0.00    0.00     0.00    0.00      0.00     0.00   0.00    0.00     0.00    0.00    0.00    0.00   0.26


avg-cpu:  %user   %nice %system %iowait  %steal   %idle
           4.03    0.00    1.51    0.00    0.00   94.46

Device            r/s     rkB/s   rrqm/s  %rrqm r_await rareq-sz     w/s     wkB/s   wrqm/s  %wrqm w_await wareq-sz     d/s     dkB/s   drqm/s  %drqm d_await dareq-sz     f/s f_await  aqu-sz  %util


[2026-09-25 12:48:35 +0530] EVENT: Kernel warning/error detected
-- No entries --
[2026-09-25 12:49:38 +0530] EVENT: HIGH I/O WAIT detected: 41.20%
[2026-09-25 12:49:35 +0530]
    PID    PPID USER     STAT WCHAN                                    %CPU %MEM     ELAPSED COMMAND         COMMAND

Linux 6.8.0-139-generic (dkvlko-HP-ENVY-15-Notebook-PC) 	25/09/26 	_x86_64_	(4 CPU)

avg-cpu:  %user   %nice %system %iowait  %steal   %idle
           9.96    1.18    3.46   41.06    0.00   44.34

Device            r/s     rkB/s   rrqm/s  %rrqm r_await rareq-sz     w/s     wkB/s   wrqm/s  %wrqm w_await wareq-sz     d/s     dkB/s   drqm/s  %drqm d_await dareq-sz     f/s f_await  aqu-sz  %util
loop0            0.04      0.34     0.00   0.00  137.60     8.09    0.00      0.00     0.00   0.00    0.00     0.00    0.00      0.00     0.00   0.00    0.00     0.00    0.00    0.00    0.01   0.58
loop1            0.01      0.02     0.00   0.00    3.21     1.21    0.00      0.00     0.00   0.00    0.00     0.00    0.00      0.00     0.00   0.00    0.00     0.00    0.00    0.00    0.00   0.00
loop10           0.36      4.52     0.00   0.00   37.93    12.51    0.00      0.00     0.00   0.00    0.00     0.00    0.00      0.00     0.00   0.00    0.00     0.00    0.00    0.00    0.01   1.26
loop11           0.04      0.34     0.00   0.00   34.81     8.09    0.00      0.00     0.00   0.00    0.00     0.00    0.00      0.00     0.00   0.00    0.00     0.00    0.00    0.00    0.00   0.15
loop12           0.05      0.38     0.00   0.00   82.68     8.15    0.00      0.00     0.00   0.00    0.00     0.00    0.00      0.00     0.00   0.00    0.00     0.00    0.00    0.00    0.00   0.38
loop13           0.06      1.07     0.00   0.00   86.00    17.89    0.00      0.00     0.00   0.00    0.00     0.00    0.00      0.00     0.00   0.00    0.00     0.00    0.00    0.00    0.01   0.42
loop14           0.06      1.09     0.00   0.00  122.27    18.78    0.00      0.00     0.00   0.00    0.00     0.00    0.00      0.00     0.00   0.00    0.00     0.00    0.00    0.00    0.01   0.62
loop15           0.05      1.05     0.00   0.00  176.78    19.85    0.00      0.00     0.00   0.00    0.00     0.00    0.00      0.00     0.00   0.00    0.00     0.00    0.00    0.00    0.01   0.56
loop16           1.33     23.68     0.00   0.00   31.92    17.76    0.00      0.00     0.00   0.00    0.00     0.00    0.00      0.00     0.00   0.00    0.00     0.00    0.00    0.00    0.04   3.31
loop17           1.73      5.21     0.00   0.00    4.75     3.02    0.00      0.00     0.00   0.00    0.00     0.00    0.00      0.00     0.00   0.00    0.00     0.00    0.00    0.00    0.01   0.50
loop18           0.05      1.06     0.00   0.00   98.50    20.00    0.00      0.00     0.00   0.00    0.00     0.00    0.00      0.00     0.00   0.00    0.00     0.00    0.00    0.00    0.01   0.32
loop19           0.06      1.11     0.00   0.00  111.81    18.03    0.00      0.00     0.00   0.00    0.00     0.00    0.00      0.00     0.00   0.00    0.00     0.00    0.00    0.00    0.01   0.33
loop2            0.17      6.27     0.00   0.00   51.54    36.57    0.00      0.00     0.00   0.00    0.00     0.00    0.00      0.00     0.00   0.00    0.00     0.00    0.00    0.00    0.01   0.88
loop20           0.06      1.07     0.00   0.00  162.47    18.15    0.00      0.00     0.00   0.00    0.00     0.00    0.00      0.00     0.00   0.00    0.00     0.00    0.00    0.00    0.01   0.47
loop21           0.05      1.06     0.00   0.00  122.79    20.87    0.00      0.00     0.00   0.00    0.00     0.00    0.00      0.00     0.00   0.00    0.00     0.00    0.00    0.00    0.01   0.58
loop22           0.77     33.17     0.00   0.00   24.98    43.26    0.00      0.00     0.00   0.00    0.00     0.00    0.00      0.00     0.00   0.00    0.00     0.00    0.00    0.00    0.02   1.91
loop23           0.04      0.34     0.00   0.00   79.16     8.07    0.00      0.00     0.00   0.00    0.00     0.00    0.00      0.00     0.00   0.00    0.00     0.00    0.00    0.00    0.00   0.33
loop24           0.05      0.37     0.00   0.00   35.25     7.96    0.00      0.00     0.00   0.00    0.00     0.00    0.00      0.00     0.00   0.00    0.00     0.00    0.00    0.00    0.00   0.17
loop25           0.04      0.34     0.00   0.00   69.89     7.78    0.00      0.00     0.00   0.00    0.00     0.00    0.00      0.00     0.00   0.00    0.00     0.00    0.00    0.00    0.00   0.31
loop26           0.05      0.36     0.00   0.00   65.31     6.73    0.00      0.00     0.00   0.00    0.00     0.00    0.00      0.00     0.00   0.00    0.00     0.00    0.00    0.00    0.00   0.35
loop27           0.02      0.06     0.00   0.00   68.86     2.81    0.00      0.00     0.00   0.00    0.00     0.00    0.00      0.00     0.00   0.00    0.00     0.00    0.00    0.00    0.00   0.14
loop28           0.04      0.50     0.00   0.00   33.23    11.91    0.00      0.00     0.00   0.00    0.00     0.00    0.00      0.00     0.00   0.00    0.00     0.00    0.00    0.00    0.00   0.14
loop29           0.05      1.05     0.00   0.00   63.49    19.55    0.00      0.00     0.00   0.00    0.00     0.00    0.00      0.00     0.00   0.00    0.00     0.00    0.00    0.00    0.00   0.23
loop3            0.04      0.34     0.00   0.00   41.95     8.07    0.00      0.00     0.00   0.00    0.00     0.00    0.00      0.00     0.00   0.00    0.00     0.00    0.00    0.00    0.00   0.18
loop30           0.06      1.12     0.00   0.00   70.00    18.17    0.00      0.00     0.00   0.00    0.00     0.00    0.00      0.00     0.00   0.00    0.00     0.00    0.00    0.00    0.00   0.34
loop31           0.01      0.01     0.00   0.00    0.00     1.27    0.00      0.00     0.00   0.00    0.00     0.00    0.00      0.00     0.00   0.00    0.00     0.00    0.00    0.00    0.00   0.00
loop4            0.05      0.35     0.00   0.00   64.83     7.48    0.00      0.00     0.00   0.00    0.00     0.00    0.00      0.00     0.00   0.00    0.00     0.00    0.00    0.00    0.00   0.31
loop5            0.04      0.34     0.00   0.00   30.07     7.76    0.00      0.00     0.00   0.00    0.00     0.00    0.00      0.00     0.00   0.00    0.00     0.00    0.00    0.00    0.00   0.13
loop6            0.05      0.35     0.00   0.00  126.90     7.22    0.00      0.00     0.00   0.00    0.00     0.00    0.00      0.00     0.00   0.00    0.00     0.00    0.00    0.00    0.01   0.62
loop7            0.05      1.06     0.00   0.00  129.69    19.71    0.00      0.00     0.00   0.00    0.00     0.00    0.00      0.00     0.00   0.00    0.00     0.00    0.00    0.00    0.01   0.62
loop8            0.31      1.64     0.00   0.00   17.62     5.26    0.00      0.00     0.00   0.00    0.00     0.00    0.00      0.00     0.00   0.00    0.00     0.00    0.00    0.00    0.01   0.51
loop9            0.06      1.05     0.00   0.00   95.67    18.47    0.00      0.00     0.00   0.00    0.00     0.00    0.00      0.00     0.00   0.00    0.00     0.00    0.00    0.00    0.01   0.35
sda             79.46   3885.79    38.34  32.55   76.44    48.90   14.77    456.30    14.32  49.23   29.63    30.89    0.00      0.00     0.00   0.00    0.00     0.00    2.16   63.97    6.65  51.09
sdb              1.10     62.27     0.00   0.09    4.55    56.47    0.00      0.00     0.00   0.00    0.00     0.00    0.00      0.00     0.00   0.00    0.00     0.00    0.00    0.00    0.01   0.33
sdc              1.07     62.07     0.00   0.09    3.86    57.93    0.00      0.00     0.00   0.00    0.00     0.00    0.00      0.00     0.00   0.00    0.00     0.00    0.00    0.00    0.00   0.24


avg-cpu:  %user   %nice %system %iowait  %steal   %idle
           2.26    0.00    0.75    0.25    0.00   96.74

Device            r/s     rkB/s   rrqm/s  %rrqm r_await rareq-sz     w/s     wkB/s   wrqm/s  %wrqm w_await wareq-sz     d/s     dkB/s   drqm/s  %drqm d_await dareq-sz     f/s f_await  aqu-sz  %util


[2026-09-25 12:49:39 +0530] EVENT: Kernel warning/error detected
-- No entries --
[2026-09-25 12:50:43 +0530] EVENT: HIGH I/O WAIT detected: 38.85%
[2026-09-25 12:50:40 +0530]
    PID    PPID USER     STAT WCHAN                                    %CPU %MEM     ELAPSED COMMAND         COMMAND

Linux 6.8.0-139-generic (dkvlko-HP-ENVY-15-Notebook-PC) 	25/09/26 	_x86_64_	(4 CPU)

avg-cpu:  %user   %nice %system %iowait  %steal   %idle
           9.59    1.12    3.40   38.73    0.00   47.17

Device            r/s     rkB/s   rrqm/s  %rrqm r_await rareq-sz     w/s     wkB/s   wrqm/s  %wrqm w_await wareq-sz     d/s     dkB/s   drqm/s  %drqm d_await dareq-sz     f/s f_await  aqu-sz  %util
loop0            0.04      0.32     0.00   0.00  137.60     8.09    0.00      0.00     0.00   0.00    0.00     0.00    0.00      0.00     0.00   0.00    0.00     0.00    0.00    0.00    0.01   0.55
loop1            0.01      0.02     0.00   0.00    3.21     1.21    0.00      0.00     0.00   0.00    0.00     0.00    0.00      0.00     0.00   0.00    0.00     0.00    0.00    0.00    0.00   0.00
loop10           0.34      4.25     0.00   0.00   37.93    12.51    0.00      0.00     0.00   0.00    0.00     0.00    0.00      0.00     0.00   0.00    0.00     0.00    0.00    0.00    0.01   1.18
loop11           0.04      0.32     0.00   0.00   34.81     8.09    0.00      0.00     0.00   0.00    0.00     0.00    0.00      0.00     0.00   0.00    0.00     0.00    0.00    0.00    0.00   0.14
loop12           0.04      0.35     0.00   0.00   82.68     8.15    0.00      0.00     0.00   0.00    0.00     0.00    0.00      0.00     0.00   0.00    0.00     0.00    0.00    0.00    0.00   0.36
loop13           0.06      1.01     0.00   0.00   86.00    17.89    0.00      0.00     0.00   0.00    0.00     0.00    0.00      0.00     0.00   0.00    0.00     0.00    0.00    0.00    0.00   0.40
loop14           0.05      1.02     0.00   0.00  122.27    18.78    0.00      0.00     0.00   0.00    0.00     0.00    0.00      0.00     0.00   0.00    0.00     0.00    0.00    0.00    0.01   0.59
loop15           0.05      0.99     0.00   0.00  176.78    19.85    0.00      0.00     0.00   0.00    0.00     0.00    0.00      0.00     0.00   0.00    0.00     0.00    0.00    0.00    0.01   0.53
loop16           1.25     22.27     0.00   0.00   31.92    17.76    0.00      0.00     0.00   0.00    0.00     0.00    0.00      0.00     0.00   0.00    0.00     0.00    0.00    0.00    0.04   3.11
loop17           1.62      4.90     0.00   0.00    4.75     3.02    0.00      0.00     0.00   0.00    0.00     0.00    0.00      0.00     0.00   0.00    0.00     0.00    0.00    0.00    0.01   0.47
loop18           0.05      0.99     0.00   0.00   98.50    20.00    0.00      0.00     0.00   0.00    0.00     0.00    0.00      0.00     0.00   0.00    0.00     0.00    0.00    0.00    0.00   0.30
loop19           0.06      1.05     0.00   0.00  111.81    18.03    0.00      0.00     0.00   0.00    0.00     0.00    0.00      0.00     0.00   0.00    0.00     0.00    0.00    0.00    0.01   0.31
loop2            0.16      5.90     0.00   0.00   51.54    36.57    0.00      0.00     0.00   0.00    0.00     0.00    0.00      0.00     0.00   0.00    0.00     0.00    0.00    0.00    0.01   0.83
loop20           0.06      1.00     0.00   0.00  162.47    18.15    0.00      0.00     0.00   0.00    0.00     0.00    0.00      0.00     0.00   0.00    0.00     0.00    0.00    0.00    0.01   0.44
loop21           0.05      1.00     0.00   0.00  122.79    20.87    0.00      0.00     0.00   0.00    0.00     0.00    0.00      0.00     0.00   0.00    0.00     0.00    0.00    0.00    0.01   0.54
loop22           0.72     31.20     0.00   0.00   24.98    43.26    0.00      0.00     0.00   0.00    0.00     0.00    0.00      0.00     0.00   0.00    0.00     0.00    0.00    0.00    0.02   1.79
loop23           0.04      0.32     0.00   0.00   79.16     8.07    0.00      0.00     0.00   0.00    0.00     0.00    0.00      0.00     0.00   0.00    0.00     0.00    0.00    0.00    0.00   0.31
loop24           0.04      0.35     0.00   0.00   35.25     7.96    0.00      0.00     0.00   0.00    0.00     0.00    0.00      0.00     0.00   0.00    0.00     0.00    0.00    0.00    0.00   0.16
loop25           0.04      0.32     0.00   0.00   69.89     7.78    0.00      0.00     0.00   0.00    0.00     0.00    0.00      0.00     0.00   0.00    0.00     0.00    0.00    0.00    0.00   0.29
loop26           0.05      0.34     0.00   0.00   65.31     6.73    0.00      0.00     0.00   0.00    0.00     0.00    0.00      0.00     0.00   0.00    0.00     0.00    0.00    0.00    0.00   0.33
loop27           0.02      0.05     0.00   0.00   68.86     2.81    0.00      0.00     0.00   0.00    0.00     0.00    0.00      0.00     0.00   0.00    0.00     0.00    0.00    0.00    0.00   0.13
loop28           0.04      0.47     0.00   0.00   33.23    11.91    0.00      0.00     0.00   0.00    0.00     0.00    0.00      0.00     0.00   0.00    0.00     0.00    0.00    0.00    0.00   0.13
loop29           0.05      0.99     0.00   0.00   63.49    19.55    0.00      0.00     0.00   0.00    0.00     0.00    0.00      0.00     0.00   0.00    0.00     0.00    0.00    0.00    0.00   0.21
loop3            0.04      0.32     0.00   0.00   41.95     8.07    0.00      0.00     0.00   0.00    0.00     0.00    0.00      0.00     0.00   0.00    0.00     0.00    0.00    0.00    0.00   0.17
loop30           0.06      1.05     0.00   0.00   70.00    18.17    0.00      0.00     0.00   0.00    0.00     0.00    0.00      0.00     0.00   0.00    0.00     0.00    0.00    0.00    0.00   0.32
loop31           0.01      0.01     0.00   0.00    0.00     1.27    0.00      0.00     0.00   0.00    0.00     0.00    0.00      0.00     0.00   0.00    0.00     0.00    0.00    0.00    0.00   0.00
loop4            0.04      0.33     0.00   0.00   64.83     7.48    0.00      0.00     0.00   0.00    0.00     0.00    0.00      0.00     0.00   0.00    0.00     0.00    0.00    0.00    0.00   0.29
loop5            0.04      0.32     0.00   0.00   30.07     7.76    0.00      0.00     0.00   0.00    0.00     0.00    0.00      0.00     0.00   0.00    0.00     0.00    0.00    0.00    0.00   0.12
loop6            0.05      0.33     0.00   0.00  126.90     7.22    0.00      0.00     0.00   0.00    0.00     0.00    0.00      0.00     0.00   0.00    0.00     0.00    0.00    0.00    0.01   0.58
loop7            0.05      1.00     0.00   0.00  129.69    19.71    0.00      0.00     0.00   0.00    0.00     0.00    0.00      0.00     0.00   0.00    0.00     0.00    0.00    0.00    0.01   0.58
loop8            0.29      1.54     0.00   0.00   17.62     5.26    0.00      0.00     0.00   0.00    0.00     0.00    0.00      0.00     0.00   0.00    0.00     0.00    0.00    0.00    0.01   0.48
loop9            0.05      0.99     0.00   0.00   95.67    18.47    0.00      0.00     0.00   0.00    0.00     0.00    0.00      0.00     0.00   0.00    0.00     0.00    0.00    0.00    0.01   0.33
sda             75.00   3657.23    36.07  32.47   76.22    48.77   14.34    432.14    13.81  49.07   29.37    30.15    0.00      0.00     0.00   0.00    0.00     0.00    2.15   61.83    6.27  48.32
sdb              1.04     58.57     0.00   0.09    4.55    56.47    0.00      0.00     0.00   0.00    0.00     0.00    0.00      0.00     0.00   0.00    0.00     0.00    0.00    0.00    0.00   0.31
sdc              1.01     58.38     0.00   0.09    3.86    57.93    0.00      0.00     0.00   0.00    0.00     0.00    0.00      0.00     0.00   0.00    0.00     0.00    0.00    0.00    0.00   0.23


avg-cpu:  %user   %nice %system %iowait  %steal   %idle
           2.27    0.00    0.76    0.00    0.00   96.98

Device            r/s     rkB/s   rrqm/s  %rrqm r_await rareq-sz     w/s     wkB/s   wrqm/s  %wrqm w_await wareq-sz     d/s     dkB/s   drqm/s  %drqm d_await dareq-sz     f/s f_await  aqu-sz  %util
sda              0.00      0.00     0.00   0.00    0.00     0.00    1.00     44.00    10.00  90.91    0.00    44.00    0.00      0.00     0.00   0.00    0.00     0.00    0.00    0.00    0.00   0.00


[2026-09-25 12:50:44 +0530] EVENT: Kernel warning/error detected
-- No entries --
[2026-09-25 12:51:47 +0530] EVENT: HIGH I/O WAIT detected: 36.67%
[2026-09-25 12:51:44 +0530]
    PID    PPID USER     STAT WCHAN                                    %CPU %MEM     ELAPSED COMMAND         COMMAND
    251       2 root     D    -                                         0.0  0.0       19:06 jbd2/sda8-8     [jbd2/sda8-8]
    594       2 root     D<   -                                         0.0  0.0       18:42 kworker/u9:1+i9 [kworker/u9:1+i915_flip]

Linux 6.8.0-139-generic (dkvlko-HP-ENVY-15-Notebook-PC) 	25/09/26 	_x86_64_	(4 CPU)

avg-cpu:  %user   %nice %system %iowait  %steal   %idle
           9.23    1.06    3.34   36.57    0.00   49.81

Device            r/s     rkB/s   rrqm/s  %rrqm r_await rareq-sz     w/s     wkB/s   wrqm/s  %wrqm w_await wareq-sz     d/s     dkB/s   drqm/s  %drqm d_await dareq-sz     f/s f_await  aqu-sz  %util
loop0            0.04      0.30     0.00   0.00  137.60     8.09    0.00      0.00     0.00   0.00    0.00     0.00    0.00      0.00     0.00   0.00    0.00     0.00    0.00    0.00    0.01   0.51
loop1            0.01      0.01     0.00   0.00    3.21     1.21    0.00      0.00     0.00   0.00    0.00     0.00    0.00      0.00     0.00   0.00    0.00     0.00    0.00    0.00    0.00   0.00
loop10           0.32      4.01     0.00   0.00   37.93    12.51    0.00      0.00     0.00   0.00    0.00     0.00    0.00      0.00     0.00   0.00    0.00     0.00    0.00    0.00    0.01   1.12
loop11           0.04      0.30     0.00   0.00   34.81     8.09    0.00      0.00     0.00   0.00    0.00     0.00    0.00      0.00     0.00   0.00    0.00     0.00    0.00    0.00    0.00   0.13
loop12           0.04      0.33     0.00   0.00   82.68     8.15    0.00      0.00     0.00   0.00    0.00     0.00    0.00      0.00     0.00   0.00    0.00     0.00    0.00    0.00    0.00   0.34
loop13           0.05      0.95     0.00   0.00   86.00    17.89    0.00      0.00     0.00   0.00    0.00     0.00    0.00      0.00     0.00   0.00    0.00     0.00    0.00    0.00    0.00   0.38
loop14           0.05      0.96     0.00   0.00  122.27    18.78    0.00      0.00     0.00   0.00    0.00     0.00    0.00      0.00     0.00   0.00    0.00     0.00    0.00    0.00    0.01   0.55
loop15           0.05      0.93     0.00   0.00  176.78    19.85    0.00      0.00     0.00   0.00    0.00     0.00    0.00      0.00     0.00   0.00    0.00     0.00    0.00    0.00    0.01   0.50
loop16           1.18     21.03     0.00   0.00   31.92    17.76    0.00      0.00     0.00   0.00    0.00     0.00    0.00      0.00     0.00   0.00    0.00     0.00    0.00    0.00    0.04   2.94
loop17           1.53      4.63     0.00   0.00    4.75     3.02    0.00      0.00     0.00   0.00    0.00     0.00    0.00      0.00     0.00   0.00    0.00     0.00    0.00    0.00    0.01   0.45
loop18           0.05      0.94     0.00   0.00   98.50    20.00    0.00      0.00     0.00   0.00    0.00     0.00    0.00      0.00     0.00   0.00    0.00     0.00    0.00    0.00    0.00   0.29
loop19           0.05      0.99     0.00   0.00  111.81    18.03    0.00      0.00     0.00   0.00    0.00     0.00    0.00      0.00     0.00   0.00    0.00     0.00    0.00    0.00    0.01   0.30
loop2            0.15      5.56     0.00   0.00   51.54    36.57    0.00      0.00     0.00   0.00    0.00     0.00    0.00      0.00     0.00   0.00    0.00     0.00    0.00    0.00    0.01   0.78
loop20           0.05      0.95     0.00   0.00  162.47    18.15    0.00      0.00     0.00   0.00    0.00     0.00    0.00      0.00     0.00   0.00    0.00     0.00    0.00    0.00    0.01   0.42
loop21           0.05      0.94     0.00   0.00  122.79    20.87    0.00      0.00     0.00   0.00    0.00     0.00    0.00      0.00     0.00   0.00    0.00     0.00    0.00    0.00    0.01   0.51
loop22           0.68     29.45     0.00   0.00   24.98    43.26    0.00      0.00     0.00   0.00    0.00     0.00    0.00      0.00     0.00   0.00    0.00     0.00    0.00    0.00    0.02   1.69
loop23           0.04      0.30     0.00   0.00   79.16     8.07    0.00      0.00     0.00   0.00    0.00     0.00    0.00      0.00     0.00   0.00    0.00     0.00    0.00    0.00    0.00   0.30
loop24           0.04      0.33     0.00   0.00   35.25     7.96    0.00      0.00     0.00   0.00    0.00     0.00    0.00      0.00     0.00   0.00    0.00     0.00    0.00    0.00    0.00   0.15
loop25           0.04      0.30     0.00   0.00   69.89     7.78    0.00      0.00     0.00   0.00    0.00     0.00    0.00      0.00     0.00   0.00    0.00     0.00    0.00    0.00    0.00   0.27
loop26           0.05      0.32     0.00   0.00   65.31     6.73    0.00      0.00     0.00   0.00    0.00     0.00    0.00      0.00     0.00   0.00    0.00     0.00    0.00    0.00    0.00   0.31
loop27           0.02      0.05     0.00   0.00   68.86     2.81    0.00      0.00     0.00   0.00    0.00     0.00    0.00      0.00     0.00   0.00    0.00     0.00    0.00    0.00    0.00   0.13
loop28           0.04      0.45     0.00   0.00   33.23    11.91    0.00      0.00     0.00   0.00    0.00     0.00    0.00      0.00     0.00   0.00    0.00     0.00    0.00    0.00    0.00   0.12
loop29           0.05      0.93     0.00   0.00   63.49    19.55    0.00      0.00     0.00   0.00    0.00     0.00    0.00      0.00     0.00   0.00    0.00     0.00    0.00    0.00    0.00   0.20
loop3            0.04      0.30     0.00   0.00   41.95     8.07    0.00      0.00     0.00   0.00    0.00     0.00    0.00      0.00     0.00   0.00    0.00     0.00    0.00    0.00    0.00   0.16
loop30           0.05      1.00     0.00   0.00   70.00    18.17    0.00      0.00     0.00   0.00    0.00     0.00    0.00      0.00     0.00   0.00    0.00     0.00    0.00    0.00    0.00   0.31
loop31           0.01      0.01     0.00   0.00    0.00     1.27    0.00      0.00     0.00   0.00    0.00     0.00    0.00      0.00     0.00   0.00    0.00     0.00    0.00    0.00    0.00   0.00
loop4            0.04      0.31     0.00   0.00   64.83     7.48    0.00      0.00     0.00   0.00    0.00     0.00    0.00      0.00     0.00   0.00    0.00     0.00    0.00    0.00    0.00   0.27
loop5            0.04      0.30     0.00   0.00   30.07     7.76    0.00      0.00     0.00   0.00    0.00     0.00    0.00      0.00     0.00   0.00    0.00     0.00    0.00    0.00    0.00   0.12
loop6            0.04      0.31     0.00   0.00  126.90     7.22    0.00      0.00     0.00   0.00    0.00     0.00    0.00      0.00     0.00   0.00    0.00     0.00    0.00    0.00    0.01   0.55
loop7            0.05      0.94     0.00   0.00  129.69    19.71    0.00      0.00     0.00   0.00    0.00     0.00    0.00      0.00     0.00   0.00    0.00     0.00    0.00    0.00    0.01   0.55
loop8            0.28      1.46     0.00   0.00   17.62     5.26    0.00      0.00     0.00   0.00    0.00     0.00    0.00      0.00     0.00   0.00    0.00     0.00    0.00    0.00    0.00   0.46
loop9            0.05      0.93     0.00   0.00   95.67    18.47    0.00      0.00     0.00   0.00    0.00     0.00    0.00      0.00     0.00   0.00    0.00     0.00    0.00    0.00    0.00   0.31
sda             70.79   3452.28    34.04  32.47   76.22    48.77   13.85    410.72    13.32  49.02   28.79    29.65    0.00      0.00     0.00   0.00    0.00     0.00    2.09   60.20    5.92  45.69
sdb              0.98     55.29     0.00   0.09    4.55    56.47    0.00      0.00     0.00   0.00    0.00     0.00    0.00      0.00     0.00   0.00    0.00     0.00    0.00    0.00    0.00   0.29
sdc              0.95     55.11     0.00   0.09    3.86    57.93    0.00      0.00     0.00   0.00    0.00     0.00    0.00      0.00     0.00   0.00    0.00     0.00    0.00    0.00    0.00   0.21


avg-cpu:  %user   %nice %system %iowait  %steal   %idle
           2.26    0.00    1.50    0.25    0.00   95.99

Device            r/s     rkB/s   rrqm/s  %rrqm r_await rareq-sz     w/s     wkB/s   wrqm/s  %wrqm w_await wareq-sz     d/s     dkB/s   drqm/s  %drqm d_await dareq-sz     f/s f_await  aqu-sz  %util


[2026-09-25 12:51:48 +0530] EVENT: Kernel warning/error detected
-- No entries --
[2026-09-25 12:52:52 +0530] EVENT: HIGH I/O WAIT detected: 34.73%
[2026-09-25 12:52:48 +0530]
    PID    PPID USER     STAT WCHAN                                    %CPU %MEM     ELAPSED COMMAND         COMMAND
    594       2 root     D<   -                                         0.0  0.0       19:46 kworker/u9:1+i9 [kworker/u9:1+i915_flip]
   6021       2 root     D<   -                                         0.0  0.0       15:34 kworker/u9:3+i9 [kworker/u9:3+i915_flip]

Linux 6.8.0-139-generic (dkvlko-HP-ENVY-15-Notebook-PC) 	25/09/26 	_x86_64_	(4 CPU)

avg-cpu:  %user   %nice %system %iowait  %steal   %idle
           8.90    1.00    3.28   34.63    0.00   52.18

Device            r/s     rkB/s   rrqm/s  %rrqm r_await rareq-sz     w/s     wkB/s   wrqm/s  %wrqm w_await wareq-sz     d/s     dkB/s   drqm/s  %drqm d_await dareq-sz     f/s f_await  aqu-sz  %util
loop0            0.04      0.29     0.00   0.00  137.60     8.09    0.00      0.00     0.00   0.00    0.00     0.00    0.00      0.00     0.00   0.00    0.00     0.00    0.00    0.00    0.00   0.49
loop1            0.01      0.01     0.00   0.00    3.21     1.21    0.00      0.00     0.00   0.00    0.00     0.00    0.00      0.00     0.00   0.00    0.00     0.00    0.00    0.00    0.00   0.00
loop10           0.30      3.80     0.00   0.00   37.93    12.51    0.00      0.00     0.00   0.00    0.00     0.00    0.00      0.00     0.00   0.00    0.00     0.00    0.00    0.00    0.01   1.06
loop11           0.04      0.29     0.00   0.00   34.81     8.09    0.00      0.00     0.00   0.00    0.00     0.00    0.00      0.00     0.00   0.00    0.00     0.00    0.00    0.00    0.00   0.12
loop12           0.04      0.32     0.00   0.00   82.68     8.15    0.00      0.00     0.00   0.00    0.00     0.00    0.00      0.00     0.00   0.00    0.00     0.00    0.00    0.00    0.00   0.32
loop13           0.05      0.90     0.00   0.00   86.00    17.89    0.00      0.00     0.00   0.00    0.00     0.00    0.00      0.00     0.00   0.00    0.00     0.00    0.00    0.00    0.00   0.36
loop14           0.05      0.91     0.00   0.00  122.27    18.78    0.00      0.00     0.00   0.00    0.00     0.00    0.00      0.00     0.00   0.00    0.00     0.00    0.00    0.00    0.01   0.52
loop15           0.04      0.88     0.00   0.00  176.78    19.85    0.00      0.00     0.00   0.00    0.00     0.00    0.00      0.00     0.00   0.00    0.00     0.00    0.00    0.00    0.01   0.47
loop16           1.12     19.91     0.00   0.00   31.92    17.76    0.00      0.00     0.00   0.00    0.00     0.00    0.00      0.00     0.00   0.00    0.00     0.00    0.00    0.00    0.04   2.78
loop17           1.45      4.38     0.00   0.00    4.75     3.02    0.00      0.00     0.00   0.00    0.00     0.00    0.00      0.00     0.00   0.00    0.00     0.00    0.00    0.00    0.01   0.42
loop18           0.04      0.89     0.00   0.00   98.50    20.00    0.00      0.00     0.00   0.00    0.00     0.00    0.00      0.00     0.00   0.00    0.00     0.00    0.00    0.00    0.00   0.27
loop19           0.05      0.94     0.00   0.00  111.81    18.03    0.00      0.00     0.00   0.00    0.00     0.00    0.00      0.00     0.00   0.00    0.00     0.00    0.00    0.00    0.01   0.28
loop2            0.14      5.27     0.00   0.00   51.54    36.57    0.00      0.00     0.00   0.00    0.00     0.00    0.00      0.00     0.00   0.00    0.00     0.00    0.00    0.00    0.01   0.74
loop20           0.05      0.90     0.00   0.00  162.47    18.15    0.00      0.00     0.00   0.00    0.00     0.00    0.00      0.00     0.00   0.00    0.00     0.00    0.00    0.00    0.01   0.39
loop21           0.04      0.89     0.00   0.00  122.79    20.87    0.00      0.00     0.00   0.00    0.00     0.00    0.00      0.00     0.00   0.00    0.00     0.00    0.00    0.00    0.01   0.49
loop22           0.64     27.89     0.00   0.00   24.98    43.26    0.00      0.00     0.00   0.00    0.00     0.00    0.00      0.00     0.00   0.00    0.00     0.00    0.00    0.00    0.02   1.60
loop23           0.04      0.29     0.00   0.00   79.16     8.07    0.00      0.00     0.00   0.00    0.00     0.00    0.00      0.00     0.00   0.00    0.00     0.00    0.00    0.00    0.00   0.28
loop24           0.04      0.31     0.00   0.00   35.25     7.96    0.00      0.00     0.00   0.00    0.00     0.00    0.00      0.00     0.00   0.00    0.00     0.00    0.00    0.00    0.00   0.14
loop25           0.04      0.29     0.00   0.00   69.89     7.78    0.00      0.00     0.00   0.00    0.00     0.00    0.00      0.00     0.00   0.00    0.00     0.00    0.00    0.00    0.00   0.26
loop26           0.05      0.30     0.00   0.00   65.31     6.73    0.00      0.00     0.00   0.00    0.00     0.00    0.00      0.00     0.00   0.00    0.00     0.00    0.00    0.00    0.00   0.30
loop27           0.02      0.05     0.00   0.00   68.86     2.81    0.00      0.00     0.00   0.00    0.00     0.00    0.00      0.00     0.00   0.00    0.00     0.00    0.00    0.00    0.00   0.12
loop28           0.04      0.42     0.00   0.00   33.23    11.91    0.00      0.00     0.00   0.00    0.00     0.00    0.00      0.00     0.00   0.00    0.00     0.00    0.00    0.00    0.00   0.12
loop29           0.05      0.89     0.00   0.00   63.49    19.55    0.00      0.00     0.00   0.00    0.00     0.00    0.00      0.00     0.00   0.00    0.00     0.00    0.00    0.00    0.00   0.19
loop3            0.04      0.29     0.00   0.00   41.95     8.07    0.00      0.00     0.00   0.00    0.00     0.00    0.00      0.00     0.00   0.00    0.00     0.00    0.00    0.00    0.00   0.15
loop30           0.05      0.94     0.00   0.00   70.00    18.17    0.00      0.00     0.00   0.00    0.00     0.00    0.00      0.00     0.00   0.00    0.00     0.00    0.00    0.00    0.00   0.29
loop31           0.01      0.01     0.00   0.00    0.00     1.27    0.00      0.00     0.00   0.00    0.00     0.00    0.00      0.00     0.00   0.00    0.00     0.00    0.00    0.00    0.00   0.00
loop4            0.04      0.30     0.00   0.00   64.83     7.48    0.00      0.00     0.00   0.00    0.00     0.00    0.00      0.00     0.00   0.00    0.00     0.00    0.00    0.00    0.00   0.26
loop5            0.04      0.29     0.00   0.00   30.07     7.76    0.00      0.00     0.00   0.00    0.00     0.00    0.00      0.00     0.00   0.00    0.00     0.00    0.00    0.00    0.00   0.11
loop6            0.04      0.30     0.00   0.00  126.90     7.22    0.00      0.00     0.00   0.00    0.00     0.00    0.00      0.00     0.00   0.00    0.00     0.00    0.00    0.00    0.01   0.52
loop7            0.05      0.89     0.00   0.00  129.69    19.71    0.00      0.00     0.00   0.00    0.00     0.00    0.00      0.00     0.00   0.00    0.00     0.00    0.00    0.00    0.01   0.52
loop8            0.26      1.38     0.00   0.00   17.62     5.26    0.00      0.00     0.00   0.00    0.00     0.00    0.00      0.00     0.00   0.00    0.00     0.00    0.00    0.00    0.00   0.43
loop9            0.05      0.88     0.00   0.00   95.67    18.47    0.00      0.00     0.00   0.00    0.00     0.00    0.00      0.00     0.00   0.00    0.00     0.00    0.00    0.00    0.00   0.30
sda             67.03   3269.00    32.24  32.47   76.22    48.77   13.35    390.54    12.80  48.95   28.35    29.26    0.00      0.00     0.00   0.00    0.00     0.00    2.04   58.83    5.61  43.33
sdb              0.93     52.36     0.00   0.09    4.55    56.47    0.00      0.00     0.00   0.00    0.00     0.00    0.00      0.00     0.00   0.00    0.00     0.00    0.00    0.00    0.00   0.28
sdc              0.90     52.18     0.00   0.09    3.86    57.93    0.00      0.00     0.00   0.00    0.00     0.00    0.00      0.00     0.00   0.00    0.00     0.00    0.00    0.00    0.00   0.20


avg-cpu:  %user   %nice %system %iowait  %steal   %idle
           2.02    0.00    0.76    0.00    0.00   97.22

Device            r/s     rkB/s   rrqm/s  %rrqm r_await rareq-sz     w/s     wkB/s   wrqm/s  %wrqm w_await wareq-sz     d/s     dkB/s   drqm/s  %drqm d_await dareq-sz     f/s f_await  aqu-sz  %util
sda              0.00      0.00     0.00   0.00    0.00     0.00   11.00     44.00     0.00   0.00    0.73     4.00    0.00      0.00     0.00   0.00    0.00     0.00    0.00    0.00    0.01   0.10


[2026-09-25 12:52:53 +0530] EVENT: Kernel warning/error detected
-- No entries --
[2026-09-25 12:53:56 +0530] EVENT: HIGH I/O WAIT detected: 32.99%
[2026-09-25 12:53:53 +0530]
    PID    PPID USER     STAT WCHAN                                    %CPU %MEM     ELAPSED COMMAND         COMMAND
    251       2 root     D    -                                         0.0  0.0       21:15 jbd2/sda8-8     [jbd2/sda8-8]

Linux 6.8.0-139-generic (dkvlko-HP-ENVY-15-Notebook-PC) 	25/09/26 	_x86_64_	(4 CPU)

avg-cpu:  %user   %nice %system %iowait  %steal   %idle
           8.62    0.96    3.24   32.91    0.00   54.28

Device            r/s     rkB/s   rrqm/s  %rrqm r_await rareq-sz     w/s     wkB/s   wrqm/s  %wrqm w_await wareq-sz     d/s     dkB/s   drqm/s  %drqm d_await dareq-sz     f/s f_await  aqu-sz  %util
loop0            0.03      0.27     0.00   0.00  137.60     8.09    0.00      0.00     0.00   0.00    0.00     0.00    0.00      0.00     0.00   0.00    0.00     0.00    0.00    0.00    0.00   0.46
loop1            0.01      0.01     0.00   0.00    3.21     1.21    0.00      0.00     0.00   0.00    0.00     0.00    0.00      0.00     0.00   0.00    0.00     0.00    0.00    0.00    0.00   0.00
loop10           0.29      3.61     0.00   0.00   37.93    12.51    0.00      0.00     0.00   0.00    0.00     0.00    0.00      0.00     0.00   0.00    0.00     0.00    0.00    0.00    0.01   1.01
loop11           0.03      0.27     0.00   0.00   34.81     8.09    0.00      0.00     0.00   0.00    0.00     0.00    0.00      0.00     0.00   0.00    0.00     0.00    0.00    0.00    0.00   0.12
loop12           0.04      0.30     0.00   0.00   82.68     8.15    0.00      0.00     0.00   0.00    0.00     0.00    0.00      0.00     0.00   0.00    0.00     0.00    0.00    0.00    0.00   0.30
loop13           0.05      0.85     0.00   0.00   86.00    17.89    0.00      0.00     0.00   0.00    0.00     0.00    0.00      0.00     0.00   0.00    0.00     0.00    0.00    0.00    0.00   0.34
loop14           0.05      0.87     0.00   0.00  122.27    18.78    0.00      0.00     0.00   0.00    0.00     0.00    0.00      0.00     0.00   0.00    0.00     0.00    0.00    0.00    0.01   0.50
loop15           0.04      0.84     0.00   0.00  176.78    19.85    0.00      0.00     0.00   0.00    0.00     0.00    0.00      0.00     0.00   0.00    0.00     0.00    0.00    0.00    0.01   0.45
loop16           1.06     18.91     0.00   0.00   31.92    17.76    0.00      0.00     0.00   0.00    0.00     0.00    0.00      0.00     0.00   0.00    0.00     0.00    0.00    0.00    0.03   2.64
loop17           1.38      4.16     0.00   0.00    4.75     3.02    0.00      0.00     0.00   0.00    0.00     0.00    0.00      0.00     0.00   0.00    0.00     0.00    0.00    0.00    0.01   0.40
loop18           0.04      0.84     0.00   0.00   98.50    20.00    0.00      0.00     0.00   0.00    0.00     0.00    0.00      0.00     0.00   0.00    0.00     0.00    0.00    0.00    0.00   0.26
loop19           0.05      0.89     0.00   0.00  111.81    18.03    0.00      0.00     0.00   0.00    0.00     0.00    0.00      0.00     0.00   0.00    0.00     0.00    0.00    0.00    0.01   0.27
loop2            0.14      5.00     0.00   0.00   51.54    36.57    0.00      0.00     0.00   0.00    0.00     0.00    0.00      0.00     0.00   0.00    0.00     0.00    0.00    0.00    0.01   0.71
loop20           0.05      0.85     0.00   0.00  162.47    18.15    0.00      0.00     0.00   0.00    0.00     0.00    0.00      0.00     0.00   0.00    0.00     0.00    0.00    0.00    0.01   0.37
loop21           0.04      0.85     0.00   0.00  122.79    20.87    0.00      0.00     0.00   0.00    0.00     0.00    0.00      0.00     0.00   0.00    0.00     0.00    0.00    0.00    0.00   0.46
loop22           0.61     26.48     0.00   0.00   24.98    43.26    0.00      0.00     0.00   0.00    0.00     0.00    0.00      0.00     0.00   0.00    0.00     0.00    0.00    0.00    0.02   1.52
loop23           0.03      0.27     0.00   0.00   79.16     8.07    0.00      0.00     0.00   0.00    0.00     0.00    0.00      0.00     0.00   0.00    0.00     0.00    0.00    0.00    0.00   0.27
loop24           0.04      0.30     0.00   0.00   35.25     7.96    0.00      0.00     0.00   0.00    0.00     0.00    0.00      0.00     0.00   0.00    0.00     0.00    0.00    0.00    0.00   0.13
loop25           0.04      0.27     0.00   0.00   69.89     7.78    0.00      0.00     0.00   0.00    0.00     0.00    0.00      0.00     0.00   0.00    0.00     0.00    0.00    0.00    0.00   0.25
loop26           0.04      0.29     0.00   0.00   65.31     6.73    0.00      0.00     0.00   0.00    0.00     0.00    0.00      0.00     0.00   0.00    0.00     0.00    0.00    0.00    0.00   0.28
loop27           0.02      0.05     0.00   0.00   68.86     2.81    0.00      0.00     0.00   0.00    0.00     0.00    0.00      0.00     0.00   0.00    0.00     0.00    0.00    0.00    0.00   0.11
loop28           0.03      0.40     0.00   0.00   33.23    11.91    0.00      0.00     0.00   0.00    0.00     0.00    0.00      0.00     0.00   0.00    0.00     0.00    0.00    0.00    0.00   0.11
loop29           0.04      0.84     0.00   0.00   63.49    19.55    0.00      0.00     0.00   0.00    0.00     0.00    0.00      0.00     0.00   0.00    0.00     0.00    0.00    0.00    0.00   0.18
loop3            0.03      0.27     0.00   0.00   41.95     8.07    0.00      0.00     0.00   0.00    0.00     0.00    0.00      0.00     0.00   0.00    0.00     0.00    0.00    0.00    0.00   0.14
loop30           0.05      0.90     0.00   0.00   70.00    18.17    0.00      0.00     0.00   0.00    0.00     0.00    0.00      0.00     0.00   0.00    0.00     0.00    0.00    0.00    0.00   0.27
loop31           0.01      0.01     0.00   0.00    0.00     1.27    0.00      0.00     0.00   0.00    0.00     0.00    0.00      0.00     0.00   0.00    0.00     0.00    0.00    0.00    0.00   0.00
loop4            0.04      0.28     0.00   0.00   64.83     7.48    0.00      0.00     0.00   0.00    0.00     0.00    0.00      0.00     0.00   0.00    0.00     0.00    0.00    0.00    0.00   0.24
loop5            0.04      0.27     0.00   0.00   30.07     7.76    0.00      0.00     0.00   0.00    0.00     0.00    0.00      0.00     0.00   0.00    0.00     0.00    0.00    0.00    0.00   0.11
loop6            0.04      0.28     0.00   0.00  126.90     7.22    0.00      0.00     0.00   0.00    0.00     0.00    0.00      0.00     0.00   0.00    0.00     0.00    0.00    0.00    0.00   0.50
loop7            0.04      0.85     0.00   0.00  129.69    19.71    0.00      0.00     0.00   0.00    0.00     0.00    0.00      0.00     0.00   0.00    0.00     0.00    0.00    0.00    0.01   0.49
loop8            0.25      1.31     0.00   0.00   17.62     5.26    0.00      0.00     0.00   0.00    0.00     0.00    0.00      0.00     0.00   0.00    0.00     0.00    0.00    0.00    0.00   0.41
loop9            0.05      0.84     0.00   0.00   95.67    18.47    0.00      0.00     0.00   0.00    0.00     0.00    0.00      0.00     0.00   0.00    0.00     0.00    0.00    0.00    0.00   0.28
sda             63.66   3104.23    30.61  32.47   76.22    48.77   12.96    373.09    12.44  48.97   27.86    28.78    0.00      0.00     0.00   0.00    0.00     0.00    2.00   57.39    5.33  41.24
sdb              0.88     49.72     0.00   0.09    4.55    56.47    0.00      0.00     0.00   0.00    0.00     0.00    0.00      0.00     0.00   0.00    0.00     0.00    0.00    0.00    0.00   0.27
sdc              0.86     49.55     0.00   0.09    3.86    57.93    0.00      0.00     0.00   0.00    0.00     0.00    0.00      0.00     0.00   0.00    0.00     0.00    0.00    0.00    0.00   0.19


avg-cpu:  %user   %nice %system %iowait  %steal   %idle
           2.27    0.00    0.76    0.25    0.00   96.73

Device            r/s     rkB/s   rrqm/s  %rrqm r_await rareq-sz     w/s     wkB/s   wrqm/s  %wrqm w_await wareq-sz     d/s     dkB/s   drqm/s  %drqm d_await dareq-sz     f/s f_await  aqu-sz  %util


[2026-09-25 12:53:57 +0530] EVENT: Kernel warning/error detected
-- No entries --
[2026-09-25 12:55:01 +0530] EVENT: D-state process detected: count=3
    PID    PPID USER     STAT WCHAN                                    %CPU %MEM     ELAPSED COMMAND         COMMAND
  66060    6004 dkvlko   Dl   folio_wait_bit_common                     3.2  0.4       00:06 chrome          /opt/google/chrome/chrome
[2026-09-25 12:55:01 +0530] EVENT: HIGH I/O WAIT detected: 31.47%
[2026-09-25 12:54:57 +0530]
    PID    PPID USER     STAT WCHAN                                    %CPU %MEM     ELAPSED COMMAND         COMMAND
  66060    6004 dkvlko   Dl   folio_wait_bit_common                     3.2  0.4       00:06 chrome          /opt/google/chrome/chrome

Linux 6.8.0-139-generic (dkvlko-HP-ENVY-15-Notebook-PC) 	25/09/26 	_x86_64_	(4 CPU)

avg-cpu:  %user   %nice %system %iowait  %steal   %idle
           8.47    0.91    3.24   31.46    0.00   55.92

Device            r/s     rkB/s   rrqm/s  %rrqm r_await rareq-sz     w/s     wkB/s   wrqm/s  %wrqm w_await wareq-sz     d/s     dkB/s   drqm/s  %drqm d_await dareq-sz     f/s f_await  aqu-sz  %util
loop0            0.03      0.26     0.00   0.00  137.60     8.09    0.00      0.00     0.00   0.00    0.00     0.00    0.00      0.00     0.00   0.00    0.00     0.00    0.00    0.00    0.00   0.44
loop1            0.01      0.01     0.00   0.00    3.21     1.21    0.00      0.00     0.00   0.00    0.00     0.00    0.00      0.00     0.00   0.00    0.00     0.00    0.00    0.00    0.00   0.00
loop10           0.27      3.44     0.00   0.00   37.93    12.51    0.00      0.00     0.00   0.00    0.00     0.00    0.00      0.00     0.00   0.00    0.00     0.00    0.00    0.00    0.01   0.96
loop11           0.03      0.26     0.00   0.00   34.81     8.09    0.00      0.00     0.00   0.00    0.00     0.00    0.00      0.00     0.00   0.00    0.00     0.00    0.00    0.00    0.00   0.11
loop12           0.03      0.29     0.00   0.00   82.68     8.15    0.00      0.00     0.00   0.00    0.00     0.00    0.00      0.00     0.00   0.00    0.00     0.00    0.00    0.00    0.00   0.29
loop13           0.05      0.81     0.00   0.00   86.00    17.89    0.00      0.00     0.00   0.00    0.00     0.00    0.00      0.00     0.00   0.00    0.00     0.00    0.00    0.00    0.00   0.32
loop14           0.04      0.82     0.00   0.00  122.27    18.78    0.00      0.00     0.00   0.00    0.00     0.00    0.00      0.00     0.00   0.00    0.00     0.00    0.00    0.00    0.01   0.47
loop15           0.04      0.80     0.00   0.00  176.78    19.85    0.00      0.00     0.00   0.00    0.00     0.00    0.00      0.00     0.00   0.00    0.00     0.00    0.00    0.00    0.01   0.43
loop16           1.01     18.00     0.00   0.00   31.92    17.76    0.00      0.00     0.00   0.00    0.00     0.00    0.00      0.00     0.00   0.00    0.00     0.00    0.00    0.00    0.03   2.52
loop17           1.31      3.96     0.00   0.00    4.75     3.02    0.00      0.00     0.00   0.00    0.00     0.00    0.00      0.00     0.00   0.00    0.00     0.00    0.00    0.00    0.01   0.38
loop18           0.04      0.80     0.00   0.00   98.50    20.00    0.00      0.00     0.00   0.00    0.00     0.00    0.00      0.00     0.00   0.00    0.00     0.00    0.00    0.00    0.00   0.25
loop19           0.05      0.85     0.00   0.00  111.81    18.03    0.00      0.00     0.00   0.00    0.00     0.00    0.00      0.00     0.00   0.00    0.00     0.00    0.00    0.00    0.01   0.25
loop2            0.13      4.76     0.00   0.00   51.54    36.57    0.00      0.00     0.00   0.00    0.00     0.00    0.00      0.00     0.00   0.00    0.00     0.00    0.00    0.00    0.01   0.67
loop20           0.04      0.81     0.00   0.00  162.47    18.15    0.00      0.00     0.00   0.00    0.00     0.00    0.00      0.00     0.00   0.00    0.00     0.00    0.00    0.00    0.01   0.36
loop21           0.04      0.81     0.00   0.00  122.79    20.87    0.00      0.00     0.00   0.00    0.00     0.00    0.00      0.00     0.00   0.00    0.00     0.00    0.00    0.00    0.00   0.44
loop22           0.58     25.21     0.00   0.00   24.98    43.26    0.00      0.00     0.00   0.00    0.00     0.00    0.00      0.00     0.00   0.00    0.00     0.00    0.00    0.00    0.01   1.45
loop23           0.03      0.26     0.00   0.00   79.16     8.07    0.00      0.00     0.00   0.00    0.00     0.00    0.00      0.00     0.00   0.00    0.00     0.00    0.00    0.00    0.00   0.25
loop24           0.04      0.28     0.00   0.00   35.25     7.96    0.00      0.00     0.00   0.00    0.00     0.00    0.00      0.00     0.00   0.00    0.00     0.00    0.00    0.00    0.00   0.13
loop25           0.03      0.26     0.00   0.00   69.89     7.78    0.00      0.00     0.00   0.00    0.00     0.00    0.00      0.00     0.00   0.00    0.00     0.00    0.00    0.00    0.00   0.23
loop26           0.04      0.28     0.00   0.00   65.31     6.73    0.00      0.00     0.00   0.00    0.00     0.00    0.00      0.00     0.00   0.00    0.00     0.00    0.00    0.00    0.00   0.27
loop27           0.02      0.04     0.00   0.00   68.86     2.81    0.00      0.00     0.00   0.00    0.00     0.00    0.00      0.00     0.00   0.00    0.00     0.00    0.00    0.00    0.00   0.11
loop28           0.03      0.38     0.00   0.00   33.23    11.91    0.00      0.00     0.00   0.00    0.00     0.00    0.00      0.00     0.00   0.00    0.00     0.00    0.00    0.00    0.00   0.11
loop29           0.04      0.80     0.00   0.00   63.49    19.55    0.00      0.00     0.00   0.00    0.00     0.00    0.00      0.00     0.00   0.00    0.00     0.00    0.00    0.00    0.00   0.17
loop3            0.03      0.26     0.00   0.00   41.95     8.07    0.00      0.00     0.00   0.00    0.00     0.00    0.00      0.00     0.00   0.00    0.00     0.00    0.00    0.00    0.00   0.13
loop30           0.05      0.85     0.00   0.00   70.00    18.17    0.00      0.00     0.00   0.00    0.00     0.00    0.00      0.00     0.00   0.00    0.00     0.00    0.00    0.00    0.00   0.26
loop31           0.01      0.01     0.00   0.00    0.00     1.27    0.00      0.00     0.00   0.00    0.00     0.00    0.00      0.00     0.00   0.00    0.00     0.00    0.00    0.00    0.00   0.00
loop4            0.04      0.27     0.00   0.00   64.83     7.48    0.00      0.00     0.00   0.00    0.00     0.00    0.00      0.00     0.00   0.00    0.00     0.00    0.00    0.00    0.00   0.23
loop5            0.03      0.26     0.00   0.00   30.07     7.76    0.00      0.00     0.00   0.00    0.00     0.00    0.00      0.00     0.00   0.00    0.00     0.00    0.00    0.00    0.00   0.10
loop6            0.04      0.27     0.00   0.00  126.90     7.22    0.00      0.00     0.00   0.00    0.00     0.00    0.00      0.00     0.00   0.00    0.00     0.00    0.00    0.00    0.00   0.47
loop7            0.04      0.81     0.00   0.00  129.69    19.71    0.00      0.00     0.00   0.00    0.00     0.00    0.00      0.00     0.00   0.00    0.00     0.00    0.00    0.00    0.01   0.47
loop8            0.24      1.25     0.00   0.00   17.62     5.26    0.00      0.00     0.00   0.00    0.00     0.00    0.00      0.00     0.00   0.00    0.00     0.00    0.00    0.00    0.00   0.39
loop9            0.04      0.80     0.00   0.00   95.67    18.47    0.00      0.00     0.00   0.00    0.00     0.00    0.00      0.00     0.00   0.00    0.00     0.00    0.00    0.00    0.00   0.27
sda             61.23   3022.23    29.17  32.26   75.53    49.36   12.59    357.18    12.12  49.05   27.43    28.37    0.00      0.00     0.00   0.00    0.00     0.00    1.97   56.01    5.08  39.75
sdb              0.84     47.32     0.00   0.09    4.55    56.47    0.00      0.00     0.00   0.00    0.00     0.00    0.00      0.00     0.00   0.00    0.00     0.00    0.00    0.00    0.00   0.25
sdc              0.81     47.17     0.00   0.09    3.86    57.93    0.00      0.00     0.00   0.00    0.00     0.00    0.00      0.00     0.00   0.00    0.00     0.00    0.00    0.00    0.00   0.18


avg-cpu:  %user   %nice %system %iowait  %steal   %idle
          14.87    0.00    4.62   37.44    0.00   43.08

Device            r/s     rkB/s   rrqm/s  %rrqm r_await rareq-sz     w/s     wkB/s   wrqm/s  %wrqm w_await wareq-sz     d/s     dkB/s   drqm/s  %drqm d_await dareq-sz     f/s f_await  aqu-sz  %util
sda             37.00   4140.00     0.00   0.00   27.62   111.89   70.00    184.00     0.00   0.00   14.63     2.63    0.00      0.00     0.00   0.00    0.00     0.00   35.00   28.43    3.04  99.10


[2026-09-25 12:55:02 +0530] EVENT: Kernel warning/error detected
-- No entries --
