
==============================================================
2026-09-25 12:19:19 +0530 CHECK=1
==============================================================

VMSTAT:
procs -----------memory---------- ---swap-- -----io---- -system-- -------cpu-------
 r  b   swpd   free   buff  cache   si   so    bi    bo   in   cs us sy id wa st gu
 0  0 2428764 2233444  84332 10871124   40   94  1064  1984 4917   11 91  3  5  1  0  0
 0  0 2428764 2234456  84332 10871144    0    0     0     0 2868 5884 16  4 80  0  0  0

DISK STATISTICS:
   7       0 loop0 14 0 34 35 0 0 0 0 0 36 35 0 0 0 0 0 0
   7       1 loop1 45 0 704 6038 0 0 0 0 0 6039 6038 0 0 0 0 0 0
   7       2 loop2 543 0 45910 14335 0 0 0 0 0 14333 14335 0 0 0 0 0 0
   7       3 loop3 321 0 1884 2186 0 0 0 0 0 2192 2186 0 0 0 0 0 0
   7       4 loop4 321 0 1886 3201 0 0 0 0 0 3203 3201 0 0 0 0 0 0
   7       5 loop5 343 0 1990 2711 0 0 0 0 0 2704 2711 0 0 0 0 0 0
   7       6 loop6 345 0 1986 7301 0 0 0 0 0 7300 7301 0 0 0 0 0 0
   7       7 loop7 397 0 3634 8066 0 0 0 0 0 6493 8066 0 0 0 0 0 0
   8       0 sda 1028302 606912 155634952 30515029 982933 2250497 291269690 28285852 0 8884365 61725881 0 0 0 0 139550 2925000
   8       1 sda1 116 0 8352 1867 0 0 0 0 0 1586 1867 0 0 0 0 0 0
   8       2 sda2 1698 536 15956 11998 2 0 2 74 0 8395 12072 0 0 0 0 0 0
   8       3 sda3 92 0 2336 1229 0 0 0 0 0 1120 1229 0 0 0 0 0 0
   8       4 sda4 116 0 8352 1842 0 0 0 0 0 1614 1842 0 0 0 0 0 0
   8       5 sda5 116 0 8352 2398 0 0 0 0 0 1952 2398 0 0 0 0 0 0
   8       6 sda6 216 1 33472 13878 0 0 0 0 0 11340 13878 0 0 0 0 0 0
   8       7 sda7 335707 6472 121182618 7291206 348935 102869 258341392 14686146 0 5738216 21977353 0 0 0 0 0 0
   8       8 sda8 690140 599903 34370986 23179845 633996 2147628 32928296 13599631 0 7518086 36779476 0 0 0 0 0 0
  11       0 sr0 0 0 0 0 0 0 0 0 0 0 0 0 0 0 0 0 0
   7       8 loop8 623 0 4658 4216 0 0 0 0 0 4084 4216 0 0 0 0 0 0
   7       9 loop9 302 0 3158 3477 0 0 0 0 0 2869 3477 0 0 0 0 0 0
   7      10 loop10 1069 0 29794 24861 0 0 0 0 0 16048 24861 0 0 0 0 0 0
   7      11 loop11 43 0 696 1643 0 0 0 0 0 1644 1643 0 0 0 0 0 0
   7      12 loop12 265 0 18820 7724 0 0 0 0 0 7724 7724 0 0 0 0 0 0
   7      13 loop13 722 0 4630 5102 0 0 0 0 0 2940 5102 0 0 0 0 0 0
   7      14 loop14 680 0 5150 4089 0 0 0 0 0 2347 4089 0 0 0 0 0 0
   7      15 loop15 684 0 5214 5291 0 0 0 0 0 5167 5291 0 0 0 0 0 0
   7      16 loop16 680 0 5152 4519 0 0 0 0 0 3793 4519 0 0 0 0 0 0
   7      17 loop17 2354 0 79126 70429 0 0 0 0 0 64050 70429 0 0 0 0 0 0
   7      18 loop18 2715 0 15484 8978 0 0 0 0 0 7890 8978 0 0 0 0 0 0
   7      19 loop19 754 0 5652 4004 0 0 0 0 0 2105 4004 0 0 0 0 0 0
   7      20 loop20 3285 0 17930 5524 0 0 0 0 0 4444 5524 0 0 0 0 0 0
   7      21 loop21 70 0 2254 4992 0 0 0 0 0 4569 4992 0 0 0 0 0 0
   7      22 loop22 858 0 71754 16600 0 0 0 0 0 16028 16600 0 0 0 0 0 0
   7      23 loop23 43 0 694 3319 0 0 0 0 0 3318 3319 0 0 0 0 0 0
   7      24 loop24 50 0 822 1576 0 0 0 0 0 1575 1576 0 0 0 0 0 0
   7      25 loop25 53 0 736 2797 0 0 0 0 0 2798 2797 0 0 0 0 0 0
   7      26 loop26 60 0 750 3067 0 0 0 0 0 3070 3067 0 0 0 0 0 0
   7      27 loop27 21 0 118 938 0 0 0 0 0 939 938 0 0 0 0 0 0
   7      28 loop28 52 0 1412 1385 0 0 0 0 0 1380 1385 0 0 0 0 0 0
   7      29 loop29 995 0 5736 4498 0 0 0 0 0 2693 4498 0 0 0 0 0 0
   7      30 loop30 453 0 4166 4901 0 0 0 0 0 3488 4901 0 0 0 0 0 0
   7      31 loop31 11 0 28 1 0 0 0 0 0 1 1 0 0 0 0 0 0
   8      48 sdd 178 0 8512 638 0 0 0 0 0 513 638 0 0 0 0 0 0
   8      49 sdd1 111 0 6264 381 0 0 0 0 0 271 381 0 0 0 0 0 0
   8      64 sde 178 0 8512 219 0 0 0 0 0 138 219 0 0 0 0 0 0
   8      65 sde1 111 0 6264 156 0 0 0 0 0 91 156 0 0 0 0 0 0

MOUNTED FILESYSTEMS:
Filesystem     Type      Size  Used Avail Use% Mounted on
tmpfs          tmpfs     1.6G  4.3M  1.6G   1% /run
/dev/sda8      ext4      151G   70G   73G  50% /
tmpfs          tmpfs     7.8G  4.0K  7.8G   1% /dev/shm
tmpfs          tmpfs     5.0M   12K  5.0M   1% /run/lock
efivarfs       efivarfs   84K   71K  8.6K  90% /sys/firmware/efi/efivars
/dev/sda6      fuseblk   401G  244G  158G  61% /media/eclipse
/dev/sda2      vfat      256M  130M  127M  51% /boot/efi
/dev/sda7      ext4      242G  148G   82G  65% /data
tmpfs          tmpfs     1.6G  2.7M  1.6G   1% /run/user/1000
/dev/sdb1      fuseblk   1.9T  1.5T  352G  82% /media/Elements
/dev/sdc1      fuseblk   1.9T  1.6T  253G  87% /media/My Passport

BLOCK DEVICES:
NAME   MODEL                SERIAL            SIZE TYPE FSTYPE   MOUNTPOINTS
loop0                                           4K loop squashfs /snap/bare/5
loop1                                        13.5M loop squashfs /snap/canonical-livepatch/406
loop2                                        13.1M loop squashfs /snap/canonical-livepatch/414
loop3                                        55.5M loop squashfs /snap/core18/2999
loop4                                        55.5M loop squashfs /snap/core18/3084
loop5                                        63.8M loop squashfs /snap/core20/2866
loop6                                        63.8M loop squashfs /snap/core20/2922
loop7                                          74M loop squashfs /snap/core22/2437
loop8                                          74M loop squashfs /snap/core22/2955
loop9                                        66.8M loop squashfs /snap/core24/1643
loop10                                       66.8M loop squashfs /snap/core24/2124
loop11                                       16.5M loop squashfs /snap/firmware-updater/226
loop12                                       12.7M loop squashfs /snap/firmware-updater/258
loop13                                      164.8M loop squashfs /snap/gnome-3-28-1804/198
loop14                                      531.4M loop squashfs /snap/gnome-42-2204/247
loop15                                      531.5M loop squashfs /snap/gnome-42-2204/263
loop16                                      606.1M loop squashfs /snap/gnome-46-2404/153
loop17                                      614.5M loop squashfs /snap/gnome-46-2404/164
loop18                                       91.7M loop squashfs /snap/gtk-common-themes/1535
loop19                                      437.3M loop squashfs /snap/kde-frameworks-5-99-qt-5-15-7-core20/7
loop20                                        1.6G loop squashfs /snap/kf6-core24/64
loop21                                        402M loop squashfs /snap/mesa-2404/1781
loop22                                        402M loop squashfs /snap/mesa-2404/1839
loop23                                       11.8M loop squashfs /snap/snap-store/1390
loop24                                       11.8M loop squashfs /snap/snap-store/1419
loop25                                       50.1M loop squashfs /snap/snapd/27710
loop26                                       50.3M loop squashfs /snap/snapd/27738
loop27                                        828K loop squashfs /snap/snapd-desktop-integration/387
loop28                                        828K loop squashfs /snap/snapd-desktop-integration/391
loop29                                      321.1M loop squashfs /snap/vlc/3777
loop30                                      264.8M loop squashfs /snap/vlc/4472
sda    HGST HTS541010A9E680 JA10021F2V07LN  931.5G disk          
├─sda1                                        650M part ntfs     
├─sda2                                        260M part vfat     /boot/efi
├─sda3                                         16M part          
├─sda4                                      129.2G part ntfs     
├─sda5                                        668M part ntfs     
├─sda6                                      400.4G part ntfs     /media/eclipse
├─sda7                                      246.5G part ext4     /data
└─sda8                                      153.9G part ext4     /
sdd    WDC WD20NMVW-11EDZS6 WD-WXQ1AC51RZLR   1.8T disk          
└─sdd1                                        1.8T part ntfs     
sde    WDC WD20JDRW-11C7VS0 WD-WX72A168PXZX   1.8T disk          
└─sde1                                        1.8T part ntfs     
sr0    hp DVDRAM GU90N      KL3Z8264215      1024M rom           

PROCESS I/O:
Linux 6.8.0-139-generic (dkvlko-HP-ENVY-15-Notebook-PC) 	25/09/26 	_x86_64_	(4 CPU)

12:19:22 PM IST   UID       PID   kB_rd/s   kB_wr/s kB_ccwr/s iodelay  Command

Average:      UID       PID   kB_rd/s   kB_wr/s kB_ccwr/s iodelay  Command

IOSTAT:
Linux 6.8.0-139-generic (dkvlko-HP-ENVY-15-Notebook-PC) 	25/09/26 	_x86_64_	(4 CPU)

avg-cpu:  %user   %nice %system %iowait  %steal   %idle
          19.39   71.98    2.58    1.18    0.00    4.87

Device            r/s     rkB/s   rrqm/s  %rrqm r_await rareq-sz     w/s     wkB/s   wrqm/s  %wrqm w_await wareq-sz     d/s     dkB/s   drqm/s  %drqm d_await dareq-sz     f/s f_await  aqu-sz  %util
loop0            0.00      0.00     0.00   0.00    2.50     1.21    0.00      0.00     0.00   0.00    0.00     0.00    0.00      0.00     0.00   0.00    0.00     0.00    0.00    0.00    0.00   0.00
loop1            0.00      0.00     0.00   0.00  134.18     7.82    0.00      0.00     0.00   0.00    0.00     0.00    0.00      0.00     0.00   0.00    0.00     0.00    0.00    0.00    0.00   0.01
loop10           0.01      0.20     0.00   0.00   23.26    13.94    0.00      0.00     0.00   0.00    0.00     0.00    0.00      0.00     0.00   0.00    0.00     0.00    0.00    0.00    0.00   0.02
loop11           0.00      0.00     0.00   0.00   38.21     8.09    0.00      0.00     0.00   0.00    0.00     0.00    0.00      0.00     0.00   0.00    0.00     0.00    0.00    0.00    0.00   0.00
loop12           0.00      0.13     0.00   0.00   29.15    35.51    0.00      0.00     0.00   0.00    0.00     0.00    0.00      0.00     0.00   0.00    0.00     0.00    0.00    0.00    0.00   0.01
loop13           0.01      0.03     0.00   0.00    7.07     3.21    0.00      0.00     0.00   0.00    0.00     0.00    0.00      0.00     0.00   0.00    0.00     0.00    0.00    0.00    0.00   0.00
loop14           0.01      0.04     0.00   0.00    6.01     3.79    0.00      0.00     0.00   0.00    0.00     0.00    0.00      0.00     0.00   0.00    0.00     0.00    0.00    0.00    0.00   0.00
loop15           0.01      0.04     0.00   0.00    7.74     3.81    0.00      0.00     0.00   0.00    0.00     0.00    0.00      0.00     0.00   0.00    0.00     0.00    0.00    0.00    0.00   0.01
loop16           0.01      0.04     0.00   0.00    6.65     3.79    0.00      0.00     0.00   0.00    0.00     0.00    0.00      0.00     0.00   0.00    0.00     0.00    0.00    0.00    0.00   0.01
loop17           0.03      0.54     0.00   0.00   29.92    16.81    0.00      0.00     0.00   0.00    0.00     0.00    0.00      0.00     0.00   0.00    0.00     0.00    0.00    0.00    0.00   0.09
loop18           0.04      0.11     0.00   0.00    3.31     2.85    0.00      0.00     0.00   0.00    0.00     0.00    0.00      0.00     0.00   0.00    0.00     0.00    0.00    0.00    0.00   0.01
loop19           0.01      0.04     0.00   0.00    5.31     3.75    0.00      0.00     0.00   0.00    0.00     0.00    0.00      0.00     0.00   0.00    0.00     0.00    0.00    0.00    0.00   0.00
loop2            0.01      0.31     0.00   0.00   26.40    42.27    0.00      0.00     0.00   0.00    0.00     0.00    0.00      0.00     0.00   0.00    0.00     0.00    0.00    0.00    0.00   0.02
loop20           0.04      0.12     0.00   0.00    1.68     2.73    0.00      0.00     0.00   0.00    0.00     0.00    0.00      0.00     0.00   0.00    0.00     0.00    0.00    0.00    0.00   0.01
loop21           0.00      0.02     0.00   0.00   71.31    16.10    0.00      0.00     0.00   0.00    0.00     0.00    0.00      0.00     0.00   0.00    0.00     0.00    0.00    0.00    0.00   0.01
loop22           0.01      0.49     0.00   0.00   19.35    41.81    0.00      0.00     0.00   0.00    0.00     0.00    0.00      0.00     0.00   0.00    0.00     0.00    0.00    0.00    0.00   0.02
loop23           0.00      0.00     0.00   0.00   77.19     8.07    0.00      0.00     0.00   0.00    0.00     0.00    0.00      0.00     0.00   0.00    0.00     0.00    0.00    0.00    0.00   0.00
loop24           0.00      0.01     0.00   0.00   31.52     8.22    0.00      0.00     0.00   0.00    0.00     0.00    0.00      0.00     0.00   0.00    0.00     0.00    0.00    0.00    0.00   0.00
loop25           0.00      0.01     0.00   0.00   52.77     6.94    0.00      0.00     0.00   0.00    0.00     0.00    0.00      0.00     0.00   0.00    0.00     0.00    0.00    0.00    0.00   0.00
loop26           0.00      0.01     0.00   0.00   51.12     6.25    0.00      0.00     0.00   0.00    0.00     0.00    0.00      0.00     0.00   0.00    0.00     0.00    0.00    0.00    0.00   0.00
loop27           0.00      0.00     0.00   0.00   44.67     2.81    0.00      0.00     0.00   0.00    0.00     0.00    0.00      0.00     0.00   0.00    0.00     0.00    0.00    0.00    0.00   0.00
loop28           0.00      0.01     0.00   0.00   26.63    13.58    0.00      0.00     0.00   0.00    0.00     0.00    0.00      0.00     0.00   0.00    0.00     0.00    0.00    0.00    0.00   0.00
loop29           0.01      0.04     0.00   0.00    4.52     2.88    0.00      0.00     0.00   0.00    0.00     0.00    0.00      0.00     0.00   0.00    0.00     0.00    0.00    0.00    0.00   0.00
loop3            0.00      0.01     0.00   0.00    6.81     2.93    0.00      0.00     0.00   0.00    0.00     0.00    0.00      0.00     0.00   0.00    0.00     0.00    0.00    0.00    0.00   0.00
loop30           0.01      0.03     0.00   0.00   10.82     4.60    0.00      0.00     0.00   0.00    0.00     0.00    0.00      0.00     0.00   0.00    0.00     0.00    0.00    0.00    0.00   0.00
loop31           0.00      0.00     0.00   0.00    0.09     1.27    0.00      0.00     0.00   0.00    0.00     0.00    0.00      0.00     0.00   0.00    0.00     0.00    0.00    0.00    0.00   0.00
loop4            0.00      0.01     0.00   0.00    9.97     2.94    0.00      0.00     0.00   0.00    0.00     0.00    0.00      0.00     0.00   0.00    0.00     0.00    0.00    0.00    0.00   0.00
loop5            0.00      0.01     0.00   0.00    7.90     2.90    0.00      0.00     0.00   0.00    0.00     0.00    0.00      0.00     0.00   0.00    0.00     0.00    0.00    0.00    0.00   0.00
loop6            0.00      0.01     0.00   0.00   21.16     2.88    0.00      0.00     0.00   0.00    0.00     0.00    0.00      0.00     0.00   0.00    0.00     0.00    0.00    0.00    0.00   0.01
loop7            0.01      0.02     0.00   0.00   20.32     4.58    0.00      0.00     0.00   0.00    0.00     0.00    0.00      0.00     0.00   0.00    0.00     0.00    0.00    0.00    0.00   0.01
loop8            0.01      0.03     0.00   0.00    6.77     3.74    0.00      0.00     0.00   0.00    0.00     0.00    0.00      0.00     0.00   0.00    0.00     0.00    0.00    0.00    0.00   0.01
loop9            0.00      0.02     0.00   0.00   11.51     5.23    0.00      0.00     0.00   0.00    0.00     0.00    0.00      0.00     0.00   0.00    0.00     0.00    0.00    0.00    0.00   0.00
sda             14.01   1060.38     8.27  37.12   29.68    75.68   13.39   1984.50    30.67  69.60   28.78   148.16    0.00      0.00     0.00   0.00    0.00     0.00    1.90   20.96    0.84  12.11
sdd              0.00      0.06     0.00   0.00    3.58    23.91    0.00      0.00     0.00   0.00    0.00     0.00    0.00      0.00     0.00   0.00    0.00     0.00    0.00    0.00    0.00   0.00
sde              0.00      0.06     0.00   0.00    1.23    23.91    0.00      0.00     0.00   0.00    0.00     0.00    0.00      0.00     0.00   0.00    0.00     0.00    0.00    0.00    0.00   0.00



==============================================================
2026-09-25 12:20:37 +0530 CHECK=2
==============================================================

VMSTAT:
procs -----------memory---------- ---swap-- -----io---- -system-- -------cpu-------
 r  b   swpd   free   buff  cache   si   so    bi    bo   in   cs us sy id wa st gu
 0  0 2427996 2085624  84876 11038544   40   94  1065  1982 4915   11 91  3  5  1  0  0
 0  0 2427996 2091756  84876 11038556    0    0     0     0 3082 6019 16  5 79  0  0  0

DISK STATISTICS:
   7       0 loop0 14 0 34 35 0 0 0 0 0 36 35 0 0 0 0 0 0
   7       1 loop1 45 0 704 6038 0 0 0 0 0 6039 6038 0 0 0 0 0 0
   7       2 loop2 543 0 45910 14335 0 0 0 0 0 14333 14335 0 0 0 0 0 0
   7       3 loop3 321 0 1884 2186 0 0 0 0 0 2192 2186 0 0 0 0 0 0
   7       4 loop4 321 0 1886 3201 0 0 0 0 0 3203 3201 0 0 0 0 0 0
   7       5 loop5 343 0 1990 2711 0 0 0 0 0 2704 2711 0 0 0 0 0 0
   7       6 loop6 345 0 1986 7301 0 0 0 0 0 7300 7301 0 0 0 0 0 0
   7       7 loop7 397 0 3634 8066 0 0 0 0 0 6493 8066 0 0 0 0 0 0
   8       0 sda 1030211 606993 155953664 30534199 983503 2250908 291278762 28290217 0 8900665 61751092 0 0 0 0 139662 2926676
   8       1 sda1 116 0 8352 1867 0 0 0 0 0 1586 1867 0 0 0 0 0 0
   8       2 sda2 1698 536 15956 11998 2 0 2 74 0 8395 12072 0 0 0 0 0 0
   8       3 sda3 92 0 2336 1229 0 0 0 0 0 1120 1229 0 0 0 0 0 0
   8       4 sda4 116 0 8352 1842 0 0 0 0 0 1614 1842 0 0 0 0 0 0
   8       5 sda5 116 0 8352 2398 0 0 0 0 0 1952 2398 0 0 0 0 0 0
   8       6 sda6 216 1 33472 13878 0 0 0 0 0 11340 13878 0 0 0 0 0 0
   8       7 sda7 335707 6472 121182618 7291206 348935 102869 258341392 14686146 0 5738216 21977353 0 0 0 0 0 0
   8       8 sda8 692049 599984 34689698 23199014 634566 2148039 32937368 13603996 0 7534504 36803010 0 0 0 0 0 0
  11       0 sr0 0 0 0 0 0 0 0 0 0 0 0 0 0 0 0 0 0
   7       8 loop8 623 0 4658 4216 0 0 0 0 0 4084 4216 0 0 0 0 0 0
   7       9 loop9 302 0 3158 3477 0 0 0 0 0 2869 3477 0 0 0 0 0 0
   7      10 loop10 1069 0 29794 24861 0 0 0 0 0 16048 24861 0 0 0 0 0 0
   7      11 loop11 43 0 696 1643 0 0 0 0 0 1644 1643 0 0 0 0 0 0
   7      12 loop12 265 0 18820 7724 0 0 0 0 0 7724 7724 0 0 0 0 0 0
   7      13 loop13 722 0 4630 5102 0 0 0 0 0 2940 5102 0 0 0 0 0 0
   7      14 loop14 680 0 5150 4089 0 0 0 0 0 2347 4089 0 0 0 0 0 0
   7      15 loop15 684 0 5214 5291 0 0 0 0 0 5167 5291 0 0 0 0 0 0
   7      16 loop16 680 0 5152 4519 0 0 0 0 0 3793 4519 0 0 0 0 0 0
   7      17 loop17 2354 0 79126 70429 0 0 0 0 0 64050 70429 0 0 0 0 0 0
   7      18 loop18 2715 0 15484 8978 0 0 0 0 0 7890 8978 0 0 0 0 0 0
   7      19 loop19 754 0 5652 4004 0 0 0 0 0 2105 4004 0 0 0 0 0 0
   7      20 loop20 3285 0 17930 5524 0 0 0 0 0 4444 5524 0 0 0 0 0 0
   7      21 loop21 70 0 2254 4992 0 0 0 0 0 4569 4992 0 0 0 0 0 0
   7      22 loop22 858 0 71754 16600 0 0 0 0 0 16028 16600 0 0 0 0 0 0
   7      23 loop23 43 0 694 3319 0 0 0 0 0 3318 3319 0 0 0 0 0 0
   7      24 loop24 50 0 822 1576 0 0 0 0 0 1575 1576 0 0 0 0 0 0
   7      25 loop25 53 0 736 2797 0 0 0 0 0 2798 2797 0 0 0 0 0 0
   7      26 loop26 60 0 750 3067 0 0 0 0 0 3070 3067 0 0 0 0 0 0
   7      27 loop27 21 0 118 938 0 0 0 0 0 939 938 0 0 0 0 0 0
   7      28 loop28 52 0 1412 1385 0 0 0 0 0 1380 1385 0 0 0 0 0 0
   7      29 loop29 995 0 5736 4498 0 0 0 0 0 2693 4498 0 0 0 0 0 0
   7      30 loop30 453 0 4166 4901 0 0 0 0 0 3488 4901 0 0 0 0 0 0
   7      31 loop31 11 0 28 1 0 0 0 0 0 1 1 0 0 0 0 0 0
   8      48 sdd 178 0 8512 638 0 0 0 0 0 513 638 0 0 0 0 0 0
   8      49 sdd1 111 0 6264 381 0 0 0 0 0 271 381 0 0 0 0 0 0
   8      64 sde 178 0 8512 219 0 0 0 0 0 138 219 0 0 0 0 0 0
   8      65 sde1 111 0 6264 156 0 0 0 0 0 91 156 0 0 0 0 0 0

MOUNTED FILESYSTEMS:
Filesystem     Type      Size  Used Avail Use% Mounted on
tmpfs          tmpfs     1.6G  4.3M  1.6G   1% /run
/dev/sda8      ext4      151G   70G   73G  50% /
tmpfs          tmpfs     7.8G  4.0K  7.8G   1% /dev/shm
tmpfs          tmpfs     5.0M   12K  5.0M   1% /run/lock
efivarfs       efivarfs   84K   71K  8.6K  90% /sys/firmware/efi/efivars
/dev/sda6      fuseblk   401G  244G  158G  61% /media/eclipse
/dev/sda2      vfat      256M  130M  127M  51% /boot/efi
/dev/sda7      ext4      242G  148G   82G  65% /data
tmpfs          tmpfs     1.6G  2.7M  1.6G   1% /run/user/1000
/dev/sdb1      fuseblk   1.9T  1.5T  352G  82% /media/Elements
/dev/sdc1      fuseblk   1.9T  1.6T  253G  87% /media/My Passport

BLOCK DEVICES:
NAME   MODEL                SERIAL            SIZE TYPE FSTYPE   MOUNTPOINTS
loop0                                           4K loop squashfs /snap/bare/5
loop1                                        13.5M loop squashfs /snap/canonical-livepatch/406
loop2                                        13.1M loop squashfs /snap/canonical-livepatch/414
loop3                                        55.5M loop squashfs /snap/core18/2999
loop4                                        55.5M loop squashfs /snap/core18/3084
loop5                                        63.8M loop squashfs /snap/core20/2866
loop6                                        63.8M loop squashfs /snap/core20/2922
loop7                                          74M loop squashfs /snap/core22/2437
loop8                                          74M loop squashfs /snap/core22/2955
loop9                                        66.8M loop squashfs /snap/core24/1643
loop10                                       66.8M loop squashfs /snap/core24/2124
loop11                                       16.5M loop squashfs /snap/firmware-updater/226
loop12                                       12.7M loop squashfs /snap/firmware-updater/258
loop13                                      164.8M loop squashfs /snap/gnome-3-28-1804/198
loop14                                      531.4M loop squashfs /snap/gnome-42-2204/247
loop15                                      531.5M loop squashfs /snap/gnome-42-2204/263
loop16                                      606.1M loop squashfs /snap/gnome-46-2404/153
loop17                                      614.5M loop squashfs /snap/gnome-46-2404/164
loop18                                       91.7M loop squashfs /snap/gtk-common-themes/1535
loop19                                      437.3M loop squashfs /snap/kde-frameworks-5-99-qt-5-15-7-core20/7
loop20                                        1.6G loop squashfs /snap/kf6-core24/64
loop21                                        402M loop squashfs /snap/mesa-2404/1781
loop22                                        402M loop squashfs /snap/mesa-2404/1839
loop23                                       11.8M loop squashfs /snap/snap-store/1390
loop24                                       11.8M loop squashfs /snap/snap-store/1419
loop25                                       50.1M loop squashfs /snap/snapd/27710
loop26                                       50.3M loop squashfs /snap/snapd/27738
loop27                                        828K loop squashfs /snap/snapd-desktop-integration/387
loop28                                        828K loop squashfs /snap/snapd-desktop-integration/391
loop29                                      321.1M loop squashfs /snap/vlc/3777
loop30                                      264.8M loop squashfs /snap/vlc/4472
sda    HGST HTS541010A9E680 JA10021F2V07LN  931.5G disk          
├─sda1                                        650M part ntfs     
├─sda2                                        260M part vfat     /boot/efi
├─sda3                                         16M part          
├─sda4                                      129.2G part ntfs     
├─sda5                                        668M part ntfs     
├─sda6                                      400.4G part ntfs     /media/eclipse
├─sda7                                      246.5G part ext4     /data
└─sda8                                      153.9G part ext4     /
sdd    WDC WD20NMVW-11EDZS6 WD-WXQ1AC51RZLR   1.8T disk          
└─sdd1                                        1.8T part ntfs     
sde    WDC WD20JDRW-11C7VS0 WD-WX72A168PXZX   1.8T disk          
└─sde1                                        1.8T part ntfs     
sr0    hp DVDRAM GU90N      KL3Z8264215      1024M rom           

PROCESS I/O:
Linux 6.8.0-139-generic (dkvlko-HP-ENVY-15-Notebook-PC) 	25/09/26 	_x86_64_	(4 CPU)

12:20:40 PM IST   UID       PID   kB_rd/s   kB_wr/s kB_ccwr/s iodelay  Command

Average:      UID       PID   kB_rd/s   kB_wr/s kB_ccwr/s iodelay  Command

IOSTAT:
Linux 6.8.0-139-generic (dkvlko-HP-ENVY-15-Notebook-PC) 	25/09/26 	_x86_64_	(4 CPU)

avg-cpu:  %user   %nice %system %iowait  %steal   %idle
          19.39   71.91    2.58    1.18    0.00    4.94

Device            r/s     rkB/s   rrqm/s  %rrqm r_await rareq-sz     w/s     wkB/s   wrqm/s  %wrqm w_await wareq-sz     d/s     dkB/s   drqm/s  %drqm d_await dareq-sz     f/s f_await  aqu-sz  %util
loop0            0.00      0.00     0.00   0.00    2.50     1.21    0.00      0.00     0.00   0.00    0.00     0.00    0.00      0.00     0.00   0.00    0.00     0.00    0.00    0.00    0.00   0.00
loop1            0.00      0.00     0.00   0.00  134.18     7.82    0.00      0.00     0.00   0.00    0.00     0.00    0.00      0.00     0.00   0.00    0.00     0.00    0.00    0.00    0.00   0.01
loop10           0.01      0.20     0.00   0.00   23.26    13.94    0.00      0.00     0.00   0.00    0.00     0.00    0.00      0.00     0.00   0.00    0.00     0.00    0.00    0.00    0.00   0.02
loop11           0.00      0.00     0.00   0.00   38.21     8.09    0.00      0.00     0.00   0.00    0.00     0.00    0.00      0.00     0.00   0.00    0.00     0.00    0.00    0.00    0.00   0.00
loop12           0.00      0.13     0.00   0.00   29.15    35.51    0.00      0.00     0.00   0.00    0.00     0.00    0.00      0.00     0.00   0.00    0.00     0.00    0.00    0.00    0.00   0.01
loop13           0.01      0.03     0.00   0.00    7.07     3.21    0.00      0.00     0.00   0.00    0.00     0.00    0.00      0.00     0.00   0.00    0.00     0.00    0.00    0.00    0.00   0.00
loop14           0.01      0.04     0.00   0.00    6.01     3.79    0.00      0.00     0.00   0.00    0.00     0.00    0.00      0.00     0.00   0.00    0.00     0.00    0.00    0.00    0.00   0.00
loop15           0.01      0.04     0.00   0.00    7.74     3.81    0.00      0.00     0.00   0.00    0.00     0.00    0.00      0.00     0.00   0.00    0.00     0.00    0.00    0.00    0.00   0.01
loop16           0.01      0.04     0.00   0.00    6.65     3.79    0.00      0.00     0.00   0.00    0.00     0.00    0.00      0.00     0.00   0.00    0.00     0.00    0.00    0.00    0.00   0.01
loop17           0.03      0.54     0.00   0.00   29.92    16.81    0.00      0.00     0.00   0.00    0.00     0.00    0.00      0.00     0.00   0.00    0.00     0.00    0.00    0.00    0.00   0.09
loop18           0.04      0.11     0.00   0.00    3.31     2.85    0.00      0.00     0.00   0.00    0.00     0.00    0.00      0.00     0.00   0.00    0.00     0.00    0.00    0.00    0.00   0.01
loop19           0.01      0.04     0.00   0.00    5.31     3.75    0.00      0.00     0.00   0.00    0.00     0.00    0.00      0.00     0.00   0.00    0.00     0.00    0.00    0.00    0.00   0.00
loop2            0.01      0.31     0.00   0.00   26.40    42.27    0.00      0.00     0.00   0.00    0.00     0.00    0.00      0.00     0.00   0.00    0.00     0.00    0.00    0.00    0.00   0.02
loop20           0.04      0.12     0.00   0.00    1.68     2.73    0.00      0.00     0.00   0.00    0.00     0.00    0.00      0.00     0.00   0.00    0.00     0.00    0.00    0.00    0.00   0.01
loop21           0.00      0.02     0.00   0.00   71.31    16.10    0.00      0.00     0.00   0.00    0.00     0.00    0.00      0.00     0.00   0.00    0.00     0.00    0.00    0.00    0.00   0.01
loop22           0.01      0.49     0.00   0.00   19.35    41.81    0.00      0.00     0.00   0.00    0.00     0.00    0.00      0.00     0.00   0.00    0.00     0.00    0.00    0.00    0.00   0.02
loop23           0.00      0.00     0.00   0.00   77.19     8.07    0.00      0.00     0.00   0.00    0.00     0.00    0.00      0.00     0.00   0.00    0.00     0.00    0.00    0.00    0.00   0.00
loop24           0.00      0.01     0.00   0.00   31.52     8.22    0.00      0.00     0.00   0.00    0.00     0.00    0.00      0.00     0.00   0.00    0.00     0.00    0.00    0.00    0.00   0.00
loop25           0.00      0.01     0.00   0.00   52.77     6.94    0.00      0.00     0.00   0.00    0.00     0.00    0.00      0.00     0.00   0.00    0.00     0.00    0.00    0.00    0.00   0.00
loop26           0.00      0.01     0.00   0.00   51.12     6.25    0.00      0.00     0.00   0.00    0.00     0.00    0.00      0.00     0.00   0.00    0.00     0.00    0.00    0.00    0.00   0.00
loop27           0.00      0.00     0.00   0.00   44.67     2.81    0.00      0.00     0.00   0.00    0.00     0.00    0.00      0.00     0.00   0.00    0.00     0.00    0.00    0.00    0.00   0.00
loop28           0.00      0.01     0.00   0.00   26.63    13.58    0.00      0.00     0.00   0.00    0.00     0.00    0.00      0.00     0.00   0.00    0.00     0.00    0.00    0.00    0.00   0.00
loop29           0.01      0.04     0.00   0.00    4.52     2.88    0.00      0.00     0.00   0.00    0.00     0.00    0.00      0.00     0.00   0.00    0.00     0.00    0.00    0.00    0.00   0.00
loop3            0.00      0.01     0.00   0.00    6.81     2.93    0.00      0.00     0.00   0.00    0.00     0.00    0.00      0.00     0.00   0.00    0.00     0.00    0.00    0.00    0.00   0.00
loop30           0.01      0.03     0.00   0.00   10.82     4.60    0.00      0.00     0.00   0.00    0.00     0.00    0.00      0.00     0.00   0.00    0.00     0.00    0.00    0.00    0.00   0.00
loop31           0.00      0.00     0.00   0.00    0.09     1.27    0.00      0.00     0.00   0.00    0.00     0.00    0.00      0.00     0.00   0.00    0.00     0.00    0.00    0.00    0.00   0.00
loop4            0.00      0.01     0.00   0.00    9.97     2.94    0.00      0.00     0.00   0.00    0.00     0.00    0.00      0.00     0.00   0.00    0.00     0.00    0.00    0.00    0.00   0.00
loop5            0.00      0.01     0.00   0.00    7.90     2.90    0.00      0.00     0.00   0.00    0.00     0.00    0.00      0.00     0.00   0.00    0.00     0.00    0.00    0.00    0.00   0.00
loop6            0.00      0.01     0.00   0.00   21.16     2.88    0.00      0.00     0.00   0.00    0.00     0.00    0.00      0.00     0.00   0.00    0.00     0.00    0.00    0.00    0.00   0.01
loop7            0.01      0.02     0.00   0.00   20.32     4.58    0.00      0.00     0.00   0.00    0.00     0.00    0.00      0.00     0.00   0.00    0.00     0.00    0.00    0.00    0.00   0.01
loop8            0.01      0.03     0.00   0.00    6.77     3.74    0.00      0.00     0.00   0.00    0.00     0.00    0.00      0.00     0.00   0.00    0.00     0.00    0.00    0.00    0.00   0.01
loop9            0.00      0.02     0.00   0.00   11.51     5.23    0.00      0.00     0.00   0.00    0.00     0.00    0.00      0.00     0.00   0.00    0.00     0.00    0.00    0.00    0.00   0.00
sda             14.02   1061.42     8.26  37.07   29.64    75.69   13.39   1982.45    30.64  69.59   28.76   148.08    0.00      0.00     0.00   0.00    0.00     0.00    1.90   20.96    0.84  12.12
sdd              0.00      0.06     0.00   0.00    3.58    23.91    0.00      0.00     0.00   0.00    0.00     0.00    0.00      0.00     0.00   0.00    0.00     0.00    0.00    0.00    0.00   0.00
sde              0.00      0.06     0.00   0.00    1.23    23.91    0.00      0.00     0.00   0.00    0.00     0.00    0.00      0.00     0.00   0.00    0.00     0.00    0.00    0.00    0.00   0.00



==============================================================
2026-09-25 12:21:41 +0530 CHECK=3
==============================================================

VMSTAT:
procs -----------memory---------- ---swap-- -----io---- -system-- -------cpu-------
 r  b   swpd   free   buff  cache   si   so    bi    bo   in   cs us sy id wa st gu
 1  0 2421084 2062008  84996 11041704   40   94  1064  1980 4914   11 91  3  5  1  0  0
 1  0 2421084 2062008  84996 11041704    0    0     0     0 1398 2870  9  2 89  0  0  0

DISK STATISTICS:
   7       0 loop0 14 0 34 35 0 0 0 0 0 36 35 0 0 0 0 0 0
   7       1 loop1 45 0 704 6038 0 0 0 0 0 6039 6038 0 0 0 0 0 0
   7       2 loop2 543 0 45910 14335 0 0 0 0 0 14333 14335 0 0 0 0 0 0
   7       3 loop3 321 0 1884 2186 0 0 0 0 0 2192 2186 0 0 0 0 0 0
   7       4 loop4 321 0 1886 3201 0 0 0 0 0 3203 3201 0 0 0 0 0 0
   7       5 loop5 343 0 1990 2711 0 0 0 0 0 2704 2711 0 0 0 0 0 0
   7       6 loop6 345 0 1986 7301 0 0 0 0 0 7300 7301 0 0 0 0 0 0
   7       7 loop7 397 0 3634 8066 0 0 0 0 0 6493 8066 0 0 0 0 0 0
   8       0 sda 1030623 608299 155972128 30536472 983952 2251221 291285130 28291483 0 8903034 61755686 0 0 0 0 139746 2927730
   8       1 sda1 116 0 8352 1867 0 0 0 0 0 1586 1867 0 0 0 0 0 0
   8       2 sda2 1698 536 15956 11998 2 0 2 74 0 8395 12072 0 0 0 0 0 0
   8       3 sda3 92 0 2336 1229 0 0 0 0 0 1120 1229 0 0 0 0 0 0
   8       4 sda4 116 0 8352 1842 0 0 0 0 0 1614 1842 0 0 0 0 0 0
   8       5 sda5 116 0 8352 2398 0 0 0 0 0 1952 2398 0 0 0 0 0 0
   8       6 sda6 216 1 33472 13878 0 0 0 0 0 11340 13878 0 0 0 0 0 0
   8       7 sda7 335708 6472 121182626 7291223 348935 102869 258341392 14686146 0 5738233 21977370 0 0 0 0 0 0
   8       8 sda8 692460 601290 34708154 23201271 635015 2148352 32943736 13605262 0 7536894 36806533 0 0 0 0 0 0
  11       0 sr0 0 0 0 0 0 0 0 0 0 0 0 0 0 0 0 0 0
   7       8 loop8 623 0 4658 4216 0 0 0 0 0 4084 4216 0 0 0 0 0 0
   7       9 loop9 302 0 3158 3477 0 0 0 0 0 2869 3477 0 0 0 0 0 0
   7      10 loop10 1069 0 29794 24861 0 0 0 0 0 16048 24861 0 0 0 0 0 0
   7      11 loop11 43 0 696 1643 0 0 0 0 0 1644 1643 0 0 0 0 0 0
   7      12 loop12 265 0 18820 7724 0 0 0 0 0 7724 7724 0 0 0 0 0 0
   7      13 loop13 722 0 4630 5102 0 0 0 0 0 2940 5102 0 0 0 0 0 0
   7      14 loop14 680 0 5150 4089 0 0 0 0 0 2347 4089 0 0 0 0 0 0
   7      15 loop15 684 0 5214 5291 0 0 0 0 0 5167 5291 0 0 0 0 0 0
   7      16 loop16 680 0 5152 4519 0 0 0 0 0 3793 4519 0 0 0 0 0 0
   7      17 loop17 2354 0 79126 70429 0 0 0 0 0 64050 70429 0 0 0 0 0 0
   7      18 loop18 2715 0 15484 8978 0 0 0 0 0 7890 8978 0 0 0 0 0 0
   7      19 loop19 754 0 5652 4004 0 0 0 0 0 2105 4004 0 0 0 0 0 0
   7      20 loop20 3285 0 17930 5524 0 0 0 0 0 4444 5524 0 0 0 0 0 0
   7      21 loop21 70 0 2254 4992 0 0 0 0 0 4569 4992 0 0 0 0 0 0
   7      22 loop22 858 0 71754 16600 0 0 0 0 0 16028 16600 0 0 0 0 0 0
   7      23 loop23 43 0 694 3319 0 0 0 0 0 3318 3319 0 0 0 0 0 0
   7      24 loop24 50 0 822 1576 0 0 0 0 0 1575 1576 0 0 0 0 0 0
   7      25 loop25 53 0 736 2797 0 0 0 0 0 2798 2797 0 0 0 0 0 0
   7      26 loop26 60 0 750 3067 0 0 0 0 0 3070 3067 0 0 0 0 0 0
   7      27 loop27 21 0 118 938 0 0 0 0 0 939 938 0 0 0 0 0 0
   7      28 loop28 52 0 1412 1385 0 0 0 0 0 1380 1385 0 0 0 0 0 0
   7      29 loop29 995 0 5736 4498 0 0 0 0 0 2693 4498 0 0 0 0 0 0
   7      30 loop30 453 0 4166 4901 0 0 0 0 0 3488 4901 0 0 0 0 0 0
   7      31 loop31 11 0 28 1 0 0 0 0 0 1 1 0 0 0 0 0 0
   8      48 sdd 178 0 8512 638 0 0 0 0 0 513 638 0 0 0 0 0 0
   8      49 sdd1 111 0 6264 381 0 0 0 0 0 271 381 0 0 0 0 0 0
   8      64 sde 178 0 8512 219 0 0 0 0 0 138 219 0 0 0 0 0 0
   8      65 sde1 111 0 6264 156 0 0 0 0 0 91 156 0 0 0 0 0 0

MOUNTED FILESYSTEMS:
Filesystem     Type      Size  Used Avail Use% Mounted on
tmpfs          tmpfs     1.6G  4.3M  1.6G   1% /run
/dev/sda8      ext4      151G   70G   73G  50% /
tmpfs          tmpfs     7.8G  4.0K  7.8G   1% /dev/shm
tmpfs          tmpfs     5.0M   12K  5.0M   1% /run/lock
efivarfs       efivarfs   84K   71K  8.6K  90% /sys/firmware/efi/efivars
/dev/sda6      fuseblk   401G  244G  158G  61% /media/eclipse
/dev/sda2      vfat      256M  130M  127M  51% /boot/efi
/dev/sda7      ext4      242G  148G   82G  65% /data
tmpfs          tmpfs     1.6G  2.7M  1.6G   1% /run/user/1000
/dev/sdb1      fuseblk   1.9T  1.5T  352G  82% /media/Elements
/dev/sdc1      fuseblk   1.9T  1.6T  253G  87% /media/My Passport

BLOCK DEVICES:
NAME   MODEL                SERIAL            SIZE TYPE FSTYPE   MOUNTPOINTS
loop0                                           4K loop squashfs /snap/bare/5
loop1                                        13.5M loop squashfs /snap/canonical-livepatch/406
loop2                                        13.1M loop squashfs /snap/canonical-livepatch/414
loop3                                        55.5M loop squashfs /snap/core18/2999
loop4                                        55.5M loop squashfs /snap/core18/3084
loop5                                        63.8M loop squashfs /snap/core20/2866
loop6                                        63.8M loop squashfs /snap/core20/2922
loop7                                          74M loop squashfs /snap/core22/2437
loop8                                          74M loop squashfs /snap/core22/2955
loop9                                        66.8M loop squashfs /snap/core24/1643
loop10                                       66.8M loop squashfs /snap/core24/2124
loop11                                       16.5M loop squashfs /snap/firmware-updater/226
loop12                                       12.7M loop squashfs /snap/firmware-updater/258
loop13                                      164.8M loop squashfs /snap/gnome-3-28-1804/198
loop14                                      531.4M loop squashfs /snap/gnome-42-2204/247
loop15                                      531.5M loop squashfs /snap/gnome-42-2204/263
loop16                                      606.1M loop squashfs /snap/gnome-46-2404/153
loop17                                      614.5M loop squashfs /snap/gnome-46-2404/164
loop18                                       91.7M loop squashfs /snap/gtk-common-themes/1535
loop19                                      437.3M loop squashfs /snap/kde-frameworks-5-99-qt-5-15-7-core20/7
loop20                                        1.6G loop squashfs /snap/kf6-core24/64
loop21                                        402M loop squashfs /snap/mesa-2404/1781
loop22                                        402M loop squashfs /snap/mesa-2404/1839
loop23                                       11.8M loop squashfs /snap/snap-store/1390
loop24                                       11.8M loop squashfs /snap/snap-store/1419
loop25                                       50.1M loop squashfs /snap/snapd/27710
loop26                                       50.3M loop squashfs /snap/snapd/27738
loop27                                        828K loop squashfs /snap/snapd-desktop-integration/387
loop28                                        828K loop squashfs /snap/snapd-desktop-integration/391
loop29                                      321.1M loop squashfs /snap/vlc/3777
loop30                                      264.8M loop squashfs /snap/vlc/4472
sda    HGST HTS541010A9E680 JA10021F2V07LN  931.5G disk          
├─sda1                                        650M part ntfs     
├─sda2                                        260M part vfat     /boot/efi
├─sda3                                         16M part          
├─sda4                                      129.2G part ntfs     
├─sda5                                        668M part ntfs     
├─sda6                                      400.4G part ntfs     /media/eclipse
├─sda7                                      246.5G part ext4     /data
└─sda8                                      153.9G part ext4     /
sdd    WDC WD20NMVW-11EDZS6 WD-WXQ1AC51RZLR   1.8T disk          
└─sdd1                                        1.8T part ntfs     
sde    WDC WD20JDRW-11C7VS0 WD-WX72A168PXZX   1.8T disk          
└─sde1                                        1.8T part ntfs     
sr0    hp DVDRAM GU90N      KL3Z8264215      1024M rom           

PROCESS I/O:
Linux 6.8.0-139-generic (dkvlko-HP-ENVY-15-Notebook-PC) 	25/09/26 	_x86_64_	(4 CPU)

12:21:43 PM IST   UID       PID   kB_rd/s   kB_wr/s kB_ccwr/s iodelay  Command

Average:      UID       PID   kB_rd/s   kB_wr/s kB_ccwr/s iodelay  Command

IOSTAT:
Linux 6.8.0-139-generic (dkvlko-HP-ENVY-15-Notebook-PC) 	25/09/26 	_x86_64_	(4 CPU)

avg-cpu:  %user   %nice %system %iowait  %steal   %idle
          19.38   71.85    2.58    1.18    0.00    5.00

Device            r/s     rkB/s   rrqm/s  %rrqm r_await rareq-sz     w/s     wkB/s   wrqm/s  %wrqm w_await wareq-sz     d/s     dkB/s   drqm/s  %drqm d_await dareq-sz     f/s f_await  aqu-sz  %util
loop0            0.00      0.00     0.00   0.00    2.50     1.21    0.00      0.00     0.00   0.00    0.00     0.00    0.00      0.00     0.00   0.00    0.00     0.00    0.00    0.00    0.00   0.00
loop1            0.00      0.00     0.00   0.00  134.18     7.82    0.00      0.00     0.00   0.00    0.00     0.00    0.00      0.00     0.00   0.00    0.00     0.00    0.00    0.00    0.00   0.01
loop10           0.01      0.20     0.00   0.00   23.26    13.94    0.00      0.00     0.00   0.00    0.00     0.00    0.00      0.00     0.00   0.00    0.00     0.00    0.00    0.00    0.00   0.02
loop11           0.00      0.00     0.00   0.00   38.21     8.09    0.00      0.00     0.00   0.00    0.00     0.00    0.00      0.00     0.00   0.00    0.00     0.00    0.00    0.00    0.00   0.00
loop12           0.00      0.13     0.00   0.00   29.15    35.51    0.00      0.00     0.00   0.00    0.00     0.00    0.00      0.00     0.00   0.00    0.00     0.00    0.00    0.00    0.00   0.01
loop13           0.01      0.03     0.00   0.00    7.07     3.21    0.00      0.00     0.00   0.00    0.00     0.00    0.00      0.00     0.00   0.00    0.00     0.00    0.00    0.00    0.00   0.00
loop14           0.01      0.04     0.00   0.00    6.01     3.79    0.00      0.00     0.00   0.00    0.00     0.00    0.00      0.00     0.00   0.00    0.00     0.00    0.00    0.00    0.00   0.00
loop15           0.01      0.04     0.00   0.00    7.74     3.81    0.00      0.00     0.00   0.00    0.00     0.00    0.00      0.00     0.00   0.00    0.00     0.00    0.00    0.00    0.00   0.01
loop16           0.01      0.04     0.00   0.00    6.65     3.79    0.00      0.00     0.00   0.00    0.00     0.00    0.00      0.00     0.00   0.00    0.00     0.00    0.00    0.00    0.00   0.01
loop17           0.03      0.54     0.00   0.00   29.92    16.81    0.00      0.00     0.00   0.00    0.00     0.00    0.00      0.00     0.00   0.00    0.00     0.00    0.00    0.00    0.00   0.09
loop18           0.04      0.11     0.00   0.00    3.31     2.85    0.00      0.00     0.00   0.00    0.00     0.00    0.00      0.00     0.00   0.00    0.00     0.00    0.00    0.00    0.00   0.01
loop19           0.01      0.04     0.00   0.00    5.31     3.75    0.00      0.00     0.00   0.00    0.00     0.00    0.00      0.00     0.00   0.00    0.00     0.00    0.00    0.00    0.00   0.00
loop2            0.01      0.31     0.00   0.00   26.40    42.27    0.00      0.00     0.00   0.00    0.00     0.00    0.00      0.00     0.00   0.00    0.00     0.00    0.00    0.00    0.00   0.02
loop20           0.04      0.12     0.00   0.00    1.68     2.73    0.00      0.00     0.00   0.00    0.00     0.00    0.00      0.00     0.00   0.00    0.00     0.00    0.00    0.00    0.00   0.01
loop21           0.00      0.02     0.00   0.00   71.31    16.10    0.00      0.00     0.00   0.00    0.00     0.00    0.00      0.00     0.00   0.00    0.00     0.00    0.00    0.00    0.00   0.01
loop22           0.01      0.49     0.00   0.00   19.35    41.81    0.00      0.00     0.00   0.00    0.00     0.00    0.00      0.00     0.00   0.00    0.00     0.00    0.00    0.00    0.00   0.02
loop23           0.00      0.00     0.00   0.00   77.19     8.07    0.00      0.00     0.00   0.00    0.00     0.00    0.00      0.00     0.00   0.00    0.00     0.00    0.00    0.00    0.00   0.00
loop24           0.00      0.01     0.00   0.00   31.52     8.22    0.00      0.00     0.00   0.00    0.00     0.00    0.00      0.00     0.00   0.00    0.00     0.00    0.00    0.00    0.00   0.00
loop25           0.00      0.01     0.00   0.00   52.77     6.94    0.00      0.00     0.00   0.00    0.00     0.00    0.00      0.00     0.00   0.00    0.00     0.00    0.00    0.00    0.00   0.00
loop26           0.00      0.01     0.00   0.00   51.12     6.25    0.00      0.00     0.00   0.00    0.00     0.00    0.00      0.00     0.00   0.00    0.00     0.00    0.00    0.00    0.00   0.00
loop27           0.00      0.00     0.00   0.00   44.67     2.81    0.00      0.00     0.00   0.00    0.00     0.00    0.00      0.00     0.00   0.00    0.00     0.00    0.00    0.00    0.00   0.00
loop28           0.00      0.01     0.00   0.00   26.63    13.58    0.00      0.00     0.00   0.00    0.00     0.00    0.00      0.00     0.00   0.00    0.00     0.00    0.00    0.00    0.00   0.00
loop29           0.01      0.04     0.00   0.00    4.52     2.88    0.00      0.00     0.00   0.00    0.00     0.00    0.00      0.00     0.00   0.00    0.00     0.00    0.00    0.00    0.00   0.00
loop3            0.00      0.01     0.00   0.00    6.81     2.93    0.00      0.00     0.00   0.00    0.00     0.00    0.00      0.00     0.00   0.00    0.00     0.00    0.00    0.00    0.00   0.00
loop30           0.01      0.03     0.00   0.00   10.82     4.60    0.00      0.00     0.00   0.00    0.00     0.00    0.00      0.00     0.00   0.00    0.00     0.00    0.00    0.00    0.00   0.00
loop31           0.00      0.00     0.00   0.00    0.09     1.27    0.00      0.00     0.00   0.00    0.00     0.00    0.00      0.00     0.00   0.00    0.00     0.00    0.00    0.00    0.00   0.00
loop4            0.00      0.01     0.00   0.00    9.97     2.94    0.00      0.00     0.00   0.00    0.00     0.00    0.00      0.00     0.00   0.00    0.00     0.00    0.00    0.00    0.00   0.00
loop5            0.00      0.01     0.00   0.00    7.90     2.90    0.00      0.00     0.00   0.00    0.00     0.00    0.00      0.00     0.00   0.00    0.00     0.00    0.00    0.00    0.00   0.00
loop6            0.00      0.01     0.00   0.00   21.16     2.88    0.00      0.00     0.00   0.00    0.00     0.00    0.00      0.00     0.00   0.00    0.00     0.00    0.00    0.00    0.00   0.01
loop7            0.01      0.02     0.00   0.00   20.32     4.58    0.00      0.00     0.00   0.00    0.00     0.00    0.00      0.00     0.00   0.00    0.00     0.00    0.00    0.00    0.00   0.01
loop8            0.01      0.03     0.00   0.00    6.77     3.74    0.00      0.00     0.00   0.00    0.00     0.00    0.00      0.00     0.00   0.00    0.00     0.00    0.00    0.00    0.00   0.01
loop9            0.00      0.02     0.00   0.00   11.51     5.23    0.00      0.00     0.00   0.00    0.00     0.00    0.00      0.00     0.00   0.00    0.00     0.00    0.00    0.00    0.00   0.00
sda             14.02   1060.63     8.27  37.12   29.63    75.67   13.38   1980.78    30.62  69.59   28.75   148.02    0.00      0.00     0.00   0.00    0.00     0.00    1.90   20.95    0.84  12.11
sdd              0.00      0.06     0.00   0.00    3.58    23.91    0.00      0.00     0.00   0.00    0.00     0.00    0.00      0.00     0.00   0.00    0.00     0.00    0.00    0.00    0.00   0.00
sde              0.00      0.06     0.00   0.00    1.23    23.91    0.00      0.00     0.00   0.00    0.00     0.00    0.00      0.00     0.00   0.00    0.00     0.00    0.00    0.00    0.00   0.00



==============================================================
2026-09-25 12:22:44 +0530 CHECK=4
==============================================================

VMSTAT:
procs -----------memory---------- ---swap-- -----io---- -system-- -------cpu-------
 r  b   swpd   free   buff  cache   si   so    bi    bo   in   cs us sy id wa st gu
 0  0 2420316 1983240  85216 11043964   40   94  1064  1979 4913   11 91  3  5  1  0  0
 1  0 2420316 1982484  85216 11044240    0    0     0     0 2695 3839 15  3 82  0  0  0

DISK STATISTICS:
   7       0 loop0 14 0 34 35 0 0 0 0 0 36 35 0 0 0 0 0 0
   7       1 loop1 45 0 704 6038 0 0 0 0 0 6039 6038 0 0 0 0 0 0
   7       2 loop2 543 0 45910 14335 0 0 0 0 0 14333 14335 0 0 0 0 0 0
   7       3 loop3 321 0 1884 2186 0 0 0 0 0 2192 2186 0 0 0 0 0 0
   7       4 loop4 321 0 1886 3201 0 0 0 0 0 3203 3201 0 0 0 0 0 0
   7       5 loop5 343 0 1990 2711 0 0 0 0 0 2704 2711 0 0 0 0 0 0
   7       6 loop6 345 0 1986 7301 0 0 0 0 0 7300 7301 0 0 0 0 0 0
   7       7 loop7 397 0 3634 8066 0 0 0 0 0 6493 8066 0 0 0 0 0 0
   8       0 sda 1030731 608505 155975848 30537819 984577 2251606 291299274 28293920 0 8905095 61760785 0 0 0 0 139838 2929045
   8       1 sda1 116 0 8352 1867 0 0 0 0 0 1586 1867 0 0 0 0 0 0
   8       2 sda2 1698 536 15956 11998 2 0 2 74 0 8395 12072 0 0 0 0 0 0
   8       3 sda3 92 0 2336 1229 0 0 0 0 0 1120 1229 0 0 0 0 0 0
   8       4 sda4 116 0 8352 1842 0 0 0 0 0 1614 1842 0 0 0 0 0 0
   8       5 sda5 116 0 8352 2398 0 0 0 0 0 1952 2398 0 0 0 0 0 0
   8       6 sda6 216 1 33472 13878 0 0 0 0 0 11340 13878 0 0 0 0 0 0
   8       7 sda7 335708 6472 121182626 7291223 348935 102869 258341392 14686146 0 5738233 21977370 0 0 0 0 0 0
   8       8 sda8 692568 601496 34711874 23202618 635640 2148737 32957880 13607699 0 7538982 36810317 0 0 0 0 0 0
  11       0 sr0 0 0 0 0 0 0 0 0 0 0 0 0 0 0 0 0 0
   7       8 loop8 623 0 4658 4216 0 0 0 0 0 4084 4216 0 0 0 0 0 0
   7       9 loop9 302 0 3158 3477 0 0 0 0 0 2869 3477 0 0 0 0 0 0
   7      10 loop10 1069 0 29794 24861 0 0 0 0 0 16048 24861 0 0 0 0 0 0
   7      11 loop11 43 0 696 1643 0 0 0 0 0 1644 1643 0 0 0 0 0 0
   7      12 loop12 265 0 18820 7724 0 0 0 0 0 7724 7724 0 0 0 0 0 0
   7      13 loop13 722 0 4630 5102 0 0 0 0 0 2940 5102 0 0 0 0 0 0
   7      14 loop14 680 0 5150 4089 0 0 0 0 0 2347 4089 0 0 0 0 0 0
   7      15 loop15 684 0 5214 5291 0 0 0 0 0 5167 5291 0 0 0 0 0 0
   7      16 loop16 680 0 5152 4519 0 0 0 0 0 3793 4519 0 0 0 0 0 0
   7      17 loop17 2354 0 79126 70429 0 0 0 0 0 64050 70429 0 0 0 0 0 0
   7      18 loop18 2715 0 15484 8978 0 0 0 0 0 7890 8978 0 0 0 0 0 0
   7      19 loop19 754 0 5652 4004 0 0 0 0 0 2105 4004 0 0 0 0 0 0
   7      20 loop20 3285 0 17930 5524 0 0 0 0 0 4444 5524 0 0 0 0 0 0
   7      21 loop21 70 0 2254 4992 0 0 0 0 0 4569 4992 0 0 0 0 0 0
   7      22 loop22 858 0 71754 16600 0 0 0 0 0 16028 16600 0 0 0 0 0 0
   7      23 loop23 43 0 694 3319 0 0 0 0 0 3318 3319 0 0 0 0 0 0
   7      24 loop24 50 0 822 1576 0 0 0 0 0 1575 1576 0 0 0 0 0 0
   7      25 loop25 53 0 736 2797 0 0 0 0 0 2798 2797 0 0 0 0 0 0
   7      26 loop26 60 0 750 3067 0 0 0 0 0 3070 3067 0 0 0 0 0 0
   7      27 loop27 21 0 118 938 0 0 0 0 0 939 938 0 0 0 0 0 0
   7      28 loop28 52 0 1412 1385 0 0 0 0 0 1380 1385 0 0 0 0 0 0
   7      29 loop29 995 0 5736 4498 0 0 0 0 0 2693 4498 0 0 0 0 0 0
   7      30 loop30 453 0 4166 4901 0 0 0 0 0 3488 4901 0 0 0 0 0 0
   7      31 loop31 11 0 28 1 0 0 0 0 0 1 1 0 0 0 0 0 0
   8      48 sdd 178 0 8512 638 0 0 0 0 0 513 638 0 0 0 0 0 0
   8      49 sdd1 111 0 6264 381 0 0 0 0 0 271 381 0 0 0 0 0 0
   8      64 sde 178 0 8512 219 0 0 0 0 0 138 219 0 0 0 0 0 0
   8      65 sde1 111 0 6264 156 0 0 0 0 0 91 156 0 0 0 0 0 0

MOUNTED FILESYSTEMS:
Filesystem     Type      Size  Used Avail Use% Mounted on
tmpfs          tmpfs     1.6G  4.3M  1.6G   1% /run
/dev/sda8      ext4      151G   70G   73G  50% /
tmpfs          tmpfs     7.8G  4.0K  7.8G   1% /dev/shm
tmpfs          tmpfs     5.0M   12K  5.0M   1% /run/lock
efivarfs       efivarfs   84K   71K  8.6K  90% /sys/firmware/efi/efivars
/dev/sda6      fuseblk   401G  244G  158G  61% /media/eclipse
/dev/sda2      vfat      256M  130M  127M  51% /boot/efi
/dev/sda7      ext4      242G  148G   82G  65% /data
tmpfs          tmpfs     1.6G  2.8M  1.6G   1% /run/user/1000
/dev/sdb1      fuseblk   1.9T  1.5T  352G  82% /media/Elements
/dev/sdc1      fuseblk   1.9T  1.6T  253G  87% /media/My Passport

BLOCK DEVICES:
NAME   MODEL                SERIAL            SIZE TYPE FSTYPE   MOUNTPOINTS
loop0                                           4K loop squashfs /snap/bare/5
loop1                                        13.5M loop squashfs /snap/canonical-livepatch/406
loop2                                        13.1M loop squashfs /snap/canonical-livepatch/414
loop3                                        55.5M loop squashfs /snap/core18/2999
loop4                                        55.5M loop squashfs /snap/core18/3084
loop5                                        63.8M loop squashfs /snap/core20/2866
loop6                                        63.8M loop squashfs /snap/core20/2922
loop7                                          74M loop squashfs /snap/core22/2437
loop8                                          74M loop squashfs /snap/core22/2955
loop9                                        66.8M loop squashfs /snap/core24/1643
loop10                                       66.8M loop squashfs /snap/core24/2124
loop11                                       16.5M loop squashfs /snap/firmware-updater/226
loop12                                       12.7M loop squashfs /snap/firmware-updater/258
loop13                                      164.8M loop squashfs /snap/gnome-3-28-1804/198
loop14                                      531.4M loop squashfs /snap/gnome-42-2204/247
loop15                                      531.5M loop squashfs /snap/gnome-42-2204/263
loop16                                      606.1M loop squashfs /snap/gnome-46-2404/153
loop17                                      614.5M loop squashfs /snap/gnome-46-2404/164
loop18                                       91.7M loop squashfs /snap/gtk-common-themes/1535
loop19                                      437.3M loop squashfs /snap/kde-frameworks-5-99-qt-5-15-7-core20/7
loop20                                        1.6G loop squashfs /snap/kf6-core24/64
loop21                                        402M loop squashfs /snap/mesa-2404/1781
loop22                                        402M loop squashfs /snap/mesa-2404/1839
loop23                                       11.8M loop squashfs /snap/snap-store/1390
loop24                                       11.8M loop squashfs /snap/snap-store/1419
loop25                                       50.1M loop squashfs /snap/snapd/27710
loop26                                       50.3M loop squashfs /snap/snapd/27738
loop27                                        828K loop squashfs /snap/snapd-desktop-integration/387
loop28                                        828K loop squashfs /snap/snapd-desktop-integration/391
loop29                                      321.1M loop squashfs /snap/vlc/3777
loop30                                      264.8M loop squashfs /snap/vlc/4472
sda    HGST HTS541010A9E680 JA10021F2V07LN  931.5G disk          
├─sda1                                        650M part ntfs     
├─sda2                                        260M part vfat     /boot/efi
├─sda3                                         16M part          
├─sda4                                      129.2G part ntfs     
├─sda5                                        668M part ntfs     
├─sda6                                      400.4G part ntfs     /media/eclipse
├─sda7                                      246.5G part ext4     /data
└─sda8                                      153.9G part ext4     /
sdd    WDC WD20NMVW-11EDZS6 WD-WXQ1AC51RZLR   1.8T disk          
└─sdd1                                        1.8T part ntfs     
sde    WDC WD20JDRW-11C7VS0 WD-WX72A168PXZX   1.8T disk          
└─sde1                                        1.8T part ntfs     
sr0    hp DVDRAM GU90N      KL3Z8264215      1024M rom           

PROCESS I/O:
Linux 6.8.0-139-generic (dkvlko-HP-ENVY-15-Notebook-PC) 	25/09/26 	_x86_64_	(4 CPU)

12:22:47 PM IST   UID       PID   kB_rd/s   kB_wr/s kB_ccwr/s iodelay  Command
12:22:48 PM IST  1000      7627     15.53      0.00      0.00       0  gnome-shell
12:22:48 PM IST  1000   1022815      0.00     11.65      0.00       0  chrome

Average:      UID       PID   kB_rd/s   kB_wr/s kB_ccwr/s iodelay  Command
Average:     1000      7627     15.53      0.00      0.00       0  gnome-shell
Average:     1000   1022815      0.00     11.65      0.00       0  chrome

IOSTAT:
Linux 6.8.0-139-generic (dkvlko-HP-ENVY-15-Notebook-PC) 	25/09/26 	_x86_64_	(4 CPU)

avg-cpu:  %user   %nice %system %iowait  %steal   %idle
          19.39   71.79    2.58    1.18    0.00    5.06

Device            r/s     rkB/s   rrqm/s  %rrqm r_await rareq-sz     w/s     wkB/s   wrqm/s  %wrqm w_await wareq-sz     d/s     dkB/s   drqm/s  %drqm d_await dareq-sz     f/s f_await  aqu-sz  %util
loop0            0.00      0.00     0.00   0.00    2.50     1.21    0.00      0.00     0.00   0.00    0.00     0.00    0.00      0.00     0.00   0.00    0.00     0.00    0.00    0.00    0.00   0.00
loop1            0.00      0.00     0.00   0.00  134.18     7.82    0.00      0.00     0.00   0.00    0.00     0.00    0.00      0.00     0.00   0.00    0.00     0.00    0.00    0.00    0.00   0.01
loop10           0.01      0.20     0.00   0.00   23.26    13.94    0.00      0.00     0.00   0.00    0.00     0.00    0.00      0.00     0.00   0.00    0.00     0.00    0.00    0.00    0.00   0.02
loop11           0.00      0.00     0.00   0.00   38.21     8.09    0.00      0.00     0.00   0.00    0.00     0.00    0.00      0.00     0.00   0.00    0.00     0.00    0.00    0.00    0.00   0.00
loop12           0.00      0.13     0.00   0.00   29.15    35.51    0.00      0.00     0.00   0.00    0.00     0.00    0.00      0.00     0.00   0.00    0.00     0.00    0.00    0.00    0.00   0.01
loop13           0.01      0.03     0.00   0.00    7.07     3.21    0.00      0.00     0.00   0.00    0.00     0.00    0.00      0.00     0.00   0.00    0.00     0.00    0.00    0.00    0.00   0.00
loop14           0.01      0.03     0.00   0.00    6.01     3.79    0.00      0.00     0.00   0.00    0.00     0.00    0.00      0.00     0.00   0.00    0.00     0.00    0.00    0.00    0.00   0.00
loop15           0.01      0.04     0.00   0.00    7.74     3.81    0.00      0.00     0.00   0.00    0.00     0.00    0.00      0.00     0.00   0.00    0.00     0.00    0.00    0.00    0.00   0.01
loop16           0.01      0.04     0.00   0.00    6.65     3.79    0.00      0.00     0.00   0.00    0.00     0.00    0.00      0.00     0.00   0.00    0.00     0.00    0.00    0.00    0.00   0.01
loop17           0.03      0.54     0.00   0.00   29.92    16.81    0.00      0.00     0.00   0.00    0.00     0.00    0.00      0.00     0.00   0.00    0.00     0.00    0.00    0.00    0.00   0.09
loop18           0.04      0.11     0.00   0.00    3.31     2.85    0.00      0.00     0.00   0.00    0.00     0.00    0.00      0.00     0.00   0.00    0.00     0.00    0.00    0.00    0.00   0.01
loop19           0.01      0.04     0.00   0.00    5.31     3.75    0.00      0.00     0.00   0.00    0.00     0.00    0.00      0.00     0.00   0.00    0.00     0.00    0.00    0.00    0.00   0.00
loop2            0.01      0.31     0.00   0.00   26.40    42.27    0.00      0.00     0.00   0.00    0.00     0.00    0.00      0.00     0.00   0.00    0.00     0.00    0.00    0.00    0.00   0.02
loop20           0.04      0.12     0.00   0.00    1.68     2.73    0.00      0.00     0.00   0.00    0.00     0.00    0.00      0.00     0.00   0.00    0.00     0.00    0.00    0.00    0.00   0.01
loop21           0.00      0.02     0.00   0.00   71.31    16.10    0.00      0.00     0.00   0.00    0.00     0.00    0.00      0.00     0.00   0.00    0.00     0.00    0.00    0.00    0.00   0.01
loop22           0.01      0.49     0.00   0.00   19.35    41.81    0.00      0.00     0.00   0.00    0.00     0.00    0.00      0.00     0.00   0.00    0.00     0.00    0.00    0.00    0.00   0.02
loop23           0.00      0.00     0.00   0.00   77.19     8.07    0.00      0.00     0.00   0.00    0.00     0.00    0.00      0.00     0.00   0.00    0.00     0.00    0.00    0.00    0.00   0.00
loop24           0.00      0.01     0.00   0.00   31.52     8.22    0.00      0.00     0.00   0.00    0.00     0.00    0.00      0.00     0.00   0.00    0.00     0.00    0.00    0.00    0.00   0.00
loop25           0.00      0.01     0.00   0.00   52.77     6.94    0.00      0.00     0.00   0.00    0.00     0.00    0.00      0.00     0.00   0.00    0.00     0.00    0.00    0.00    0.00   0.00
loop26           0.00      0.01     0.00   0.00   51.12     6.25    0.00      0.00     0.00   0.00    0.00     0.00    0.00      0.00     0.00   0.00    0.00     0.00    0.00    0.00    0.00   0.00
loop27           0.00      0.00     0.00   0.00   44.67     2.81    0.00      0.00     0.00   0.00    0.00     0.00    0.00      0.00     0.00   0.00    0.00     0.00    0.00    0.00    0.00   0.00
loop28           0.00      0.01     0.00   0.00   26.63    13.58    0.00      0.00     0.00   0.00    0.00     0.00    0.00      0.00     0.00   0.00    0.00     0.00    0.00    0.00    0.00   0.00
loop29           0.01      0.04     0.00   0.00    4.52     2.88    0.00      0.00     0.00   0.00    0.00     0.00    0.00      0.00     0.00   0.00    0.00     0.00    0.00    0.00    0.00   0.00
loop3            0.00      0.01     0.00   0.00    6.81     2.93    0.00      0.00     0.00   0.00    0.00     0.00    0.00      0.00     0.00   0.00    0.00     0.00    0.00    0.00    0.00   0.00
loop30           0.01      0.03     0.00   0.00   10.82     4.60    0.00      0.00     0.00   0.00    0.00     0.00    0.00      0.00     0.00   0.00    0.00     0.00    0.00    0.00    0.00   0.00
loop31           0.00      0.00     0.00   0.00    0.09     1.27    0.00      0.00     0.00   0.00    0.00     0.00    0.00      0.00     0.00   0.00    0.00     0.00    0.00    0.00    0.00   0.00
loop4            0.00      0.01     0.00   0.00    9.97     2.94    0.00      0.00     0.00   0.00    0.00     0.00    0.00      0.00     0.00   0.00    0.00     0.00    0.00    0.00    0.00   0.00
loop5            0.00      0.01     0.00   0.00    7.90     2.90    0.00      0.00     0.00   0.00    0.00     0.00    0.00      0.00     0.00   0.00    0.00     0.00    0.00    0.00    0.00   0.00
loop6            0.00      0.01     0.00   0.00   21.16     2.88    0.00      0.00     0.00   0.00    0.00     0.00    0.00      0.00     0.00   0.00    0.00     0.00    0.00    0.00    0.00   0.01
loop7            0.01      0.02     0.00   0.00   20.32     4.58    0.00      0.00     0.00   0.00    0.00     0.00    0.00      0.00     0.00   0.00    0.00     0.00    0.00    0.00    0.00   0.01
loop8            0.01      0.03     0.00   0.00    6.77     3.74    0.00      0.00     0.00   0.00    0.00     0.00    0.00      0.00     0.00   0.00    0.00     0.00    0.00    0.00    0.00   0.01
loop9            0.00      0.02     0.00   0.00   11.51     5.23    0.00      0.00     0.00   0.00    0.00     0.00    0.00      0.00     0.00   0.00    0.00     0.00    0.00    0.00    0.00   0.00
sda             14.01   1059.74     8.27  37.12   29.63    75.66   13.38   1979.17    30.60  69.58   28.74   147.93    0.00      0.00     0.00   0.00    0.00     0.00    1.90   20.95    0.84  12.10
sdd              0.00      0.06     0.00   0.00    3.58    23.91    0.00      0.00     0.00   0.00    0.00     0.00    0.00      0.00     0.00   0.00    0.00     0.00    0.00    0.00    0.00   0.00
sde              0.00      0.06     0.00   0.00    1.23    23.91    0.00      0.00     0.00   0.00    0.00     0.00    0.00      0.00     0.00   0.00    0.00     0.00    0.00    0.00    0.00   0.00



==============================================================
2026-09-25 12:23:48 +0530 CHECK=5
==============================================================

VMSTAT:
procs -----------memory---------- ---swap-- -----io---- -system-- -------cpu-------
 r  b   swpd   free   buff  cache   si   so    bi    bo   in   cs us sy id wa st gu
 1  0 2420060 1941896  85412 11043144   40   94  1063  1977 4911   11 91  3  5  1  0  0
 5  0 2420060 2086952  85420 11043092    0    0     0    44 7914 2936 31  4 65  0  0  0

DISK STATISTICS:
   7       0 loop0 14 0 34 35 0 0 0 0 0 36 35 0 0 0 0 0 0
   7       1 loop1 45 0 704 6038 0 0 0 0 0 6039 6038 0 0 0 0 0 0
   7       2 loop2 543 0 45910 14335 0 0 0 0 0 14333 14335 0 0 0 0 0 0
   7       3 loop3 321 0 1884 2186 0 0 0 0 0 2192 2186 0 0 0 0 0 0
   7       4 loop4 321 0 1886 3201 0 0 0 0 0 3203 3201 0 0 0 0 0 0
   7       5 loop5 343 0 1990 2711 0 0 0 0 0 2704 2711 0 0 0 0 0 0
   7       6 loop6 345 0 1986 7301 0 0 0 0 0 7300 7301 0 0 0 0 0 0
   7       7 loop7 397 0 3634 8066 0 0 0 0 0 6493 8066 0 0 0 0 0 0
   8       0 sda 1030773 608529 155977336 30538344 985194 2252020 291310274 28297607 0 8906982 61766501 0 0 0 0 139936 2930549
   8       1 sda1 116 0 8352 1867 0 0 0 0 0 1586 1867 0 0 0 0 0 0
   8       2 sda2 1698 536 15956 11998 2 0 2 74 0 8395 12072 0 0 0 0 0 0
   8       3 sda3 92 0 2336 1229 0 0 0 0 0 1120 1229 0 0 0 0 0 0
   8       4 sda4 116 0 8352 1842 0 0 0 0 0 1614 1842 0 0 0 0 0 0
   8       5 sda5 116 0 8352 2398 0 0 0 0 0 1952 2398 0 0 0 0 0 0
   8       6 sda6 216 1 33472 13878 0 0 0 0 0 11340 13878 0 0 0 0 0 0
   8       7 sda7 335708 6472 121182626 7291223 348935 102869 258341392 14686146 0 5738233 21977370 0 0 0 0 0 0
   8       8 sda8 692610 601520 34713362 23203143 636257 2149151 32968880 13611386 0 7540897 36814530 0 0 0 0 0 0
  11       0 sr0 0 0 0 0 0 0 0 0 0 0 0 0 0 0 0 0 0
   7       8 loop8 623 0 4658 4216 0 0 0 0 0 4084 4216 0 0 0 0 0 0
   7       9 loop9 302 0 3158 3477 0 0 0 0 0 2869 3477 0 0 0 0 0 0
   7      10 loop10 1069 0 29794 24861 0 0 0 0 0 16048 24861 0 0 0 0 0 0
   7      11 loop11 43 0 696 1643 0 0 0 0 0 1644 1643 0 0 0 0 0 0
   7      12 loop12 265 0 18820 7724 0 0 0 0 0 7724 7724 0 0 0 0 0 0
   7      13 loop13 722 0 4630 5102 0 0 0 0 0 2940 5102 0 0 0 0 0 0
   7      14 loop14 680 0 5150 4089 0 0 0 0 0 2347 4089 0 0 0 0 0 0
   7      15 loop15 684 0 5214 5291 0 0 0 0 0 5167 5291 0 0 0 0 0 0
   7      16 loop16 680 0 5152 4519 0 0 0 0 0 3793 4519 0 0 0 0 0 0
   7      17 loop17 2354 0 79126 70429 0 0 0 0 0 64050 70429 0 0 0 0 0 0
   7      18 loop18 2715 0 15484 8978 0 0 0 0 0 7890 8978 0 0 0 0 0 0
   7      19 loop19 754 0 5652 4004 0 0 0 0 0 2105 4004 0 0 0 0 0 0
   7      20 loop20 3285 0 17930 5524 0 0 0 0 0 4444 5524 0 0 0 0 0 0
   7      21 loop21 70 0 2254 4992 0 0 0 0 0 4569 4992 0 0 0 0 0 0
   7      22 loop22 858 0 71754 16600 0 0 0 0 0 16028 16600 0 0 0 0 0 0
   7      23 loop23 43 0 694 3319 0 0 0 0 0 3318 3319 0 0 0 0 0 0
   7      24 loop24 50 0 822 1576 0 0 0 0 0 1575 1576 0 0 0 0 0 0
   7      25 loop25 53 0 736 2797 0 0 0 0 0 2798 2797 0 0 0 0 0 0
   7      26 loop26 60 0 750 3067 0 0 0 0 0 3070 3067 0 0 0 0 0 0
   7      27 loop27 21 0 118 938 0 0 0 0 0 939 938 0 0 0 0 0 0
   7      28 loop28 52 0 1412 1385 0 0 0 0 0 1380 1385 0 0 0 0 0 0
   7      29 loop29 995 0 5736 4498 0 0 0 0 0 2693 4498 0 0 0 0 0 0
   7      30 loop30 453 0 4166 4901 0 0 0 0 0 3488 4901 0 0 0 0 0 0
   7      31 loop31 11 0 28 1 0 0 0 0 0 1 1 0 0 0 0 0 0
   8      48 sdd 178 0 8512 638 0 0 0 0 0 513 638 0 0 0 0 0 0
   8      49 sdd1 111 0 6264 381 0 0 0 0 0 271 381 0 0 0 0 0 0
   8      64 sde 178 0 8512 219 0 0 0 0 0 138 219 0 0 0 0 0 0
   8      65 sde1 111 0 6264 156 0 0 0 0 0 91 156 0 0 0 0 0 0

MOUNTED FILESYSTEMS:
Filesystem     Type      Size  Used Avail Use% Mounted on
tmpfs          tmpfs     1.6G  4.3M  1.6G   1% /run
/dev/sda8      ext4      151G   70G   73G  50% /
tmpfs          tmpfs     7.8G  4.0K  7.8G   1% /dev/shm
tmpfs          tmpfs     5.0M   12K  5.0M   1% /run/lock
efivarfs       efivarfs   84K   71K  8.6K  90% /sys/firmware/efi/efivars
/dev/sda6      fuseblk   401G  244G  158G  61% /media/eclipse
/dev/sda2      vfat      256M  130M  127M  51% /boot/efi
/dev/sda7      ext4      242G  148G   82G  65% /data
tmpfs          tmpfs     1.6G  2.8M  1.6G   1% /run/user/1000
/dev/sdb1      fuseblk   1.9T  1.5T  352G  82% /media/Elements
/dev/sdc1      fuseblk   1.9T  1.6T  253G  87% /media/My Passport

BLOCK DEVICES:
NAME   MODEL                SERIAL            SIZE TYPE FSTYPE   MOUNTPOINTS
loop0                                           4K loop squashfs /snap/bare/5
loop1                                        13.5M loop squashfs /snap/canonical-livepatch/406
loop2                                        13.1M loop squashfs /snap/canonical-livepatch/414
loop3                                        55.5M loop squashfs /snap/core18/2999
loop4                                        55.5M loop squashfs /snap/core18/3084
loop5                                        63.8M loop squashfs /snap/core20/2866
loop6                                        63.8M loop squashfs /snap/core20/2922
loop7                                          74M loop squashfs /snap/core22/2437
loop8                                          74M loop squashfs /snap/core22/2955
loop9                                        66.8M loop squashfs /snap/core24/1643
loop10                                       66.8M loop squashfs /snap/core24/2124
loop11                                       16.5M loop squashfs /snap/firmware-updater/226
loop12                                       12.7M loop squashfs /snap/firmware-updater/258
loop13                                      164.8M loop squashfs /snap/gnome-3-28-1804/198
loop14                                      531.4M loop squashfs /snap/gnome-42-2204/247
loop15                                      531.5M loop squashfs /snap/gnome-42-2204/263
loop16                                      606.1M loop squashfs /snap/gnome-46-2404/153
loop17                                      614.5M loop squashfs /snap/gnome-46-2404/164
loop18                                       91.7M loop squashfs /snap/gtk-common-themes/1535
loop19                                      437.3M loop squashfs /snap/kde-frameworks-5-99-qt-5-15-7-core20/7
loop20                                        1.6G loop squashfs /snap/kf6-core24/64
loop21                                        402M loop squashfs /snap/mesa-2404/1781
loop22                                        402M loop squashfs /snap/mesa-2404/1839
loop23                                       11.8M loop squashfs /snap/snap-store/1390
loop24                                       11.8M loop squashfs /snap/snap-store/1419
loop25                                       50.1M loop squashfs /snap/snapd/27710
loop26                                       50.3M loop squashfs /snap/snapd/27738
loop27                                        828K loop squashfs /snap/snapd-desktop-integration/387
loop28                                        828K loop squashfs /snap/snapd-desktop-integration/391
loop29                                      321.1M loop squashfs /snap/vlc/3777
loop30                                      264.8M loop squashfs /snap/vlc/4472
sda    HGST HTS541010A9E680 JA10021F2V07LN  931.5G disk          
├─sda1                                        650M part ntfs     
├─sda2                                        260M part vfat     /boot/efi
├─sda3                                         16M part          
├─sda4                                      129.2G part ntfs     
├─sda5                                        668M part ntfs     
├─sda6                                      400.4G part ntfs     /media/eclipse
├─sda7                                      246.5G part ext4     /data
└─sda8                                      153.9G part ext4     /
sdd    WDC WD20NMVW-11EDZS6 WD-WXQ1AC51RZLR   1.8T disk          
└─sdd1                                        1.8T part ntfs     
sde    WDC WD20JDRW-11C7VS0 WD-WX72A168PXZX   1.8T disk          
└─sde1                                        1.8T part ntfs     
sr0    hp DVDRAM GU90N      KL3Z8264215      1024M rom           

PROCESS I/O:
Linux 6.8.0-139-generic (dkvlko-HP-ENVY-15-Notebook-PC) 	25/09/26 	_x86_64_	(4 CPU)

12:23:50 PM IST   UID       PID   kB_rd/s   kB_wr/s kB_ccwr/s iodelay  Command

Average:      UID       PID   kB_rd/s   kB_wr/s kB_ccwr/s iodelay  Command

IOSTAT:
Linux 6.8.0-139-generic (dkvlko-HP-ENVY-15-Notebook-PC) 	25/09/26 	_x86_64_	(4 CPU)

avg-cpu:  %user   %nice %system %iowait  %steal   %idle
          19.39   71.73    2.58    1.18    0.00    5.12

Device            r/s     rkB/s   rrqm/s  %rrqm r_await rareq-sz     w/s     wkB/s   wrqm/s  %wrqm w_await wareq-sz     d/s     dkB/s   drqm/s  %drqm d_await dareq-sz     f/s f_await  aqu-sz  %util
loop0            0.00      0.00     0.00   0.00    2.50     1.21    0.00      0.00     0.00   0.00    0.00     0.00    0.00      0.00     0.00   0.00    0.00     0.00    0.00    0.00    0.00   0.00
loop1            0.00      0.00     0.00   0.00  134.18     7.82    0.00      0.00     0.00   0.00    0.00     0.00    0.00      0.00     0.00   0.00    0.00     0.00    0.00    0.00    0.00   0.01
loop10           0.01      0.20     0.00   0.00   23.26    13.94    0.00      0.00     0.00   0.00    0.00     0.00    0.00      0.00     0.00   0.00    0.00     0.00    0.00    0.00    0.00   0.02
loop11           0.00      0.00     0.00   0.00   38.21     8.09    0.00      0.00     0.00   0.00    0.00     0.00    0.00      0.00     0.00   0.00    0.00     0.00    0.00    0.00    0.00   0.00
loop12           0.00      0.13     0.00   0.00   29.15    35.51    0.00      0.00     0.00   0.00    0.00     0.00    0.00      0.00     0.00   0.00    0.00     0.00    0.00    0.00    0.00   0.01
loop13           0.01      0.03     0.00   0.00    7.07     3.21    0.00      0.00     0.00   0.00    0.00     0.00    0.00      0.00     0.00   0.00    0.00     0.00    0.00    0.00    0.00   0.00
loop14           0.01      0.03     0.00   0.00    6.01     3.79    0.00      0.00     0.00   0.00    0.00     0.00    0.00      0.00     0.00   0.00    0.00     0.00    0.00    0.00    0.00   0.00
loop15           0.01      0.04     0.00   0.00    7.74     3.81    0.00      0.00     0.00   0.00    0.00     0.00    0.00      0.00     0.00   0.00    0.00     0.00    0.00    0.00    0.00   0.01
loop16           0.01      0.03     0.00   0.00    6.65     3.79    0.00      0.00     0.00   0.00    0.00     0.00    0.00      0.00     0.00   0.00    0.00     0.00    0.00    0.00    0.00   0.01
loop17           0.03      0.54     0.00   0.00   29.92    16.81    0.00      0.00     0.00   0.00    0.00     0.00    0.00      0.00     0.00   0.00    0.00     0.00    0.00    0.00    0.00   0.09
loop18           0.04      0.11     0.00   0.00    3.31     2.85    0.00      0.00     0.00   0.00    0.00     0.00    0.00      0.00     0.00   0.00    0.00     0.00    0.00    0.00    0.00   0.01
loop19           0.01      0.04     0.00   0.00    5.31     3.75    0.00      0.00     0.00   0.00    0.00     0.00    0.00      0.00     0.00   0.00    0.00     0.00    0.00    0.00    0.00   0.00
loop2            0.01      0.31     0.00   0.00   26.40    42.27    0.00      0.00     0.00   0.00    0.00     0.00    0.00      0.00     0.00   0.00    0.00     0.00    0.00    0.00    0.00   0.02
loop20           0.04      0.12     0.00   0.00    1.68     2.73    0.00      0.00     0.00   0.00    0.00     0.00    0.00      0.00     0.00   0.00    0.00     0.00    0.00    0.00    0.00   0.01
loop21           0.00      0.02     0.00   0.00   71.31    16.10    0.00      0.00     0.00   0.00    0.00     0.00    0.00      0.00     0.00   0.00    0.00     0.00    0.00    0.00    0.00   0.01
loop22           0.01      0.49     0.00   0.00   19.35    41.81    0.00      0.00     0.00   0.00    0.00     0.00    0.00      0.00     0.00   0.00    0.00     0.00    0.00    0.00    0.00   0.02
loop23           0.00      0.00     0.00   0.00   77.19     8.07    0.00      0.00     0.00   0.00    0.00     0.00    0.00      0.00     0.00   0.00    0.00     0.00    0.00    0.00    0.00   0.00
loop24           0.00      0.01     0.00   0.00   31.52     8.22    0.00      0.00     0.00   0.00    0.00     0.00    0.00      0.00     0.00   0.00    0.00     0.00    0.00    0.00    0.00   0.00
loop25           0.00      0.00     0.00   0.00   52.77     6.94    0.00      0.00     0.00   0.00    0.00     0.00    0.00      0.00     0.00   0.00    0.00     0.00    0.00    0.00    0.00   0.00
loop26           0.00      0.01     0.00   0.00   51.12     6.25    0.00      0.00     0.00   0.00    0.00     0.00    0.00      0.00     0.00   0.00    0.00     0.00    0.00    0.00    0.00   0.00
loop27           0.00      0.00     0.00   0.00   44.67     2.81    0.00      0.00     0.00   0.00    0.00     0.00    0.00      0.00     0.00   0.00    0.00     0.00    0.00    0.00    0.00   0.00
loop28           0.00      0.01     0.00   0.00   26.63    13.58    0.00      0.00     0.00   0.00    0.00     0.00    0.00      0.00     0.00   0.00    0.00     0.00    0.00    0.00    0.00   0.00
loop29           0.01      0.04     0.00   0.00    4.52     2.88    0.00      0.00     0.00   0.00    0.00     0.00    0.00      0.00     0.00   0.00    0.00     0.00    0.00    0.00    0.00   0.00
loop3            0.00      0.01     0.00   0.00    6.81     2.93    0.00      0.00     0.00   0.00    0.00     0.00    0.00      0.00     0.00   0.00    0.00     0.00    0.00    0.00    0.00   0.00
loop30           0.01      0.03     0.00   0.00   10.82     4.60    0.00      0.00     0.00   0.00    0.00     0.00    0.00      0.00     0.00   0.00    0.00     0.00    0.00    0.00    0.00   0.00
loop31           0.00      0.00     0.00   0.00    0.09     1.27    0.00      0.00     0.00   0.00    0.00     0.00    0.00      0.00     0.00   0.00    0.00     0.00    0.00    0.00    0.00   0.00
loop4            0.00      0.01     0.00   0.00    9.97     2.94    0.00      0.00     0.00   0.00    0.00     0.00    0.00      0.00     0.00   0.00    0.00     0.00    0.00    0.00    0.00   0.00
loop5            0.00      0.01     0.00   0.00    7.90     2.90    0.00      0.00     0.00   0.00    0.00     0.00    0.00      0.00     0.00   0.00    0.00     0.00    0.00    0.00    0.00   0.00
loop6            0.00      0.01     0.00   0.00   21.16     2.88    0.00      0.00     0.00   0.00    0.00     0.00    0.00      0.00     0.00   0.00    0.00     0.00    0.00    0.00    0.00   0.01
loop7            0.01      0.02     0.00   0.00   20.32     4.58    0.00      0.00     0.00   0.00    0.00     0.00    0.00      0.00     0.00   0.00    0.00     0.00    0.00    0.00    0.00   0.01
loop8            0.01      0.03     0.00   0.00    6.77     3.74    0.00      0.00     0.00   0.00    0.00     0.00    0.00      0.00     0.00   0.00    0.00     0.00    0.00    0.00    0.00   0.01
loop9            0.00      0.02     0.00   0.00   11.51     5.23    0.00      0.00     0.00   0.00    0.00     0.00    0.00      0.00     0.00   0.00    0.00     0.00    0.00    0.00    0.00   0.00
sda             13.99   1058.84     8.26  37.12   29.63    75.66   13.38   1977.53    30.58  69.57   28.72   147.84    0.00      0.00     0.00   0.00    0.00     0.00    1.90   20.94    0.84  12.09
sdd              0.00      0.06     0.00   0.00    3.58    23.91    0.00      0.00     0.00   0.00    0.00     0.00    0.00      0.00     0.00   0.00    0.00     0.00    0.00    0.00    0.00   0.00
sde              0.00      0.06     0.00   0.00    1.23    23.91    0.00      0.00     0.00   0.00    0.00     0.00    0.00      0.00     0.00   0.00    0.00     0.00    0.00    0.00    0.00   0.00



==============================================================
2026-09-25 12:24:52 +0530 CHECK=6
==============================================================

VMSTAT:
procs -----------memory---------- ---swap-- -----io---- -system-- -------cpu-------
 r  b   swpd   free   buff  cache   si   so    bi    bo   in   cs us sy id wa st gu
 1  0 2419292 2046444  85596 11064856   40   94  1062  1975 4909   11 91  3  5  1  0  0
 1  0 2419292 2046444  85596 11064868    0    0     0   304 2507 3744  7  2 91  0  0  0

DISK STATISTICS:
   7       0 loop0 14 0 34 35 0 0 0 0 0 36 35 0 0 0 0 0 0
   7       1 loop1 45 0 704 6038 0 0 0 0 0 6039 6038 0 0 0 0 0 0
   7       2 loop2 729 0 62918 14581 0 0 0 0 0 14583 14581 0 0 0 0 0 0
   7       3 loop3 321 0 1884 2186 0 0 0 0 0 2192 2186 0 0 0 0 0 0
   7       4 loop4 321 0 1886 3201 0 0 0 0 0 3203 3201 0 0 0 0 0 0
   7       5 loop5 343 0 1990 2711 0 0 0 0 0 2704 2711 0 0 0 0 0 0
   7       6 loop6 345 0 1986 7301 0 0 0 0 0 7300 7301 0 0 0 0 0 0
   7       7 loop7 397 0 3634 8066 0 0 0 0 0 6493 8066 0 0 0 0 0 0
   8       0 sda 1031032 608663 155991640 30539766 985795 2252397 291319434 28299442 0 8909459 61771232 0 0 0 0 140033 2932023
   8       1 sda1 116 0 8352 1867 0 0 0 0 0 1586 1867 0 0 0 0 0 0
   8       2 sda2 1698 536 15956 11998 2 0 2 74 0 8395 12072 0 0 0 0 0 0
   8       3 sda3 92 0 2336 1229 0 0 0 0 0 1120 1229 0 0 0 0 0 0
   8       4 sda4 116 0 8352 1842 0 0 0 0 0 1614 1842 0 0 0 0 0 0
   8       5 sda5 116 0 8352 2398 0 0 0 0 0 1952 2398 0 0 0 0 0 0
   8       6 sda6 216 1 33472 13878 0 0 0 0 0 11340 13878 0 0 0 0 0 0
   8       7 sda7 335708 6472 121182626 7291223 348935 102869 258341392 14686146 0 5738233 21977370 0 0 0 0 0 0
   8       8 sda8 692869 601654 34727666 23204564 636858 2149528 32978040 13613221 0 7543513 36817786 0 0 0 0 0 0
  11       0 sr0 0 0 0 0 0 0 0 0 0 0 0 0 0 0 0 0 0
   7       8 loop8 624 0 4662 4226 0 0 0 0 0 4094 4226 0 0 0 0 0 0
   7       9 loop9 302 0 3158 3477 0 0 0 0 0 2869 3477 0 0 0 0 0 0
   7      10 loop10 1069 0 29794 24861 0 0 0 0 0 16048 24861 0 0 0 0 0 0
   7      11 loop11 43 0 696 1643 0 0 0 0 0 1644 1643 0 0 0 0 0 0
   7      12 loop12 265 0 18820 7724 0 0 0 0 0 7724 7724 0 0 0 0 0 0
   7      13 loop13 722 0 4630 5102 0 0 0 0 0 2940 5102 0 0 0 0 0 0
   7      14 loop14 680 0 5150 4089 0 0 0 0 0 2347 4089 0 0 0 0 0 0
   7      15 loop15 684 0 5214 5291 0 0 0 0 0 5167 5291 0 0 0 0 0 0
   7      16 loop16 680 0 5152 4519 0 0 0 0 0 3793 4519 0 0 0 0 0 0
   7      17 loop17 2354 0 79126 70429 0 0 0 0 0 64050 70429 0 0 0 0 0 0
   7      18 loop18 2715 0 15484 8978 0 0 0 0 0 7890 8978 0 0 0 0 0 0
   7      19 loop19 754 0 5652 4004 0 0 0 0 0 2105 4004 0 0 0 0 0 0
   7      20 loop20 3285 0 17930 5524 0 0 0 0 0 4444 5524 0 0 0 0 0 0
   7      21 loop21 70 0 2254 4992 0 0 0 0 0 4569 4992 0 0 0 0 0 0
   7      22 loop22 858 0 71754 16600 0 0 0 0 0 16028 16600 0 0 0 0 0 0
   7      23 loop23 43 0 694 3319 0 0 0 0 0 3318 3319 0 0 0 0 0 0
   7      24 loop24 50 0 822 1576 0 0 0 0 0 1575 1576 0 0 0 0 0 0
   7      25 loop25 53 0 736 2797 0 0 0 0 0 2798 2797 0 0 0 0 0 0
   7      26 loop26 60 0 750 3067 0 0 0 0 0 3070 3067 0 0 0 0 0 0
   7      27 loop27 21 0 118 938 0 0 0 0 0 939 938 0 0 0 0 0 0
   7      28 loop28 52 0 1412 1385 0 0 0 0 0 1380 1385 0 0 0 0 0 0
   7      29 loop29 995 0 5736 4498 0 0 0 0 0 2693 4498 0 0 0 0 0 0
   7      30 loop30 453 0 4166 4901 0 0 0 0 0 3488 4901 0 0 0 0 0 0
   7      31 loop31 11 0 28 1 0 0 0 0 0 1 1 0 0 0 0 0 0
   8      48 sdd 178 0 8512 638 0 0 0 0 0 513 638 0 0 0 0 0 0
   8      49 sdd1 111 0 6264 381 0 0 0 0 0 271 381 0 0 0 0 0 0
   8      64 sde 178 0 8512 219 0 0 0 0 0 138 219 0 0 0 0 0 0
   8      65 sde1 111 0 6264 156 0 0 0 0 0 91 156 0 0 0 0 0 0

MOUNTED FILESYSTEMS:
Filesystem     Type      Size  Used Avail Use% Mounted on
tmpfs          tmpfs     1.6G  4.3M  1.6G   1% /run
/dev/sda8      ext4      151G   70G   73G  50% /
tmpfs          tmpfs     7.8G  4.0K  7.8G   1% /dev/shm
tmpfs          tmpfs     5.0M   12K  5.0M   1% /run/lock
efivarfs       efivarfs   84K   71K  8.6K  90% /sys/firmware/efi/efivars
/dev/sda6      fuseblk   401G  244G  158G  61% /media/eclipse
/dev/sda2      vfat      256M  130M  127M  51% /boot/efi
/dev/sda7      ext4      242G  148G   82G  65% /data
tmpfs          tmpfs     1.6G  2.8M  1.6G   1% /run/user/1000
/dev/sdb1      fuseblk   1.9T  1.5T  352G  82% /media/Elements
/dev/sdc1      fuseblk   1.9T  1.6T  253G  87% /media/My Passport

BLOCK DEVICES:
NAME   MODEL                SERIAL            SIZE TYPE FSTYPE   MOUNTPOINTS
loop0                                           4K loop squashfs /snap/bare/5
loop1                                        13.5M loop squashfs /snap/canonical-livepatch/406
loop2                                        13.1M loop squashfs /snap/canonical-livepatch/414
loop3                                        55.5M loop squashfs /snap/core18/2999
loop4                                        55.5M loop squashfs /snap/core18/3084
loop5                                        63.8M loop squashfs /snap/core20/2866
loop6                                        63.8M loop squashfs /snap/core20/2922
loop7                                          74M loop squashfs /snap/core22/2437
loop8                                          74M loop squashfs /snap/core22/2955
loop9                                        66.8M loop squashfs /snap/core24/1643
loop10                                       66.8M loop squashfs /snap/core24/2124
loop11                                       16.5M loop squashfs /snap/firmware-updater/226
loop12                                       12.7M loop squashfs /snap/firmware-updater/258
loop13                                      164.8M loop squashfs /snap/gnome-3-28-1804/198
loop14                                      531.4M loop squashfs /snap/gnome-42-2204/247
loop15                                      531.5M loop squashfs /snap/gnome-42-2204/263
loop16                                      606.1M loop squashfs /snap/gnome-46-2404/153
loop17                                      614.5M loop squashfs /snap/gnome-46-2404/164
loop18                                       91.7M loop squashfs /snap/gtk-common-themes/1535
loop19                                      437.3M loop squashfs /snap/kde-frameworks-5-99-qt-5-15-7-core20/7
loop20                                        1.6G loop squashfs /snap/kf6-core24/64
loop21                                        402M loop squashfs /snap/mesa-2404/1781
loop22                                        402M loop squashfs /snap/mesa-2404/1839
loop23                                       11.8M loop squashfs /snap/snap-store/1390
loop24                                       11.8M loop squashfs /snap/snap-store/1419
loop25                                       50.1M loop squashfs /snap/snapd/27710
loop26                                       50.3M loop squashfs /snap/snapd/27738
loop27                                        828K loop squashfs /snap/snapd-desktop-integration/387
loop28                                        828K loop squashfs /snap/snapd-desktop-integration/391
loop29                                      321.1M loop squashfs /snap/vlc/3777
loop30                                      264.8M loop squashfs /snap/vlc/4472
sda    HGST HTS541010A9E680 JA10021F2V07LN  931.5G disk          
├─sda1                                        650M part ntfs     
├─sda2                                        260M part vfat     /boot/efi
├─sda3                                         16M part          
├─sda4                                      129.2G part ntfs     
├─sda5                                        668M part ntfs     
├─sda6                                      400.4G part ntfs     /media/eclipse
├─sda7                                      246.5G part ext4     /data
└─sda8                                      153.9G part ext4     /
sdd    WDC WD20NMVW-11EDZS6 WD-WXQ1AC51RZLR   1.8T disk          
└─sdd1                                        1.8T part ntfs     
sde    WDC WD20JDRW-11C7VS0 WD-WX72A168PXZX   1.8T disk          
└─sde1                                        1.8T part ntfs     
sr0    hp DVDRAM GU90N      KL3Z8264215      1024M rom           

PROCESS I/O:
Linux 6.8.0-139-generic (dkvlko-HP-ENVY-15-Notebook-PC) 	25/09/26 	_x86_64_	(4 CPU)

12:24:54 PM IST   UID       PID   kB_rd/s   kB_wr/s kB_ccwr/s iodelay  Command
12:24:55 PM IST  1000   1022815      0.00     15.53      0.00       0  chrome

Average:      UID       PID   kB_rd/s   kB_wr/s kB_ccwr/s iodelay  Command
Average:     1000   1022815      0.00     15.53      0.00       0  chrome

IOSTAT:
Linux 6.8.0-139-generic (dkvlko-HP-ENVY-15-Notebook-PC) 	25/09/26 	_x86_64_	(4 CPU)

avg-cpu:  %user   %nice %system %iowait  %steal   %idle
          19.39   71.67    2.58    1.18    0.00    5.18

Device            r/s     rkB/s   rrqm/s  %rrqm r_await rareq-sz     w/s     wkB/s   wrqm/s  %wrqm w_await wareq-sz     d/s     dkB/s   drqm/s  %drqm d_await dareq-sz     f/s f_await  aqu-sz  %util
loop0            0.00      0.00     0.00   0.00    2.50     1.21    0.00      0.00     0.00   0.00    0.00     0.00    0.00      0.00     0.00   0.00    0.00     0.00    0.00    0.00    0.00   0.00
loop1            0.00      0.00     0.00   0.00  134.18     7.82    0.00      0.00     0.00   0.00    0.00     0.00    0.00      0.00     0.00   0.00    0.00     0.00    0.00    0.00    0.00   0.01
loop10           0.01      0.20     0.00   0.00   23.26    13.94    0.00      0.00     0.00   0.00    0.00     0.00    0.00      0.00     0.00   0.00    0.00     0.00    0.00    0.00    0.00   0.02
loop11           0.00      0.00     0.00   0.00   38.21     8.09    0.00      0.00     0.00   0.00    0.00     0.00    0.00      0.00     0.00   0.00    0.00     0.00    0.00    0.00    0.00   0.00
loop12           0.00      0.13     0.00   0.00   29.15    35.51    0.00      0.00     0.00   0.00    0.00     0.00    0.00      0.00     0.00   0.00    0.00     0.00    0.00    0.00    0.00   0.01
loop13           0.01      0.03     0.00   0.00    7.07     3.21    0.00      0.00     0.00   0.00    0.00     0.00    0.00      0.00     0.00   0.00    0.00     0.00    0.00    0.00    0.00   0.00
loop14           0.01      0.03     0.00   0.00    6.01     3.79    0.00      0.00     0.00   0.00    0.00     0.00    0.00      0.00     0.00   0.00    0.00     0.00    0.00    0.00    0.00   0.00
loop15           0.01      0.04     0.00   0.00    7.74     3.81    0.00      0.00     0.00   0.00    0.00     0.00    0.00      0.00     0.00   0.00    0.00     0.00    0.00    0.00    0.00   0.01
loop16           0.01      0.03     0.00   0.00    6.65     3.79    0.00      0.00     0.00   0.00    0.00     0.00    0.00      0.00     0.00   0.00    0.00     0.00    0.00    0.00    0.00   0.01
loop17           0.03      0.54     0.00   0.00   29.92    16.81    0.00      0.00     0.00   0.00    0.00     0.00    0.00      0.00     0.00   0.00    0.00     0.00    0.00    0.00    0.00   0.09
loop18           0.04      0.11     0.00   0.00    3.31     2.85    0.00      0.00     0.00   0.00    0.00     0.00    0.00      0.00     0.00   0.00    0.00     0.00    0.00    0.00    0.00   0.01
loop19           0.01      0.04     0.00   0.00    5.31     3.75    0.00      0.00     0.00   0.00    0.00     0.00    0.00      0.00     0.00   0.00    0.00     0.00    0.00    0.00    0.00   0.00
loop2            0.01      0.43     0.00   0.00   20.00    43.15    0.00      0.00     0.00   0.00    0.00     0.00    0.00      0.00     0.00   0.00    0.00     0.00    0.00    0.00    0.00   0.02
loop20           0.04      0.12     0.00   0.00    1.68     2.73    0.00      0.00     0.00   0.00    0.00     0.00    0.00      0.00     0.00   0.00    0.00     0.00    0.00    0.00    0.00   0.01
loop21           0.00      0.02     0.00   0.00   71.31    16.10    0.00      0.00     0.00   0.00    0.00     0.00    0.00      0.00     0.00   0.00    0.00     0.00    0.00    0.00    0.00   0.01
loop22           0.01      0.49     0.00   0.00   19.35    41.81    0.00      0.00     0.00   0.00    0.00     0.00    0.00      0.00     0.00   0.00    0.00     0.00    0.00    0.00    0.00   0.02
loop23           0.00      0.00     0.00   0.00   77.19     8.07    0.00      0.00     0.00   0.00    0.00     0.00    0.00      0.00     0.00   0.00    0.00     0.00    0.00    0.00    0.00   0.00
loop24           0.00      0.01     0.00   0.00   31.52     8.22    0.00      0.00     0.00   0.00    0.00     0.00    0.00      0.00     0.00   0.00    0.00     0.00    0.00    0.00    0.00   0.00
loop25           0.00      0.00     0.00   0.00   52.77     6.94    0.00      0.00     0.00   0.00    0.00     0.00    0.00      0.00     0.00   0.00    0.00     0.00    0.00    0.00    0.00   0.00
loop26           0.00      0.01     0.00   0.00   51.12     6.25    0.00      0.00     0.00   0.00    0.00     0.00    0.00      0.00     0.00   0.00    0.00     0.00    0.00    0.00    0.00   0.00
loop27           0.00      0.00     0.00   0.00   44.67     2.81    0.00      0.00     0.00   0.00    0.00     0.00    0.00      0.00     0.00   0.00    0.00     0.00    0.00    0.00    0.00   0.00
loop28           0.00      0.01     0.00   0.00   26.63    13.58    0.00      0.00     0.00   0.00    0.00     0.00    0.00      0.00     0.00   0.00    0.00     0.00    0.00    0.00    0.00   0.00
loop29           0.01      0.04     0.00   0.00    4.52     2.88    0.00      0.00     0.00   0.00    0.00     0.00    0.00      0.00     0.00   0.00    0.00     0.00    0.00    0.00    0.00   0.00
loop3            0.00      0.01     0.00   0.00    6.81     2.93    0.00      0.00     0.00   0.00    0.00     0.00    0.00      0.00     0.00   0.00    0.00     0.00    0.00    0.00    0.00   0.00
loop30           0.01      0.03     0.00   0.00   10.82     4.60    0.00      0.00     0.00   0.00    0.00     0.00    0.00      0.00     0.00   0.00    0.00     0.00    0.00    0.00    0.00   0.00
loop31           0.00      0.00     0.00   0.00    0.09     1.27    0.00      0.00     0.00   0.00    0.00     0.00    0.00      0.00     0.00   0.00    0.00     0.00    0.00    0.00    0.00   0.00
loop4            0.00      0.01     0.00   0.00    9.97     2.94    0.00      0.00     0.00   0.00    0.00     0.00    0.00      0.00     0.00   0.00    0.00     0.00    0.00    0.00    0.00   0.00
loop5            0.00      0.01     0.00   0.00    7.90     2.90    0.00      0.00     0.00   0.00    0.00     0.00    0.00      0.00     0.00   0.00    0.00     0.00    0.00    0.00    0.00   0.00
loop6            0.00      0.01     0.00   0.00   21.16     2.88    0.00      0.00     0.00   0.00    0.00     0.00    0.00      0.00     0.00   0.00    0.00     0.00    0.00    0.00    0.00   0.01
loop7            0.01      0.02     0.00   0.00   20.32     4.58    0.00      0.00     0.00   0.00    0.00     0.00    0.00      0.00     0.00   0.00    0.00     0.00    0.00    0.00    0.00   0.01
loop8            0.01      0.03     0.00   0.00    6.77     3.74    0.00      0.00     0.00   0.00    0.00     0.00    0.00      0.00     0.00   0.00    0.00     0.00    0.00    0.00    0.00   0.01
loop9            0.00      0.02     0.00   0.00   11.51     5.23    0.00      0.00     0.00   0.00    0.00     0.00    0.00      0.00     0.00   0.00    0.00     0.00    0.00    0.00    0.00   0.00
sda             13.99   1058.02     8.26  37.12   29.62    75.65   13.37   1975.89    30.55  69.56   28.71   147.76    0.00      0.00     0.00   0.00    0.00     0.00    1.90   20.94    0.84  12.09
sdd              0.00      0.06     0.00   0.00    3.58    23.91    0.00      0.00     0.00   0.00    0.00     0.00    0.00      0.00     0.00   0.00    0.00     0.00    0.00    0.00    0.00   0.00
sde              0.00      0.06     0.00   0.00    1.23    23.91    0.00      0.00     0.00   0.00    0.00     0.00    0.00      0.00     0.00   0.00    0.00     0.00    0.00    0.00    0.00   0.00



==============================================================
2026-09-25 12:25:55 +0530 CHECK=7
==============================================================

VMSTAT:
procs -----------memory---------- ---swap-- -----io---- -system-- -------cpu-------
 r  b   swpd   free   buff  cache   si   so    bi    bo   in   cs us sy id wa st gu
 0  0 2418780 2034820  86052 11065516   40   94  1061  1974 4907   11 91  3  5  1  0  0
 0  0 2418780 2034820  86052 11065516    0    0     0     0 1382 2690  8  2 90  0  0  0

DISK STATISTICS:
   7       0 loop0 14 0 34 35 0 0 0 0 0 36 35 0 0 0 0 0 0
   7       1 loop1 45 0 704 6038 0 0 0 0 0 6039 6038 0 0 0 0 0 0
   7       2 loop2 729 0 62918 14581 0 0 0 0 0 14583 14581 0 0 0 0 0 0
   7       3 loop3 321 0 1884 2186 0 0 0 0 0 2192 2186 0 0 0 0 0 0
   7       4 loop4 321 0 1886 3201 0 0 0 0 0 3203 3201 0 0 0 0 0 0
   7       5 loop5 343 0 1990 2711 0 0 0 0 0 2704 2711 0 0 0 0 0 0
   7       6 loop6 345 0 1986 7301 0 0 0 0 0 7300 7301 0 0 0 0 0 0
   7       7 loop7 397 0 3634 8066 0 0 0 0 0 6493 8066 0 0 0 0 0 0
   8       0 sda 1031136 608828 155994560 30541173 986502 2252884 291331442 28302000 0 8911744 61777063 0 0 0 0 140152 2933888
   8       1 sda1 116 0 8352 1867 0 0 0 0 0 1586 1867 0 0 0 0 0 0
   8       2 sda2 1698 536 15956 11998 2 0 2 74 0 8395 12072 0 0 0 0 0 0
   8       3 sda3 92 0 2336 1229 0 0 0 0 0 1120 1229 0 0 0 0 0 0
   8       4 sda4 116 0 8352 1842 0 0 0 0 0 1614 1842 0 0 0 0 0 0
   8       5 sda5 116 0 8352 2398 0 0 0 0 0 1952 2398 0 0 0 0 0 0
   8       6 sda6 216 1 33472 13878 0 0 0 0 0 11340 13878 0 0 0 0 0 0
   8       7 sda7 335708 6472 121182626 7291223 348935 102869 258341392 14686146 0 5738233 21977370 0 0 0 0 0 0
   8       8 sda8 692973 601819 34730586 23205972 637565 2150015 32990048 13615779 0 7545877 36821752 0 0 0 0 0 0
  11       0 sr0 0 0 0 0 0 0 0 0 0 0 0 0 0 0 0 0 0
   7       8 loop8 624 0 4662 4226 0 0 0 0 0 4094 4226 0 0 0 0 0 0
   7       9 loop9 302 0 3158 3477 0 0 0 0 0 2869 3477 0 0 0 0 0 0
   7      10 loop10 1069 0 29794 24861 0 0 0 0 0 16048 24861 0 0 0 0 0 0
   7      11 loop11 43 0 696 1643 0 0 0 0 0 1644 1643 0 0 0 0 0 0
   7      12 loop12 265 0 18820 7724 0 0 0 0 0 7724 7724 0 0 0 0 0 0
   7      13 loop13 722 0 4630 5102 0 0 0 0 0 2940 5102 0 0 0 0 0 0
   7      14 loop14 680 0 5150 4089 0 0 0 0 0 2347 4089 0 0 0 0 0 0
   7      15 loop15 684 0 5214 5291 0 0 0 0 0 5167 5291 0 0 0 0 0 0
   7      16 loop16 680 0 5152 4519 0 0 0 0 0 3793 4519 0 0 0 0 0 0
   7      17 loop17 2354 0 79126 70429 0 0 0 0 0 64050 70429 0 0 0 0 0 0
   7      18 loop18 2715 0 15484 8978 0 0 0 0 0 7890 8978 0 0 0 0 0 0
   7      19 loop19 754 0 5652 4004 0 0 0 0 0 2105 4004 0 0 0 0 0 0
   7      20 loop20 3285 0 17930 5524 0 0 0 0 0 4444 5524 0 0 0 0 0 0
   7      21 loop21 70 0 2254 4992 0 0 0 0 0 4569 4992 0 0 0 0 0 0
   7      22 loop22 858 0 71754 16600 0 0 0 0 0 16028 16600 0 0 0 0 0 0
   7      23 loop23 43 0 694 3319 0 0 0 0 0 3318 3319 0 0 0 0 0 0
   7      24 loop24 50 0 822 1576 0 0 0 0 0 1575 1576 0 0 0 0 0 0
   7      25 loop25 53 0 736 2797 0 0 0 0 0 2798 2797 0 0 0 0 0 0
   7      26 loop26 60 0 750 3067 0 0 0 0 0 3070 3067 0 0 0 0 0 0
   7      27 loop27 21 0 118 938 0 0 0 0 0 939 938 0 0 0 0 0 0
   7      28 loop28 52 0 1412 1385 0 0 0 0 0 1380 1385 0 0 0 0 0 0
   7      29 loop29 995 0 5736 4498 0 0 0 0 0 2693 4498 0 0 0 0 0 0
   7      30 loop30 453 0 4166 4901 0 0 0 0 0 3488 4901 0 0 0 0 0 0
   7      31 loop31 11 0 28 1 0 0 0 0 0 1 1 0 0 0 0 0 0
   8      48 sdd 178 0 8512 638 0 0 0 0 0 513 638 0 0 0 0 0 0
   8      49 sdd1 111 0 6264 381 0 0 0 0 0 271 381 0 0 0 0 0 0
   8      64 sde 178 0 8512 219 0 0 0 0 0 138 219 0 0 0 0 0 0
   8      65 sde1 111 0 6264 156 0 0 0 0 0 91 156 0 0 0 0 0 0

MOUNTED FILESYSTEMS:
Filesystem     Type      Size  Used Avail Use% Mounted on
tmpfs          tmpfs     1.6G  4.3M  1.6G   1% /run
/dev/sda8      ext4      151G   70G   73G  50% /
tmpfs          tmpfs     7.8G  4.0K  7.8G   1% /dev/shm
tmpfs          tmpfs     5.0M   12K  5.0M   1% /run/lock
efivarfs       efivarfs   84K   71K  8.6K  90% /sys/firmware/efi/efivars
/dev/sda6      fuseblk   401G  244G  158G  61% /media/eclipse
/dev/sda2      vfat      256M  130M  127M  51% /boot/efi
/dev/sda7      ext4      242G  148G   82G  65% /data
tmpfs          tmpfs     1.6G  2.8M  1.6G   1% /run/user/1000
/dev/sdb1      fuseblk   1.9T  1.5T  352G  82% /media/Elements
/dev/sdc1      fuseblk   1.9T  1.6T  253G  87% /media/My Passport

BLOCK DEVICES:
NAME   MODEL                SERIAL            SIZE TYPE FSTYPE   MOUNTPOINTS
loop0                                           4K loop squashfs /snap/bare/5
loop1                                        13.5M loop squashfs /snap/canonical-livepatch/406
loop2                                        13.1M loop squashfs /snap/canonical-livepatch/414
loop3                                        55.5M loop squashfs /snap/core18/2999
loop4                                        55.5M loop squashfs /snap/core18/3084
loop5                                        63.8M loop squashfs /snap/core20/2866
loop6                                        63.8M loop squashfs /snap/core20/2922
loop7                                          74M loop squashfs /snap/core22/2437
loop8                                          74M loop squashfs /snap/core22/2955
loop9                                        66.8M loop squashfs /snap/core24/1643
loop10                                       66.8M loop squashfs /snap/core24/2124
loop11                                       16.5M loop squashfs /snap/firmware-updater/226
loop12                                       12.7M loop squashfs /snap/firmware-updater/258
loop13                                      164.8M loop squashfs /snap/gnome-3-28-1804/198
loop14                                      531.4M loop squashfs /snap/gnome-42-2204/247
loop15                                      531.5M loop squashfs /snap/gnome-42-2204/263
loop16                                      606.1M loop squashfs /snap/gnome-46-2404/153
loop17                                      614.5M loop squashfs /snap/gnome-46-2404/164
loop18                                       91.7M loop squashfs /snap/gtk-common-themes/1535
loop19                                      437.3M loop squashfs /snap/kde-frameworks-5-99-qt-5-15-7-core20/7
loop20                                        1.6G loop squashfs /snap/kf6-core24/64
loop21                                        402M loop squashfs /snap/mesa-2404/1781
loop22                                        402M loop squashfs /snap/mesa-2404/1839
loop23                                       11.8M loop squashfs /snap/snap-store/1390
loop24                                       11.8M loop squashfs /snap/snap-store/1419
loop25                                       50.1M loop squashfs /snap/snapd/27710
loop26                                       50.3M loop squashfs /snap/snapd/27738
loop27                                        828K loop squashfs /snap/snapd-desktop-integration/387
loop28                                        828K loop squashfs /snap/snapd-desktop-integration/391
loop29                                      321.1M loop squashfs /snap/vlc/3777
loop30                                      264.8M loop squashfs /snap/vlc/4472
sda    HGST HTS541010A9E680 JA10021F2V07LN  931.5G disk          
├─sda1                                        650M part ntfs     
├─sda2                                        260M part vfat     /boot/efi
├─sda3                                         16M part          
├─sda4                                      129.2G part ntfs     
├─sda5                                        668M part ntfs     
├─sda6                                      400.4G part ntfs     /media/eclipse
├─sda7                                      246.5G part ext4     /data
└─sda8                                      153.9G part ext4     /
sdd    WDC WD20NMVW-11EDZS6 WD-WXQ1AC51RZLR   1.8T disk          
└─sdd1                                        1.8T part ntfs     
sde    WDC WD20JDRW-11C7VS0 WD-WX72A168PXZX   1.8T disk          
└─sde1                                        1.8T part ntfs     
sr0    hp DVDRAM GU90N      KL3Z8264215      1024M rom           

PROCESS I/O:
Linux 6.8.0-139-generic (dkvlko-HP-ENVY-15-Notebook-PC) 	25/09/26 	_x86_64_	(4 CPU)

12:25:57 PM IST   UID       PID   kB_rd/s   kB_wr/s kB_ccwr/s iodelay  Command

Average:      UID       PID   kB_rd/s   kB_wr/s kB_ccwr/s iodelay  Command

IOSTAT:
Linux 6.8.0-139-generic (dkvlko-HP-ENVY-15-Notebook-PC) 	25/09/26 	_x86_64_	(4 CPU)

avg-cpu:  %user   %nice %system %iowait  %steal   %idle
          19.38   71.61    2.58    1.18    0.00    5.25

Device            r/s     rkB/s   rrqm/s  %rrqm r_await rareq-sz     w/s     wkB/s   wrqm/s  %wrqm w_await wareq-sz     d/s     dkB/s   drqm/s  %drqm d_await dareq-sz     f/s f_await  aqu-sz  %util
loop0            0.00      0.00     0.00   0.00    2.50     1.21    0.00      0.00     0.00   0.00    0.00     0.00    0.00      0.00     0.00   0.00    0.00     0.00    0.00    0.00    0.00   0.00
loop1            0.00      0.00     0.00   0.00  134.18     7.82    0.00      0.00     0.00   0.00    0.00     0.00    0.00      0.00     0.00   0.00    0.00     0.00    0.00    0.00    0.00   0.01
loop10           0.01      0.20     0.00   0.00   23.26    13.94    0.00      0.00     0.00   0.00    0.00     0.00    0.00      0.00     0.00   0.00    0.00     0.00    0.00    0.00    0.00   0.02
loop11           0.00      0.00     0.00   0.00   38.21     8.09    0.00      0.00     0.00   0.00    0.00     0.00    0.00      0.00     0.00   0.00    0.00     0.00    0.00    0.00    0.00   0.00
loop12           0.00      0.13     0.00   0.00   29.15    35.51    0.00      0.00     0.00   0.00    0.00     0.00    0.00      0.00     0.00   0.00    0.00     0.00    0.00    0.00    0.00   0.01
loop13           0.01      0.03     0.00   0.00    7.07     3.21    0.00      0.00     0.00   0.00    0.00     0.00    0.00      0.00     0.00   0.00    0.00     0.00    0.00    0.00    0.00   0.00
loop14           0.01      0.03     0.00   0.00    6.01     3.79    0.00      0.00     0.00   0.00    0.00     0.00    0.00      0.00     0.00   0.00    0.00     0.00    0.00    0.00    0.00   0.00
loop15           0.01      0.04     0.00   0.00    7.74     3.81    0.00      0.00     0.00   0.00    0.00     0.00    0.00      0.00     0.00   0.00    0.00     0.00    0.00    0.00    0.00   0.01
loop16           0.01      0.03     0.00   0.00    6.65     3.79    0.00      0.00     0.00   0.00    0.00     0.00    0.00      0.00     0.00   0.00    0.00     0.00    0.00    0.00    0.00   0.01
loop17           0.03      0.54     0.00   0.00   29.92    16.81    0.00      0.00     0.00   0.00    0.00     0.00    0.00      0.00     0.00   0.00    0.00     0.00    0.00    0.00    0.00   0.09
loop18           0.04      0.10     0.00   0.00    3.31     2.85    0.00      0.00     0.00   0.00    0.00     0.00    0.00      0.00     0.00   0.00    0.00     0.00    0.00    0.00    0.00   0.01
loop19           0.01      0.04     0.00   0.00    5.31     3.75    0.00      0.00     0.00   0.00    0.00     0.00    0.00      0.00     0.00   0.00    0.00     0.00    0.00    0.00    0.00   0.00
loop2            0.01      0.43     0.00   0.00   20.00    43.15    0.00      0.00     0.00   0.00    0.00     0.00    0.00      0.00     0.00   0.00    0.00     0.00    0.00    0.00    0.00   0.02
loop20           0.04      0.12     0.00   0.00    1.68     2.73    0.00      0.00     0.00   0.00    0.00     0.00    0.00      0.00     0.00   0.00    0.00     0.00    0.00    0.00    0.00   0.01
loop21           0.00      0.02     0.00   0.00   71.31    16.10    0.00      0.00     0.00   0.00    0.00     0.00    0.00      0.00     0.00   0.00    0.00     0.00    0.00    0.00    0.00   0.01
loop22           0.01      0.49     0.00   0.00   19.35    41.81    0.00      0.00     0.00   0.00    0.00     0.00    0.00      0.00     0.00   0.00    0.00     0.00    0.00    0.00    0.00   0.02
loop23           0.00      0.00     0.00   0.00   77.19     8.07    0.00      0.00     0.00   0.00    0.00     0.00    0.00      0.00     0.00   0.00    0.00     0.00    0.00    0.00    0.00   0.00
loop24           0.00      0.01     0.00   0.00   31.52     8.22    0.00      0.00     0.00   0.00    0.00     0.00    0.00      0.00     0.00   0.00    0.00     0.00    0.00    0.00    0.00   0.00
loop25           0.00      0.00     0.00   0.00   52.77     6.94    0.00      0.00     0.00   0.00    0.00     0.00    0.00      0.00     0.00   0.00    0.00     0.00    0.00    0.00    0.00   0.00
loop26           0.00      0.01     0.00   0.00   51.12     6.25    0.00      0.00     0.00   0.00    0.00     0.00    0.00      0.00     0.00   0.00    0.00     0.00    0.00    0.00    0.00   0.00
loop27           0.00      0.00     0.00   0.00   44.67     2.81    0.00      0.00     0.00   0.00    0.00     0.00    0.00      0.00     0.00   0.00    0.00     0.00    0.00    0.00    0.00   0.00
loop28           0.00      0.01     0.00   0.00   26.63    13.58    0.00      0.00     0.00   0.00    0.00     0.00    0.00      0.00     0.00   0.00    0.00     0.00    0.00    0.00    0.00   0.00
loop29           0.01      0.04     0.00   0.00    4.52     2.88    0.00      0.00     0.00   0.00    0.00     0.00    0.00      0.00     0.00   0.00    0.00     0.00    0.00    0.00    0.00   0.00
loop3            0.00      0.01     0.00   0.00    6.81     2.93    0.00      0.00     0.00   0.00    0.00     0.00    0.00      0.00     0.00   0.00    0.00     0.00    0.00    0.00    0.00   0.00
loop30           0.01      0.03     0.00   0.00   10.82     4.60    0.00      0.00     0.00   0.00    0.00     0.00    0.00      0.00     0.00   0.00    0.00     0.00    0.00    0.00    0.00   0.00
loop31           0.00      0.00     0.00   0.00    0.09     1.27    0.00      0.00     0.00   0.00    0.00     0.00    0.00      0.00     0.00   0.00    0.00     0.00    0.00    0.00    0.00   0.00
loop4            0.00      0.01     0.00   0.00    9.97     2.94    0.00      0.00     0.00   0.00    0.00     0.00    0.00      0.00     0.00   0.00    0.00     0.00    0.00    0.00    0.00   0.00
loop5            0.00      0.01     0.00   0.00    7.90     2.90    0.00      0.00     0.00   0.00    0.00     0.00    0.00      0.00     0.00   0.00    0.00     0.00    0.00    0.00    0.00   0.00
loop6            0.00      0.01     0.00   0.00   21.16     2.88    0.00      0.00     0.00   0.00    0.00     0.00    0.00      0.00     0.00   0.00    0.00     0.00    0.00    0.00    0.00   0.01
loop7            0.01      0.02     0.00   0.00   20.32     4.58    0.00      0.00     0.00   0.00    0.00     0.00    0.00      0.00     0.00   0.00    0.00     0.00    0.00    0.00    0.00   0.01
loop8            0.01      0.03     0.00   0.00    6.77     3.74    0.00      0.00     0.00   0.00    0.00     0.00    0.00      0.00     0.00   0.00    0.00     0.00    0.00    0.00    0.00   0.01
loop9            0.00      0.02     0.00   0.00   11.51     5.23    0.00      0.00     0.00   0.00    0.00     0.00    0.00      0.00     0.00   0.00    0.00     0.00    0.00    0.00    0.00   0.00
sda             13.98   1057.13     8.25  37.12   29.62    75.64   13.37   1974.27    30.53  69.55   28.69   147.66    0.00      0.00     0.00   0.00    0.00     0.00    1.90   20.93    0.84  12.08
sdd              0.00      0.06     0.00   0.00    3.58    23.91    0.00      0.00     0.00   0.00    0.00     0.00    0.00      0.00     0.00   0.00    0.00     0.00    0.00    0.00    0.00   0.00
sde              0.00      0.06     0.00   0.00    1.23    23.91    0.00      0.00     0.00   0.00    0.00     0.00    0.00      0.00     0.00   0.00    0.00     0.00    0.00    0.00    0.00   0.00



==============================================================
2026-09-25 12:26:59 +0530 CHECK=8
==============================================================

VMSTAT:
procs -----------memory---------- ---swap-- -----io---- -system-- -------cpu-------
 r  b   swpd   free   buff  cache   si   so    bi    bo   in   cs us sy id wa st gu
 6  0 2418268 1893904  86212 11076640   40   94  1060  1972 4906   11 91  3  5  1  0  0
 1  0 2418268 1918900  86232 11066784   32    0    36   440 4241 6426 26  6 63  5  0  0

DISK STATISTICS:
   7       0 loop0 14 0 34 35 0 0 0 0 0 36 35 0 0 0 0 0 0
   7       1 loop1 45 0 704 6038 0 0 0 0 0 6039 6038 0 0 0 0 0 0
   7       2 loop2 729 0 62918 14581 0 0 0 0 0 14583 14581 0 0 0 0 0 0
   7       3 loop3 321 0 1884 2186 0 0 0 0 0 2192 2186 0 0 0 0 0 0
   7       4 loop4 321 0 1886 3201 0 0 0 0 0 3203 3201 0 0 0 0 0 0
   7       5 loop5 343 0 1990 2711 0 0 0 0 0 2704 2711 0 0 0 0 0 0
   7       6 loop6 345 0 1986 7301 0 0 0 0 0 7300 7301 0 0 0 0 0 0
   7       7 loop7 397 0 3634 8066 0 0 0 0 0 6493 8066 0 0 0 0 0 0
   8       0 sda 1031192 608878 155995800 30541513 987045 2253315 291344154 28304097 0 8913480 61781033 0 0 0 0 140267 2935423
   8       1 sda1 116 0 8352 1867 0 0 0 0 0 1586 1867 0 0 0 0 0 0
   8       2 sda2 1698 536 15956 11998 2 0 2 74 0 8395 12072 0 0 0 0 0 0
   8       3 sda3 92 0 2336 1229 0 0 0 0 0 1120 1229 0 0 0 0 0 0
   8       4 sda4 116 0 8352 1842 0 0 0 0 0 1614 1842 0 0 0 0 0 0
   8       5 sda5 116 0 8352 2398 0 0 0 0 0 1952 2398 0 0 0 0 0 0
   8       6 sda6 216 1 33472 13878 0 0 0 0 0 11340 13878 0 0 0 0 0 0
   8       7 sda7 335708 6472 121182626 7291223 348935 102869 258341392 14686146 0 5738233 21977370 0 0 0 0 0 0
   8       8 sda8 693029 601869 34731826 23206311 638108 2150446 33002760 13617875 0 7547668 36824187 0 0 0 0 0 0
  11       0 sr0 0 0 0 0 0 0 0 0 0 0 0 0 0 0 0 0 0
   7       8 loop8 624 0 4662 4226 0 0 0 0 0 4094 4226 0 0 0 0 0 0
   7       9 loop9 302 0 3158 3477 0 0 0 0 0 2869 3477 0 0 0 0 0 0
   7      10 loop10 1069 0 29794 24861 0 0 0 0 0 16048 24861 0 0 0 0 0 0
   7      11 loop11 43 0 696 1643 0 0 0 0 0 1644 1643 0 0 0 0 0 0
   7      12 loop12 265 0 18820 7724 0 0 0 0 0 7724 7724 0 0 0 0 0 0
   7      13 loop13 722 0 4630 5102 0 0 0 0 0 2940 5102 0 0 0 0 0 0
   7      14 loop14 680 0 5150 4089 0 0 0 0 0 2347 4089 0 0 0 0 0 0
   7      15 loop15 684 0 5214 5291 0 0 0 0 0 5167 5291 0 0 0 0 0 0
   7      16 loop16 680 0 5152 4519 0 0 0 0 0 3793 4519 0 0 0 0 0 0
   7      17 loop17 2354 0 79126 70429 0 0 0 0 0 64050 70429 0 0 0 0 0 0
   7      18 loop18 2715 0 15484 8978 0 0 0 0 0 7890 8978 0 0 0 0 0 0
   7      19 loop19 754 0 5652 4004 0 0 0 0 0 2105 4004 0 0 0 0 0 0
   7      20 loop20 3285 0 17930 5524 0 0 0 0 0 4444 5524 0 0 0 0 0 0
   7      21 loop21 70 0 2254 4992 0 0 0 0 0 4569 4992 0 0 0 0 0 0
   7      22 loop22 858 0 71754 16600 0 0 0 0 0 16028 16600 0 0 0 0 0 0
   7      23 loop23 43 0 694 3319 0 0 0 0 0 3318 3319 0 0 0 0 0 0
   7      24 loop24 50 0 822 1576 0 0 0 0 0 1575 1576 0 0 0 0 0 0
   7      25 loop25 53 0 736 2797 0 0 0 0 0 2798 2797 0 0 0 0 0 0
   7      26 loop26 60 0 750 3067 0 0 0 0 0 3070 3067 0 0 0 0 0 0
   7      27 loop27 21 0 118 938 0 0 0 0 0 939 938 0 0 0 0 0 0
   7      28 loop28 52 0 1412 1385 0 0 0 0 0 1380 1385 0 0 0 0 0 0
   7      29 loop29 995 0 5736 4498 0 0 0 0 0 2693 4498 0 0 0 0 0 0
   7      30 loop30 453 0 4166 4901 0 0 0 0 0 3488 4901 0 0 0 0 0 0
   7      31 loop31 11 0 28 1 0 0 0 0 0 1 1 0 0 0 0 0 0
   8      48 sdd 178 0 8512 638 0 0 0 0 0 513 638 0 0 0 0 0 0
   8      49 sdd1 111 0 6264 381 0 0 0 0 0 271 381 0 0 0 0 0 0
   8      64 sde 178 0 8512 219 0 0 0 0 0 138 219 0 0 0 0 0 0
   8      65 sde1 111 0 6264 156 0 0 0 0 0 91 156 0 0 0 0 0 0

MOUNTED FILESYSTEMS:
Filesystem     Type      Size  Used Avail Use% Mounted on
tmpfs          tmpfs     1.6G  4.3M  1.6G   1% /run
/dev/sda8      ext4      151G   70G   73G  50% /
tmpfs          tmpfs     7.8G  4.0K  7.8G   1% /dev/shm
tmpfs          tmpfs     5.0M   12K  5.0M   1% /run/lock
efivarfs       efivarfs   84K   71K  8.6K  90% /sys/firmware/efi/efivars
/dev/sda6      fuseblk   401G  244G  158G  61% /media/eclipse
/dev/sda2      vfat      256M  130M  127M  51% /boot/efi
/dev/sda7      ext4      242G  148G   82G  65% /data
tmpfs          tmpfs     1.6G  2.8M  1.6G   1% /run/user/1000
/dev/sdb1      fuseblk   1.9T  1.5T  352G  82% /media/Elements
/dev/sdc1      fuseblk   1.9T  1.6T  253G  87% /media/My Passport

BLOCK DEVICES:
NAME   MODEL                SERIAL            SIZE TYPE FSTYPE   MOUNTPOINTS
loop0                                           4K loop squashfs /snap/bare/5
loop1                                        13.5M loop squashfs /snap/canonical-livepatch/406
loop2                                        13.1M loop squashfs /snap/canonical-livepatch/414
loop3                                        55.5M loop squashfs /snap/core18/2999
loop4                                        55.5M loop squashfs /snap/core18/3084
loop5                                        63.8M loop squashfs /snap/core20/2866
loop6                                        63.8M loop squashfs /snap/core20/2922
loop7                                          74M loop squashfs /snap/core22/2437
loop8                                          74M loop squashfs /snap/core22/2955
loop9                                        66.8M loop squashfs /snap/core24/1643
loop10                                       66.8M loop squashfs /snap/core24/2124
loop11                                       16.5M loop squashfs /snap/firmware-updater/226
loop12                                       12.7M loop squashfs /snap/firmware-updater/258
loop13                                      164.8M loop squashfs /snap/gnome-3-28-1804/198
loop14                                      531.4M loop squashfs /snap/gnome-42-2204/247
loop15                                      531.5M loop squashfs /snap/gnome-42-2204/263
loop16                                      606.1M loop squashfs /snap/gnome-46-2404/153
loop17                                      614.5M loop squashfs /snap/gnome-46-2404/164
loop18                                       91.7M loop squashfs /snap/gtk-common-themes/1535
loop19                                      437.3M loop squashfs /snap/kde-frameworks-5-99-qt-5-15-7-core20/7
loop20                                        1.6G loop squashfs /snap/kf6-core24/64
loop21                                        402M loop squashfs /snap/mesa-2404/1781
loop22                                        402M loop squashfs /snap/mesa-2404/1839
loop23                                       11.8M loop squashfs /snap/snap-store/1390
loop24                                       11.8M loop squashfs /snap/snap-store/1419
loop25                                       50.1M loop squashfs /snap/snapd/27710
loop26                                       50.3M loop squashfs /snap/snapd/27738
loop27                                        828K loop squashfs /snap/snapd-desktop-integration/387
loop28                                        828K loop squashfs /snap/snapd-desktop-integration/391
loop29                                      321.1M loop squashfs /snap/vlc/3777
loop30                                      264.8M loop squashfs /snap/vlc/4472
sda    HGST HTS541010A9E680 JA10021F2V07LN  931.5G disk          
├─sda1                                        650M part ntfs     
├─sda2                                        260M part vfat     /boot/efi
├─sda3                                         16M part          
├─sda4                                      129.2G part ntfs     
├─sda5                                        668M part ntfs     
├─sda6                                      400.4G part ntfs     /media/eclipse
├─sda7                                      246.5G part ext4     /data
└─sda8                                      153.9G part ext4     /
sdd    WDC WD20NMVW-11EDZS6 WD-WXQ1AC51RZLR   1.8T disk          
└─sdd1                                        1.8T part ntfs     
sde    WDC WD20JDRW-11C7VS0 WD-WX72A168PXZX   1.8T disk          
└─sde1                                        1.8T part ntfs     
sr0    hp DVDRAM GU90N      KL3Z8264215      1024M rom           

PROCESS I/O:
Linux 6.8.0-139-generic (dkvlko-HP-ENVY-15-Notebook-PC) 	25/09/26 	_x86_64_	(4 CPU)

12:27:01 PM IST   UID       PID   kB_rd/s   kB_wr/s kB_ccwr/s iodelay  Command
12:27:02 PM IST  1000   1022815      0.00      7.69      0.00       0  chrome

Average:      UID       PID   kB_rd/s   kB_wr/s kB_ccwr/s iodelay  Command
Average:     1000   1022815      0.00      7.69      0.00       0  chrome

IOSTAT:
Linux 6.8.0-139-generic (dkvlko-HP-ENVY-15-Notebook-PC) 	25/09/26 	_x86_64_	(4 CPU)

avg-cpu:  %user   %nice %system %iowait  %steal   %idle
          19.39   71.54    2.58    1.18    0.00    5.31

Device            r/s     rkB/s   rrqm/s  %rrqm r_await rareq-sz     w/s     wkB/s   wrqm/s  %wrqm w_await wareq-sz     d/s     dkB/s   drqm/s  %drqm d_await dareq-sz     f/s f_await  aqu-sz  %util
loop0            0.00      0.00     0.00   0.00    2.50     1.21    0.00      0.00     0.00   0.00    0.00     0.00    0.00      0.00     0.00   0.00    0.00     0.00    0.00    0.00    0.00   0.00
loop1            0.00      0.00     0.00   0.00  134.18     7.82    0.00      0.00     0.00   0.00    0.00     0.00    0.00      0.00     0.00   0.00    0.00     0.00    0.00    0.00    0.00   0.01
loop10           0.01      0.20     0.00   0.00   23.26    13.94    0.00      0.00     0.00   0.00    0.00     0.00    0.00      0.00     0.00   0.00    0.00     0.00    0.00    0.00    0.00   0.02
loop11           0.00      0.00     0.00   0.00   38.21     8.09    0.00      0.00     0.00   0.00    0.00     0.00    0.00      0.00     0.00   0.00    0.00     0.00    0.00    0.00    0.00   0.00
loop12           0.00      0.13     0.00   0.00   29.15    35.51    0.00      0.00     0.00   0.00    0.00     0.00    0.00      0.00     0.00   0.00    0.00     0.00    0.00    0.00    0.00   0.01
loop13           0.01      0.03     0.00   0.00    7.07     3.21    0.00      0.00     0.00   0.00    0.00     0.00    0.00      0.00     0.00   0.00    0.00     0.00    0.00    0.00    0.00   0.00
loop14           0.01      0.03     0.00   0.00    6.01     3.79    0.00      0.00     0.00   0.00    0.00     0.00    0.00      0.00     0.00   0.00    0.00     0.00    0.00    0.00    0.00   0.00
loop15           0.01      0.04     0.00   0.00    7.74     3.81    0.00      0.00     0.00   0.00    0.00     0.00    0.00      0.00     0.00   0.00    0.00     0.00    0.00    0.00    0.00   0.01
loop16           0.01      0.03     0.00   0.00    6.65     3.79    0.00      0.00     0.00   0.00    0.00     0.00    0.00      0.00     0.00   0.00    0.00     0.00    0.00    0.00    0.00   0.01
loop17           0.03      0.54     0.00   0.00   29.92    16.81    0.00      0.00     0.00   0.00    0.00     0.00    0.00      0.00     0.00   0.00    0.00     0.00    0.00    0.00    0.00   0.09
loop18           0.04      0.10     0.00   0.00    3.31     2.85    0.00      0.00     0.00   0.00    0.00     0.00    0.00      0.00     0.00   0.00    0.00     0.00    0.00    0.00    0.00   0.01
loop19           0.01      0.04     0.00   0.00    5.31     3.75    0.00      0.00     0.00   0.00    0.00     0.00    0.00      0.00     0.00   0.00    0.00     0.00    0.00    0.00    0.00   0.00
loop2            0.01      0.43     0.00   0.00   20.00    43.15    0.00      0.00     0.00   0.00    0.00     0.00    0.00      0.00     0.00   0.00    0.00     0.00    0.00    0.00    0.00   0.02
loop20           0.04      0.12     0.00   0.00    1.68     2.73    0.00      0.00     0.00   0.00    0.00     0.00    0.00      0.00     0.00   0.00    0.00     0.00    0.00    0.00    0.00   0.01
loop21           0.00      0.02     0.00   0.00   71.31    16.10    0.00      0.00     0.00   0.00    0.00     0.00    0.00      0.00     0.00   0.00    0.00     0.00    0.00    0.00    0.00   0.01
loop22           0.01      0.49     0.00   0.00   19.35    41.81    0.00      0.00     0.00   0.00    0.00     0.00    0.00      0.00     0.00   0.00    0.00     0.00    0.00    0.00    0.00   0.02
loop23           0.00      0.00     0.00   0.00   77.19     8.07    0.00      0.00     0.00   0.00    0.00     0.00    0.00      0.00     0.00   0.00    0.00     0.00    0.00    0.00    0.00   0.00
loop24           0.00      0.01     0.00   0.00   31.52     8.22    0.00      0.00     0.00   0.00    0.00     0.00    0.00      0.00     0.00   0.00    0.00     0.00    0.00    0.00    0.00   0.00
loop25           0.00      0.00     0.00   0.00   52.77     6.94    0.00      0.00     0.00   0.00    0.00     0.00    0.00      0.00     0.00   0.00    0.00     0.00    0.00    0.00    0.00   0.00
loop26           0.00      0.01     0.00   0.00   51.12     6.25    0.00      0.00     0.00   0.00    0.00     0.00    0.00      0.00     0.00   0.00    0.00     0.00    0.00    0.00    0.00   0.00
loop27           0.00      0.00     0.00   0.00   44.67     2.81    0.00      0.00     0.00   0.00    0.00     0.00    0.00      0.00     0.00   0.00    0.00     0.00    0.00    0.00    0.00   0.00
loop28           0.00      0.01     0.00   0.00   26.63    13.58    0.00      0.00     0.00   0.00    0.00     0.00    0.00      0.00     0.00   0.00    0.00     0.00    0.00    0.00    0.00   0.00
loop29           0.01      0.04     0.00   0.00    4.52     2.88    0.00      0.00     0.00   0.00    0.00     0.00    0.00      0.00     0.00   0.00    0.00     0.00    0.00    0.00    0.00   0.00
loop3            0.00      0.01     0.00   0.00    6.81     2.93    0.00      0.00     0.00   0.00    0.00     0.00    0.00      0.00     0.00   0.00    0.00     0.00    0.00    0.00    0.00   0.00
loop30           0.01      0.03     0.00   0.00   10.82     4.60    0.00      0.00     0.00   0.00    0.00     0.00    0.00      0.00     0.00   0.00    0.00     0.00    0.00    0.00    0.00   0.00
loop31           0.00      0.00     0.00   0.00    0.09     1.27    0.00      0.00     0.00   0.00    0.00     0.00    0.00      0.00     0.00   0.00    0.00     0.00    0.00    0.00    0.00   0.00
loop4            0.00      0.01     0.00   0.00    9.97     2.94    0.00      0.00     0.00   0.00    0.00     0.00    0.00      0.00     0.00   0.00    0.00     0.00    0.00    0.00    0.00   0.00
loop5            0.00      0.01     0.00   0.00    7.90     2.90    0.00      0.00     0.00   0.00    0.00     0.00    0.00      0.00     0.00   0.00    0.00     0.00    0.00    0.00    0.00   0.00
loop6            0.00      0.01     0.00   0.00   21.16     2.88    0.00      0.00     0.00   0.00    0.00     0.00    0.00      0.00     0.00   0.00    0.00     0.00    0.00    0.00    0.00   0.01
loop7            0.01      0.02     0.00   0.00   20.32     4.58    0.00      0.00     0.00   0.00    0.00     0.00    0.00      0.00     0.00   0.00    0.00     0.00    0.00    0.00    0.00   0.01
loop8            0.01      0.03     0.00   0.00    6.77     3.74    0.00      0.00     0.00   0.00    0.00     0.00    0.00      0.00     0.00   0.00    0.00     0.00    0.00    0.00    0.00   0.01
loop9            0.00      0.02     0.00   0.00   11.51     5.23    0.00      0.00     0.00   0.00    0.00     0.00    0.00      0.00     0.00   0.00    0.00     0.00    0.00    0.00    0.00   0.00
sda             13.96   1056.23     8.25  37.13   29.62    75.64   13.37   1972.66    30.51  69.54   28.67   147.57    0.00      0.00     0.00   0.00    0.00     0.00    1.90   20.92    0.84  12.07
sdd              0.00      0.06     0.00   0.00    3.58    23.91    0.00      0.00     0.00   0.00    0.00     0.00    0.00      0.00     0.00   0.00    0.00     0.00    0.00    0.00    0.00   0.00
sde              0.00      0.06     0.00   0.00    1.23    23.91    0.00      0.00     0.00   0.00    0.00     0.00    0.00      0.00     0.00   0.00    0.00     0.00    0.00    0.00    0.00   0.00



==============================================================
2026-09-25 12:28:02 +0530 CHECK=9
==============================================================

VMSTAT:
procs -----------memory---------- ---swap-- -----io---- -system-- -------cpu-------
 r  b   swpd   free   buff  cache   si   so    bi    bo   in   cs us sy id wa st gu
 0  0 2418268 1943544  86432 11068388   40   94  1059  1971 4904   11 91  3  5  1  0  0
 0  0 2418268 1943544  86432 11068340    4    0     4   372 2116 2453  7  2 91  1  0  0

DISK STATISTICS:
   7       0 loop0 14 0 34 35 0 0 0 0 0 36 35 0 0 0 0 0 0
   7       1 loop1 45 0 704 6038 0 0 0 0 0 6039 6038 0 0 0 0 0 0
   7       2 loop2 729 0 62918 14581 0 0 0 0 0 14583 14581 0 0 0 0 0 0
   7       3 loop3 321 0 1884 2186 0 0 0 0 0 2192 2186 0 0 0 0 0 0
   7       4 loop4 321 0 1886 3201 0 0 0 0 0 3203 3201 0 0 0 0 0 0
   7       5 loop5 343 0 1990 2711 0 0 0 0 0 2704 2711 0 0 0 0 0 0
   7       6 loop6 345 0 1986 7301 0 0 0 0 0 7300 7301 0 0 0 0 0 0
   7       7 loop7 397 0 3634 8066 0 0 0 0 0 6493 8066 0 0 0 0 0 0
   8       0 sda 1031222 608899 155996208 30541956 987812 2253826 291357890 28307956 0 8916063 61787301 0 0 0 0 140412 2937388
   8       1 sda1 116 0 8352 1867 0 0 0 0 0 1586 1867 0 0 0 0 0 0
   8       2 sda2 1698 536 15956 11998 2 0 2 74 0 8395 12072 0 0 0 0 0 0
   8       3 sda3 92 0 2336 1229 0 0 0 0 0 1120 1229 0 0 0 0 0 0
   8       4 sda4 116 0 8352 1842 0 0 0 0 0 1614 1842 0 0 0 0 0 0
   8       5 sda5 116 0 8352 2398 0 0 0 0 0 1952 2398 0 0 0 0 0 0
   8       6 sda6 216 1 33472 13878 0 0 0 0 0 11340 13878 0 0 0 0 0 0
   8       7 sda7 335708 6472 121182626 7291223 348935 102869 258341392 14686146 0 5738233 21977370 0 0 0 0 0 0
   8       8 sda8 693059 601890 34732234 23206754 638875 2150957 33016496 13621735 0 7550286 36828490 0 0 0 0 0 0
  11       0 sr0 0 0 0 0 0 0 0 0 0 0 0 0 0 0 0 0 0
   7       8 loop8 624 0 4662 4226 0 0 0 0 0 4094 4226 0 0 0 0 0 0
   7       9 loop9 302 0 3158 3477 0 0 0 0 0 2869 3477 0 0 0 0 0 0
   7      10 loop10 1069 0 29794 24861 0 0 0 0 0 16048 24861 0 0 0 0 0 0
   7      11 loop11 43 0 696 1643 0 0 0 0 0 1644 1643 0 0 0 0 0 0
   7      12 loop12 265 0 18820 7724 0 0 0 0 0 7724 7724 0 0 0 0 0 0
   7      13 loop13 722 0 4630 5102 0 0 0 0 0 2940 5102 0 0 0 0 0 0
   7      14 loop14 680 0 5150 4089 0 0 0 0 0 2347 4089 0 0 0 0 0 0
   7      15 loop15 684 0 5214 5291 0 0 0 0 0 5167 5291 0 0 0 0 0 0
   7      16 loop16 680 0 5152 4519 0 0 0 0 0 3793 4519 0 0 0 0 0 0
   7      17 loop17 2354 0 79126 70429 0 0 0 0 0 64050 70429 0 0 0 0 0 0
   7      18 loop18 2715 0 15484 8978 0 0 0 0 0 7890 8978 0 0 0 0 0 0
   7      19 loop19 754 0 5652 4004 0 0 0 0 0 2105 4004 0 0 0 0 0 0
   7      20 loop20 3285 0 17930 5524 0 0 0 0 0 4444 5524 0 0 0 0 0 0
   7      21 loop21 70 0 2254 4992 0 0 0 0 0 4569 4992 0 0 0 0 0 0
   7      22 loop22 858 0 71754 16600 0 0 0 0 0 16028 16600 0 0 0 0 0 0
   7      23 loop23 43 0 694 3319 0 0 0 0 0 3318 3319 0 0 0 0 0 0
   7      24 loop24 50 0 822 1576 0 0 0 0 0 1575 1576 0 0 0 0 0 0
   7      25 loop25 53 0 736 2797 0 0 0 0 0 2798 2797 0 0 0 0 0 0
   7      26 loop26 60 0 750 3067 0 0 0 0 0 3070 3067 0 0 0 0 0 0
   7      27 loop27 21 0 118 938 0 0 0 0 0 939 938 0 0 0 0 0 0
   7      28 loop28 52 0 1412 1385 0 0 0 0 0 1380 1385 0 0 0 0 0 0
   7      29 loop29 995 0 5736 4498 0 0 0 0 0 2693 4498 0 0 0 0 0 0
   7      30 loop30 453 0 4166 4901 0 0 0 0 0 3488 4901 0 0 0 0 0 0
   7      31 loop31 11 0 28 1 0 0 0 0 0 1 1 0 0 0 0 0 0
   8      48 sdd 178 0 8512 638 0 0 0 0 0 513 638 0 0 0 0 0 0
   8      49 sdd1 111 0 6264 381 0 0 0 0 0 271 381 0 0 0 0 0 0
   8      64 sde 178 0 8512 219 0 0 0 0 0 138 219 0 0 0 0 0 0
   8      65 sde1 111 0 6264 156 0 0 0 0 0 91 156 0 0 0 0 0 0

MOUNTED FILESYSTEMS:
Filesystem     Type      Size  Used Avail Use% Mounted on
tmpfs          tmpfs     1.6G  4.3M  1.6G   1% /run
/dev/sda8      ext4      151G   70G   73G  50% /
tmpfs          tmpfs     7.8G  4.0K  7.8G   1% /dev/shm
tmpfs          tmpfs     5.0M   12K  5.0M   1% /run/lock
efivarfs       efivarfs   84K   71K  8.6K  90% /sys/firmware/efi/efivars
/dev/sda6      fuseblk   401G  244G  158G  61% /media/eclipse
/dev/sda2      vfat      256M  130M  127M  51% /boot/efi
/dev/sda7      ext4      242G  148G   82G  65% /data
tmpfs          tmpfs     1.6G  2.8M  1.6G   1% /run/user/1000
/dev/sdb1      fuseblk   1.9T  1.5T  352G  82% /media/Elements
/dev/sdc1      fuseblk   1.9T  1.6T  253G  87% /media/My Passport

BLOCK DEVICES:
NAME   MODEL                SERIAL            SIZE TYPE FSTYPE   MOUNTPOINTS
loop0                                           4K loop squashfs /snap/bare/5
loop1                                        13.5M loop squashfs /snap/canonical-livepatch/406
loop2                                        13.1M loop squashfs /snap/canonical-livepatch/414
loop3                                        55.5M loop squashfs /snap/core18/2999
loop4                                        55.5M loop squashfs /snap/core18/3084
loop5                                        63.8M loop squashfs /snap/core20/2866
loop6                                        63.8M loop squashfs /snap/core20/2922
loop7                                          74M loop squashfs /snap/core22/2437
loop8                                          74M loop squashfs /snap/core22/2955
loop9                                        66.8M loop squashfs /snap/core24/1643
loop10                                       66.8M loop squashfs /snap/core24/2124
loop11                                       16.5M loop squashfs /snap/firmware-updater/226
loop12                                       12.7M loop squashfs /snap/firmware-updater/258
loop13                                      164.8M loop squashfs /snap/gnome-3-28-1804/198
loop14                                      531.4M loop squashfs /snap/gnome-42-2204/247
loop15                                      531.5M loop squashfs /snap/gnome-42-2204/263
loop16                                      606.1M loop squashfs /snap/gnome-46-2404/153
loop17                                      614.5M loop squashfs /snap/gnome-46-2404/164
loop18                                       91.7M loop squashfs /snap/gtk-common-themes/1535
loop19                                      437.3M loop squashfs /snap/kde-frameworks-5-99-qt-5-15-7-core20/7
loop20                                        1.6G loop squashfs /snap/kf6-core24/64
loop21                                        402M loop squashfs /snap/mesa-2404/1781
loop22                                        402M loop squashfs /snap/mesa-2404/1839
loop23                                       11.8M loop squashfs /snap/snap-store/1390
loop24                                       11.8M loop squashfs /snap/snap-store/1419
loop25                                       50.1M loop squashfs /snap/snapd/27710
loop26                                       50.3M loop squashfs /snap/snapd/27738
loop27                                        828K loop squashfs /snap/snapd-desktop-integration/387
loop28                                        828K loop squashfs /snap/snapd-desktop-integration/391
loop29                                      321.1M loop squashfs /snap/vlc/3777
loop30                                      264.8M loop squashfs /snap/vlc/4472
sda    HGST HTS541010A9E680 JA10021F2V07LN  931.5G disk          
├─sda1                                        650M part ntfs     
├─sda2                                        260M part vfat     /boot/efi
├─sda3                                         16M part          
├─sda4                                      129.2G part ntfs     
├─sda5                                        668M part ntfs     
├─sda6                                      400.4G part ntfs     /media/eclipse
├─sda7                                      246.5G part ext4     /data
└─sda8                                      153.9G part ext4     /
sdd    WDC WD20NMVW-11EDZS6 WD-WXQ1AC51RZLR   1.8T disk          
└─sdd1                                        1.8T part ntfs     
sde    WDC WD20JDRW-11C7VS0 WD-WX72A168PXZX   1.8T disk          
└─sde1                                        1.8T part ntfs     
sr0    hp DVDRAM GU90N      KL3Z8264215      1024M rom           

PROCESS I/O:
Linux 6.8.0-139-generic (dkvlko-HP-ENVY-15-Notebook-PC) 	25/09/26 	_x86_64_	(4 CPU)

12:28:05 PM IST   UID       PID   kB_rd/s   kB_wr/s kB_ccwr/s iodelay  Command

Average:      UID       PID   kB_rd/s   kB_wr/s kB_ccwr/s iodelay  Command

IOSTAT:
Linux 6.8.0-139-generic (dkvlko-HP-ENVY-15-Notebook-PC) 	25/09/26 	_x86_64_	(4 CPU)

avg-cpu:  %user   %nice %system %iowait  %steal   %idle
          19.39   71.48    2.58    1.18    0.00    5.37

Device            r/s     rkB/s   rrqm/s  %rrqm r_await rareq-sz     w/s     wkB/s   wrqm/s  %wrqm w_await wareq-sz     d/s     dkB/s   drqm/s  %drqm d_await dareq-sz     f/s f_await  aqu-sz  %util
loop0            0.00      0.00     0.00   0.00    2.50     1.21    0.00      0.00     0.00   0.00    0.00     0.00    0.00      0.00     0.00   0.00    0.00     0.00    0.00    0.00    0.00   0.00
loop1            0.00      0.00     0.00   0.00  134.18     7.82    0.00      0.00     0.00   0.00    0.00     0.00    0.00      0.00     0.00   0.00    0.00     0.00    0.00    0.00    0.00   0.01
loop10           0.01      0.20     0.00   0.00   23.26    13.94    0.00      0.00     0.00   0.00    0.00     0.00    0.00      0.00     0.00   0.00    0.00     0.00    0.00    0.00    0.00   0.02
loop11           0.00      0.00     0.00   0.00   38.21     8.09    0.00      0.00     0.00   0.00    0.00     0.00    0.00      0.00     0.00   0.00    0.00     0.00    0.00    0.00    0.00   0.00
loop12           0.00      0.13     0.00   0.00   29.15    35.51    0.00      0.00     0.00   0.00    0.00     0.00    0.00      0.00     0.00   0.00    0.00     0.00    0.00    0.00    0.00   0.01
loop13           0.01      0.03     0.00   0.00    7.07     3.21    0.00      0.00     0.00   0.00    0.00     0.00    0.00      0.00     0.00   0.00    0.00     0.00    0.00    0.00    0.00   0.00
loop14           0.01      0.03     0.00   0.00    6.01     3.79    0.00      0.00     0.00   0.00    0.00     0.00    0.00      0.00     0.00   0.00    0.00     0.00    0.00    0.00    0.00   0.00
loop15           0.01      0.04     0.00   0.00    7.74     3.81    0.00      0.00     0.00   0.00    0.00     0.00    0.00      0.00     0.00   0.00    0.00     0.00    0.00    0.00    0.00   0.01
loop16           0.01      0.03     0.00   0.00    6.65     3.79    0.00      0.00     0.00   0.00    0.00     0.00    0.00      0.00     0.00   0.00    0.00     0.00    0.00    0.00    0.00   0.01
loop17           0.03      0.54     0.00   0.00   29.92    16.81    0.00      0.00     0.00   0.00    0.00     0.00    0.00      0.00     0.00   0.00    0.00     0.00    0.00    0.00    0.00   0.09
loop18           0.04      0.10     0.00   0.00    3.31     2.85    0.00      0.00     0.00   0.00    0.00     0.00    0.00      0.00     0.00   0.00    0.00     0.00    0.00    0.00    0.00   0.01
loop19           0.01      0.04     0.00   0.00    5.31     3.75    0.00      0.00     0.00   0.00    0.00     0.00    0.00      0.00     0.00   0.00    0.00     0.00    0.00    0.00    0.00   0.00
loop2            0.01      0.43     0.00   0.00   20.00    43.15    0.00      0.00     0.00   0.00    0.00     0.00    0.00      0.00     0.00   0.00    0.00     0.00    0.00    0.00    0.00   0.02
loop20           0.04      0.12     0.00   0.00    1.68     2.73    0.00      0.00     0.00   0.00    0.00     0.00    0.00      0.00     0.00   0.00    0.00     0.00    0.00    0.00    0.00   0.01
loop21           0.00      0.02     0.00   0.00   71.31    16.10    0.00      0.00     0.00   0.00    0.00     0.00    0.00      0.00     0.00   0.00    0.00     0.00    0.00    0.00    0.00   0.01
loop22           0.01      0.49     0.00   0.00   19.35    41.81    0.00      0.00     0.00   0.00    0.00     0.00    0.00      0.00     0.00   0.00    0.00     0.00    0.00    0.00    0.00   0.02
loop23           0.00      0.00     0.00   0.00   77.19     8.07    0.00      0.00     0.00   0.00    0.00     0.00    0.00      0.00     0.00   0.00    0.00     0.00    0.00    0.00    0.00   0.00
loop24           0.00      0.01     0.00   0.00   31.52     8.22    0.00      0.00     0.00   0.00    0.00     0.00    0.00      0.00     0.00   0.00    0.00     0.00    0.00    0.00    0.00   0.00
loop25           0.00      0.00     0.00   0.00   52.77     6.94    0.00      0.00     0.00   0.00    0.00     0.00    0.00      0.00     0.00   0.00    0.00     0.00    0.00    0.00    0.00   0.00
loop26           0.00      0.01     0.00   0.00   51.12     6.25    0.00      0.00     0.00   0.00    0.00     0.00    0.00      0.00     0.00   0.00    0.00     0.00    0.00    0.00    0.00   0.00
loop27           0.00      0.00     0.00   0.00   44.67     2.81    0.00      0.00     0.00   0.00    0.00     0.00    0.00      0.00     0.00   0.00    0.00     0.00    0.00    0.00    0.00   0.00
loop28           0.00      0.01     0.00   0.00   26.63    13.58    0.00      0.00     0.00   0.00    0.00     0.00    0.00      0.00     0.00   0.00    0.00     0.00    0.00    0.00    0.00   0.00
loop29           0.01      0.04     0.00   0.00    4.52     2.88    0.00      0.00     0.00   0.00    0.00     0.00    0.00      0.00     0.00   0.00    0.00     0.00    0.00    0.00    0.00   0.00
loop3            0.00      0.01     0.00   0.00    6.81     2.93    0.00      0.00     0.00   0.00    0.00     0.00    0.00      0.00     0.00   0.00    0.00     0.00    0.00    0.00    0.00   0.00
loop30           0.01      0.03     0.00   0.00   10.82     4.60    0.00      0.00     0.00   0.00    0.00     0.00    0.00      0.00     0.00   0.00    0.00     0.00    0.00    0.00    0.00   0.00
loop31           0.00      0.00     0.00   0.00    0.09     1.27    0.00      0.00     0.00   0.00    0.00     0.00    0.00      0.00     0.00   0.00    0.00     0.00    0.00    0.00    0.00   0.00
loop4            0.00      0.01     0.00   0.00    9.97     2.94    0.00      0.00     0.00   0.00    0.00     0.00    0.00      0.00     0.00   0.00    0.00     0.00    0.00    0.00    0.00   0.00
loop5            0.00      0.01     0.00   0.00    7.90     2.90    0.00      0.00     0.00   0.00    0.00     0.00    0.00      0.00     0.00   0.00    0.00     0.00    0.00    0.00    0.00   0.00
loop6            0.00      0.01     0.00   0.00   21.16     2.88    0.00      0.00     0.00   0.00    0.00     0.00    0.00      0.00     0.00   0.00    0.00     0.00    0.00    0.00    0.00   0.01
loop7            0.01      0.02     0.00   0.00   20.32     4.58    0.00      0.00     0.00   0.00    0.00     0.00    0.00      0.00     0.00   0.00    0.00     0.00    0.00    0.00    0.00   0.01
loop8            0.01      0.03     0.00   0.00    6.77     3.74    0.00      0.00     0.00   0.00    0.00     0.00    0.00      0.00     0.00   0.00    0.00     0.00    0.00    0.00    0.00   0.01
loop9            0.00      0.02     0.00   0.00   11.51     5.23    0.00      0.00     0.00   0.00    0.00     0.00    0.00      0.00     0.00   0.00    0.00     0.00    0.00    0.00    0.00   0.00
sda             13.95   1055.32     8.24  37.13   29.62    75.64   13.37   1971.05    30.49  69.53   28.66   147.48    0.00      0.00     0.00   0.00    0.00     0.00    1.90   20.92    0.84  12.06
sdd              0.00      0.06     0.00   0.00    3.58    23.91    0.00      0.00     0.00   0.00    0.00     0.00    0.00      0.00     0.00   0.00    0.00     0.00    0.00    0.00    0.00   0.00
sde              0.00      0.06     0.00   0.00    1.23    23.91    0.00      0.00     0.00   0.00    0.00     0.00    0.00      0.00     0.00   0.00    0.00     0.00    0.00    0.00    0.00   0.00


