
==============================================================
2026-09-25 12:40:30 +0530 CHECK=1
==============================================================

VMSTAT:
procs -----------memory---------- ---swap-- -----io---- -system-- -------cpu-------
 r  b   swpd   free   buff  cache   si   so    bi    bo   in   cs us sy id wa st gu
 1  3      0 8035352 241188 3649688    0    0  7630   869 2783   10 11  4  8 76  0  0
 2  3      0 8046168 241344 3660252    0    0 10467   336 3860 6292 26  5 30 39  0  0

DISK STATISTICS:
   7       0 loop0 43 0 696 5917 0 0 0 0 0 5917 5917 0 0 0 0 0 0
   7       1 loop1 14 0 34 45 0 0 0 0 0 45 45 0 0 0 0 0 0
   7       2 loop2 175 0 12798 9020 0 0 0 0 0 9024 9020 0 0 0 0 0 0
   7       3 loop3 43 0 694 1804 0 0 0 0 0 1801 1804 0 0 0 0 0 0
   7       4 loop4 48 0 718 3112 0 0 0 0 0 3115 3112 0 0 0 0 0 0
   7       5 loop5 45 0 698 1353 0 0 0 0 0 1351 1353 0 0 0 0 0 0
   7       6 loop6 50 0 722 6345 0 0 0 0 0 6346 6345 0 0 0 0 0 0
   7       7 loop7 55 0 2168 7133 0 0 0 0 0 6325 7133 0 0 0 0 0 0
   8       0 sda 67867 37883 6808099 5828399 10829 10974 824442 418501 5 422297 6375029 0 0 0 0 1517 128127
   8       1 sda1 116 0 8352 2391 0 0 0 0 0 2021 2391 0 0 0 0 0 0
   8       2 sda2 289 522 12487 9772 2 0 2 117 0 9110 9890 0 0 0 0 0 0
   8       3 sda3 92 0 2336 1364 0 0 0 0 0 1223 1364 0 0 0 0 0 0
   8       4 sda4 116 0 8352 5575 0 0 0 0 0 4031 5575 0 0 0 0 0 0
   8       5 sda5 116 0 8352 7289 0 0 0 0 0 5105 7289 0 0 0 0 0 0
   8       6 sda6 215 2 33472 11240 0 0 0 0 0 9173 11240 0 0 0 0 0 0
   8       7 sda7 646 1061 24858 113731 144 149 3464 7361 0 90967 121092 0 0 0 0 0 0
   8       8 sda8 66178 36298 6705402 5665519 10683 10825 820976 411022 5 471374 6076542 0 0 0 0 0 0
  11       0 sr0 0 0 0 0 0 0 0 0 0 0 0 0 0 0 0 0 0
   8      16 sdb 1126 1 127160 5126 0 0 0 0 0 3390 5126 0 0 0 0 0 0
   8      17 sdb1 1059 1 124912 4097 0 0 0 0 0 2397 4097 0 0 0 0 0 0
   8      32 sdc 1094 1 126744 4222 0 0 0 0 0 2447 4222 0 0 0 0 0 0
   8      33 sdc1 1027 1 124496 3640 0 0 0 0 0 1960 3640 0 0 0 0 0 0
   7       8 loop8 317 0 3344 5622 0 0 0 0 0 5255 5622 0 0 0 0 0 0
   7       9 loop9 58 0 2142 5549 0 0 0 0 0 3583 5549 0 0 0 0 0 0
   7      10 loop10 369 0 9232 13997 0 0 0 0 0 12854 13997 0 0 0 0 0 0
   7      11 loop11 43 0 696 1497 0 0 0 0 0 1498 1497 0 0 0 0 0 0
   7      12 loop12 46 0 708 3848 0 0 0 0 0 3849 3848 0 0 0 0 0 0
   7      13 loop13 61 0 2182 5246 0 0 0 0 0 4324 5246 0 0 0 0 0 0
   7      14 loop14 58 0 2202 7189 0 0 0 0 0 6348 7189 0 0 0 0 0 0
   7      15 loop15 54 0 2144 9546 0 0 0 0 0 5725 9546 0 0 0 0 0 0
   7      16 loop16 1358 0 48332 43438 0 0 0 0 0 33809 43438 0 0 0 0 0 0
   7      17 loop17 1762 0 10640 8372 0 0 0 0 0 5126 8372 0 0 0 0 0 0
   7      18 loop18 54 0 2160 5319 0 0 0 0 0 3292 5319 0 0 0 0 0 0
   7      19 loop19 63 0 2272 7044 0 0 0 0 0 3398 7044 0 0 0 0 0 0
   7      20 loop20 60 0 2178 9748 0 0 0 0 0 4783 9748 0 0 0 0 0 0
   7      21 loop21 52 0 2170 6385 0 0 0 0 0 5890 6385 0 0 0 0 0 0
   7      22 loop22 783 0 67738 19561 0 0 0 0 0 19461 19561 0 0 0 0 0 0
   7      23 loop23 43 0 694 3404 0 0 0 0 0 3407 3404 0 0 0 0 0 0
   7      24 loop24 48 0 764 1692 0 0 0 0 0 1692 1692 0 0 0 0 0 0
   7      25 loop25 45 0 700 3145 0 0 0 0 0 3145 3145 0 0 0 0 0 0
   7      26 loop26 55 0 740 3592 0 0 0 0 0 3593 3592 0 0 0 0 0 0
   7      27 loop27 21 0 118 1446 0 0 0 0 0 1446 1446 0 0 0 0 0 0
   7      28 loop28 43 0 1024 1429 0 0 0 0 0 1430 1429 0 0 0 0 0 0
   7      29 loop29 55 0 2150 3492 0 0 0 0 0 2305 3492 0 0 0 0 0 0
   7      30 loop30 63 0 2290 4410 0 0 0 0 0 3511 4410 0 0 0 0 0 0
   7      31 loop31 11 0 28 0 0 0 0 0 0 0 0 0 0 0 0 0 0

MOUNTED FILESYSTEMS:
Filesystem     Type      Size  Used Avail Use% Mounted on
tmpfs          tmpfs     1.6G  3.9M  1.6G   1% /run
/dev/sda8      ext4      151G   70G   73G  49% /
tmpfs          tmpfs     7.8G     0  7.8G   0% /dev/shm
tmpfs          tmpfs     5.0M   12K  5.0M   1% /run/lock
efivarfs       efivarfs   84K   71K  8.4K  90% /sys/firmware/efi/efivars
/dev/sda7      ext4      242G  148G   82G  65% /data
/dev/sda6      fuseblk   401G  244G  158G  61% /media/eclipse
/dev/sda2      vfat      256M  130M  127M  51% /boot/efi
tmpfs          tmpfs     1.6G  148K  1.6G   1% /run/user/1000
/dev/sdb1      fuseblk   1.9T  1.5T  352G  82% /media/Elements
/dev/sdc1      fuseblk   1.9T  1.6T  253G  87% /media/My Passport

BLOCK DEVICES:
NAME   MODEL                SERIAL            SIZE TYPE FSTYPE   MOUNTPOINTS
loop0                                        13.5M loop squashfs /snap/canonical-livepatch/406
loop1                                           4K loop squashfs /snap/bare/5
loop2                                        13.1M loop squashfs /snap/canonical-livepatch/414
loop3                                        55.5M loop squashfs /snap/core18/2999
loop4                                        55.5M loop squashfs /snap/core18/3084
loop5                                        63.8M loop squashfs /snap/core20/2866
loop6                                        63.8M loop squashfs /snap/core20/2922
loop7                                          74M loop squashfs /snap/core22/2437
loop8                                          74M loop squashfs /snap/core22/2955
loop9                                        66.8M loop squashfs /snap/core24/1643
loop10                                       66.8M loop squashfs /snap/core24/2124
loop11                                       16.5M loop squashfs /snap/firmware-updater/226
loop12                                       12.7M loop squashfs /snap/firmware-updater/258
loop13                                      164.8M loop squashfs /snap/gnome-3-28-1804/198
loop14                                      531.5M loop squashfs /snap/gnome-42-2204/263
loop15                                      606.1M loop squashfs /snap/gnome-46-2404/153
loop16                                      614.5M loop squashfs /snap/gnome-46-2404/164
loop17                                       91.7M loop squashfs /snap/gtk-common-themes/1535
loop18                                      531.4M loop squashfs /snap/gnome-42-2204/247
loop19                                      437.3M loop squashfs /snap/kde-frameworks-5-99-qt-5-15-7-core20/7
loop20                                        1.6G loop squashfs /snap/kf6-core24/64
loop21                                        402M loop squashfs /snap/mesa-2404/1781
loop22                                        402M loop squashfs /snap/mesa-2404/1839
loop23                                       11.8M loop squashfs /snap/snap-store/1390
loop24                                       11.8M loop squashfs /snap/snap-store/1419
loop25                                       50.1M loop squashfs /snap/snapd/27710
loop26                                       50.3M loop squashfs /snap/snapd/27738
loop27                                        828K loop squashfs /snap/snapd-desktop-integration/387
loop28                                        828K loop squashfs /snap/snapd-desktop-integration/391
loop29                                      321.1M loop squashfs /snap/vlc/3777
loop30                                      264.8M loop squashfs /snap/vlc/4472
sda    HGST HTS541010A9E680 JA10021F2V07LN  931.5G disk          
├─sda1                                        650M part ntfs     
├─sda2                                        260M part vfat     /boot/efi
├─sda3                                         16M part          
├─sda4                                      129.2G part ntfs     
├─sda5                                        668M part ntfs     
├─sda6                                      400.4G part ntfs     /media/eclipse
├─sda7                                      246.5G part ext4     /data
└─sda8                                      153.9G part ext4     /
sdb    WDC WD20NMVW-11EDZS6 WD-WXQ1AC51RZLR   1.8T disk          
└─sdb1                                        1.8T part ntfs     /media/Elements
sdc    WDC WD20JDRW-11C7VS0 WD-WX72A168PXZX   1.8T disk          
└─sdc1                                        1.8T part ntfs     /media/My Passport
sr0    hp DVDRAM GU90N      KL3Z8264215      1024M rom           

PROCESS I/O:
Linux 6.8.0-139-generic (dkvlko-HP-ENVY-15-Notebook-PC) 	25/09/26 	_x86_64_	(4 CPU)

12:40:32 PM IST   UID       PID   kB_rd/s   kB_wr/s kB_ccwr/s iodelay  Command
12:40:33 PM IST  1000      6712   4699.03      0.00      0.00       0  python
12:40:33 PM IST  1000      7721     23.30      0.00      0.00       0  gnome-software
12:40:33 PM IST  1000     10721    543.69      0.00      0.00       0  tracker-miner-f

Average:      UID       PID   kB_rd/s   kB_wr/s kB_ccwr/s iodelay  Command
Average:     1000      6712   4699.03      0.00      0.00       0  python
Average:     1000      7721     23.30      0.00      0.00       0  gnome-software
Average:     1000     10721    543.69      0.00      0.00       0  tracker-miner-f

IOSTAT:
Linux 6.8.0-139-generic (dkvlko-HP-ENVY-15-Notebook-PC) 	25/09/26 	_x86_64_	(4 CPU)

avg-cpu:  %user   %nice %system %iowait  %steal   %idle
          10.06    1.34    4.27   76.33    0.00    8.00

Device            r/s     rkB/s   rrqm/s  %rrqm r_await rareq-sz     w/s     wkB/s   wrqm/s  %wrqm w_await wareq-sz     d/s     dkB/s   drqm/s  %drqm d_await dareq-sz     f/s f_await  aqu-sz  %util
loop0            0.09      0.73     0.00   0.00  137.60     8.09    0.00      0.00     0.00   0.00    0.00     0.00    0.00      0.00     0.00   0.00    0.00     0.00    0.00    0.00    0.01   1.24
loop1            0.03      0.04     0.00   0.00    3.21     1.21    0.00      0.00     0.00   0.00    0.00     0.00    0.00      0.00     0.00   0.00    0.00     0.00    0.00    0.00    0.00   0.01
loop10           0.78      9.70     0.00   0.00   37.93    12.51    0.00      0.00     0.00   0.00    0.00     0.00    0.00      0.00     0.00   0.00    0.00     0.00    0.00    0.00    0.03   2.70
loop11           0.09      0.73     0.00   0.00   34.81     8.09    0.00      0.00     0.00   0.00    0.00     0.00    0.00      0.00     0.00   0.00    0.00     0.00    0.00    0.00    0.00   0.31
loop12           0.10      0.81     0.00   0.00   82.68     8.15    0.00      0.00     0.00   0.00    0.00     0.00    0.00      0.00     0.00   0.00    0.00     0.00    0.00    0.00    0.01   0.82
loop13           0.13      2.29     0.00   0.00   86.00    17.89    0.00      0.00     0.00   0.00    0.00     0.00    0.00      0.00     0.00   0.00    0.00     0.00    0.00    0.00    0.01   0.91
loop14           0.12      2.33     0.00   0.00  122.27    18.78    0.00      0.00     0.00   0.00    0.00     0.00    0.00      0.00     0.00   0.00    0.00     0.00    0.00    0.00    0.02   1.34
loop15           0.11      2.25     0.00   0.00  176.78    19.85    0.00      0.00     0.00   0.00    0.00     0.00    0.00      0.00     0.00   0.00    0.00     0.00    0.00    0.00    0.02   1.20
loop16           2.86     50.83     0.00   0.00   31.92    17.76    0.00      0.00     0.00   0.00    0.00     0.00    0.00      0.00     0.00   0.00    0.00     0.00    0.00    0.00    0.09   7.11
loop17           3.70     11.18     0.00   0.00    4.75     3.02    0.00      0.00     0.00   0.00    0.00     0.00    0.00      0.00     0.00   0.00    0.00     0.00    0.00    0.00    0.02   1.08
loop18           0.11      2.27     0.00   0.00   98.50    20.00    0.00      0.00     0.00   0.00    0.00     0.00    0.00      0.00     0.00   0.00    0.00     0.00    0.00    0.00    0.01   0.69
loop19           0.13      2.39     0.00   0.00  111.81    18.03    0.00      0.00     0.00   0.00    0.00     0.00    0.00      0.00     0.00   0.00    0.00     0.00    0.00    0.00    0.01   0.71
loop2            0.37     13.45     0.00   0.00   51.54    36.57    0.00      0.00     0.00   0.00    0.00     0.00    0.00      0.00     0.00   0.00    0.00     0.00    0.00    0.00    0.02   1.90
loop20           0.13      2.29     0.00   0.00  162.47    18.15    0.00      0.00     0.00   0.00    0.00     0.00    0.00      0.00     0.00   0.00    0.00     0.00    0.00    0.00    0.02   1.01
loop21           0.11      2.28     0.00   0.00  122.79    20.87    0.00      0.00     0.00   0.00    0.00     0.00    0.00      0.00     0.00   0.00    0.00     0.00    0.00    0.00    0.01   1.24
loop22           1.65     71.20     0.00   0.00   24.98    43.26    0.00      0.00     0.00   0.00    0.00     0.00    0.00      0.00     0.00   0.00    0.00     0.00    0.00    0.00    0.04   4.09
loop23           0.09      0.73     0.00   0.00   79.16     8.07    0.00      0.00     0.00   0.00    0.00     0.00    0.00      0.00     0.00   0.00    0.00     0.00    0.00    0.00    0.01   0.72
loop24           0.10      0.80     0.00   0.00   35.25     7.96    0.00      0.00     0.00   0.00    0.00     0.00    0.00      0.00     0.00   0.00    0.00     0.00    0.00    0.00    0.00   0.36
loop25           0.09      0.74     0.00   0.00   69.89     7.78    0.00      0.00     0.00   0.00    0.00     0.00    0.00      0.00     0.00   0.00    0.00     0.00    0.00    0.00    0.01   0.66
loop26           0.12      0.78     0.00   0.00   65.31     6.73    0.00      0.00     0.00   0.00    0.00     0.00    0.00      0.00     0.00   0.00    0.00     0.00    0.00    0.00    0.01   0.76
loop27           0.04      0.12     0.00   0.00   68.86     2.81    0.00      0.00     0.00   0.00    0.00     0.00    0.00      0.00     0.00   0.00    0.00     0.00    0.00    0.00    0.00   0.30
loop28           0.09      1.08     0.00   0.00   33.23    11.91    0.00      0.00     0.00   0.00    0.00     0.00    0.00      0.00     0.00   0.00    0.00     0.00    0.00    0.00    0.00   0.30
loop29           0.12      2.26     0.00   0.00   63.49    19.55    0.00      0.00     0.00   0.00    0.00     0.00    0.00      0.00     0.00   0.00    0.00     0.00    0.00    0.00    0.01   0.48
loop3            0.09      0.73     0.00   0.00   41.95     8.07    0.00      0.00     0.00   0.00    0.00     0.00    0.00      0.00     0.00   0.00    0.00     0.00    0.00    0.00    0.00   0.38
loop30           0.13      2.41     0.00   0.00   70.00    18.17    0.00      0.00     0.00   0.00    0.00     0.00    0.00      0.00     0.00   0.00    0.00     0.00    0.00    0.00    0.01   0.74
loop31           0.02      0.03     0.00   0.00    0.00     1.27    0.00      0.00     0.00   0.00    0.00     0.00    0.00      0.00     0.00   0.00    0.00     0.00    0.00    0.00    0.00   0.00
loop4            0.10      0.75     0.00   0.00   64.83     7.48    0.00      0.00     0.00   0.00    0.00     0.00    0.00      0.00     0.00   0.00    0.00     0.00    0.00    0.00    0.01   0.65
loop5            0.09      0.73     0.00   0.00   30.07     7.76    0.00      0.00     0.00   0.00    0.00     0.00    0.00      0.00     0.00   0.00    0.00     0.00    0.00    0.00    0.00   0.28
loop6            0.11      0.76     0.00   0.00  126.90     7.22    0.00      0.00     0.00   0.00    0.00     0.00    0.00      0.00     0.00   0.00    0.00     0.00    0.00    0.00    0.01   1.33
loop7            0.12      2.28     0.00   0.00  129.69    19.71    0.00      0.00     0.00   0.00    0.00     0.00    0.00      0.00     0.00   0.00    0.00     0.00    0.00    0.00    0.01   1.33
loop8            0.67      3.52     0.00   0.00   17.74     5.27    0.00      0.00     0.00   0.00    0.00     0.00    0.00      0.00     0.00   0.00    0.00     0.00    0.00    0.00    0.01   1.10
loop9            0.12      2.25     0.00   0.00   95.67    18.47    0.00      0.00     0.00   0.00    0.00     0.00    0.00      0.00     0.00   0.00    0.00     0.00    0.00    0.00    0.01   0.75
sda            142.99   7170.51    79.89  35.84   85.77    50.15   22.78    866.86    23.12  50.37   38.64    38.06    0.00      0.00     0.00   0.00    0.00     0.00    3.20   84.39   13.41  88.99
sdb              2.37    133.67     0.00   0.09    4.55    56.47    0.00      0.00     0.00   0.00    0.00     0.00    0.00      0.00     0.00   0.00    0.00     0.00    0.00    0.00    0.01   0.71
sdc              2.30    133.23     0.00   0.09    3.86    57.93    0.00      0.00     0.00   0.00    0.00     0.00    0.00      0.00     0.00   0.00    0.00     0.00    0.00    0.00    0.01   0.51



==============================================================
2026-09-25 12:42:04 +0530 CHECK=2
==============================================================

VMSTAT:
procs -----------memory---------- ---swap-- -----io---- -system-- -------cpu-------
 r  b   swpd   free   buff  cache   si   so    bi    bo   in   cs us sy id wa st gu
 1  1      0 7343176 249780 4088980    0    0  7174   747 2620   10 11  4 12 73  0  0
 1  0      0 7308740 249780 4092100    0    0  3100     8 2130 3865  3 18 74  5  0  0

DISK STATISTICS:
   7       0 loop0 43 0 696 5917 0 0 0 0 0 5917 5917 0 0 0 0 0 0
   7       1 loop1 14 0 34 45 0 0 0 0 0 45 45 0 0 0 0 0 0
   7       2 loop2 175 0 12798 9020 0 0 0 0 0 9024 9020 0 0 0 0 0 0
   7       3 loop3 43 0 694 1804 0 0 0 0 0 1801 1804 0 0 0 0 0 0
   7       4 loop4 48 0 718 3112 0 0 0 0 0 3115 3112 0 0 0 0 0 0
   7       5 loop5 45 0 698 1353 0 0 0 0 0 1351 1353 0 0 0 0 0 0
   7       6 loop6 50 0 722 6345 0 0 0 0 0 6346 6345 0 0 0 0 0 0
   7       7 loop7 55 0 2168 7133 0 0 0 0 0 6325 7133 0 0 0 0 0 0
   8       0 sda 78930 38972 7707611 6180075 11856 11618 847882 429356 0 499148 6742445 0 0 0 0 1667 133012
   8       1 sda1 116 0 8352 2391 0 0 0 0 0 2021 2391 0 0 0 0 0 0
   8       2 sda2 289 522 12487 9772 2 0 2 117 0 9110 9890 0 0 0 0 0 0
   8       3 sda3 92 0 2336 1364 0 0 0 0 0 1223 1364 0 0 0 0 0 0
   8       4 sda4 116 0 8352 5575 0 0 0 0 0 4031 5575 0 0 0 0 0 0
   8       5 sda5 116 0 8352 7289 0 0 0 0 0 5105 7289 0 0 0 0 0 0
   8       6 sda6 215 2 33472 11240 0 0 0 0 0 9173 11240 0 0 0 0 0 0
   8       7 sda7 962 1088 87754 116348 144 149 3464 7361 0 92783 123709 0 0 0 0 0 0
   8       8 sda8 76925 37360 7542018 6014578 11710 11469 844416 421877 0 555931 6436456 0 0 0 0 0 0
  11       0 sr0 0 0 0 0 0 0 0 0 0 0 0 0 0 0 0 0 0
   8      16 sdb 1126 1 127160 5126 0 0 0 0 0 3390 5126 0 0 0 0 0 0
   8      17 sdb1 1059 1 124912 4097 0 0 0 0 0 2397 4097 0 0 0 0 0 0
   8      32 sdc 1094 1 126744 4222 0 0 0 0 0 2447 4222 0 0 0 0 0 0
   8      33 sdc1 1027 1 124496 3640 0 0 0 0 0 1960 3640 0 0 0 0 0 0
   7       8 loop8 317 0 3344 5622 0 0 0 0 0 5255 5622 0 0 0 0 0 0
   7       9 loop9 58 0 2142 5549 0 0 0 0 0 3583 5549 0 0 0 0 0 0
   7      10 loop10 369 0 9232 13997 0 0 0 0 0 12854 13997 0 0 0 0 0 0
   7      11 loop11 43 0 696 1497 0 0 0 0 0 1498 1497 0 0 0 0 0 0
   7      12 loop12 47 0 766 3886 0 0 0 0 0 3886 3886 0 0 0 0 0 0
   7      13 loop13 61 0 2182 5246 0 0 0 0 0 4324 5246 0 0 0 0 0 0
   7      14 loop14 59 0 2216 7214 0 0 0 0 0 6373 7214 0 0 0 0 0 0
   7      15 loop15 54 0 2144 9546 0 0 0 0 0 5725 9546 0 0 0 0 0 0
   7      16 loop16 1361 0 48356 43438 0 0 0 0 0 33809 43438 0 0 0 0 0 0
   7      17 loop17 1762 0 10640 8372 0 0 0 0 0 5126 8372 0 0 0 0 0 0
   7      18 loop18 54 0 2160 5319 0 0 0 0 0 3292 5319 0 0 0 0 0 0
   7      19 loop19 63 0 2272 7044 0 0 0 0 0 3398 7044 0 0 0 0 0 0
   7      20 loop20 60 0 2178 9748 0 0 0 0 0 4783 9748 0 0 0 0 0 0
   7      21 loop21 52 0 2170 6385 0 0 0 0 0 5890 6385 0 0 0 0 0 0
   7      22 loop22 783 0 67738 19561 0 0 0 0 0 19461 19561 0 0 0 0 0 0
   7      23 loop23 43 0 694 3404 0 0 0 0 0 3407 3404 0 0 0 0 0 0
   7      24 loop24 48 0 764 1692 0 0 0 0 0 1692 1692 0 0 0 0 0 0
   7      25 loop25 45 0 700 3145 0 0 0 0 0 3145 3145 0 0 0 0 0 0
   7      26 loop26 55 0 740 3592 0 0 0 0 0 3593 3592 0 0 0 0 0 0
   7      27 loop27 21 0 118 1446 0 0 0 0 0 1446 1446 0 0 0 0 0 0
   7      28 loop28 43 0 1024 1429 0 0 0 0 0 1430 1429 0 0 0 0 0 0
   7      29 loop29 55 0 2150 3492 0 0 0 0 0 2305 3492 0 0 0 0 0 0
   7      30 loop30 63 0 2290 4410 0 0 0 0 0 3511 4410 0 0 0 0 0 0
   7      31 loop31 11 0 28 0 0 0 0 0 0 0 0 0 0 0 0 0 0

MOUNTED FILESYSTEMS:
Filesystem     Type      Size  Used Avail Use% Mounted on
tmpfs          tmpfs     1.6G  3.9M  1.6G   1% /run
/dev/sda8      ext4      151G   70G   73G  49% /
tmpfs          tmpfs     7.8G  4.0K  7.8G   1% /dev/shm
tmpfs          tmpfs     5.0M   12K  5.0M   1% /run/lock
efivarfs       efivarfs   84K   71K  8.4K  90% /sys/firmware/efi/efivars
/dev/sda7      ext4      242G  148G   82G  65% /data
/dev/sda6      fuseblk   401G  244G  158G  61% /media/eclipse
/dev/sda2      vfat      256M  130M  127M  51% /boot/efi
tmpfs          tmpfs     1.6G  148K  1.6G   1% /run/user/1000
/dev/sdb1      fuseblk   1.9T  1.5T  352G  82% /media/Elements
/dev/sdc1      fuseblk   1.9T  1.6T  253G  87% /media/My Passport

BLOCK DEVICES:
NAME   MODEL                SERIAL            SIZE TYPE FSTYPE   MOUNTPOINTS
loop0                                        13.5M loop squashfs /snap/canonical-livepatch/406
loop1                                           4K loop squashfs /snap/bare/5
loop2                                        13.1M loop squashfs /snap/canonical-livepatch/414
loop3                                        55.5M loop squashfs /snap/core18/2999
loop4                                        55.5M loop squashfs /snap/core18/3084
loop5                                        63.8M loop squashfs /snap/core20/2866
loop6                                        63.8M loop squashfs /snap/core20/2922
loop7                                          74M loop squashfs /snap/core22/2437
loop8                                          74M loop squashfs /snap/core22/2955
loop9                                        66.8M loop squashfs /snap/core24/1643
loop10                                       66.8M loop squashfs /snap/core24/2124
loop11                                       16.5M loop squashfs /snap/firmware-updater/226
loop12                                       12.7M loop squashfs /snap/firmware-updater/258
loop13                                      164.8M loop squashfs /snap/gnome-3-28-1804/198
loop14                                      531.5M loop squashfs /snap/gnome-42-2204/263
loop15                                      606.1M loop squashfs /snap/gnome-46-2404/153
loop16                                      614.5M loop squashfs /snap/gnome-46-2404/164
loop17                                       91.7M loop squashfs /snap/gtk-common-themes/1535
loop18                                      531.4M loop squashfs /snap/gnome-42-2204/247
loop19                                      437.3M loop squashfs /snap/kde-frameworks-5-99-qt-5-15-7-core20/7
loop20                                        1.6G loop squashfs /snap/kf6-core24/64
loop21                                        402M loop squashfs /snap/mesa-2404/1781
loop22                                        402M loop squashfs /snap/mesa-2404/1839
loop23                                       11.8M loop squashfs /snap/snap-store/1390
loop24                                       11.8M loop squashfs /snap/snap-store/1419
loop25                                       50.1M loop squashfs /snap/snapd/27710
loop26                                       50.3M loop squashfs /snap/snapd/27738
loop27                                        828K loop squashfs /snap/snapd-desktop-integration/387
loop28                                        828K loop squashfs /snap/snapd-desktop-integration/391
loop29                                      321.1M loop squashfs /snap/vlc/3777
loop30                                      264.8M loop squashfs /snap/vlc/4472
sda    HGST HTS541010A9E680 JA10021F2V07LN  931.5G disk          
├─sda1                                        650M part ntfs     
├─sda2                                        260M part vfat     /boot/efi
├─sda3                                         16M part          
├─sda4                                      129.2G part ntfs     
├─sda5                                        668M part ntfs     
├─sda6                                      400.4G part ntfs     /media/eclipse
├─sda7                                      246.5G part ext4     /data
└─sda8                                      153.9G part ext4     /
sdb    WDC WD20NMVW-11EDZS6 WD-WXQ1AC51RZLR   1.8T disk          
└─sdb1                                        1.8T part ntfs     /media/Elements
sdc    WDC WD20JDRW-11C7VS0 WD-WX72A168PXZX   1.8T disk          
└─sdc1                                        1.8T part ntfs     /media/My Passport
sr0    hp DVDRAM GU90N      KL3Z8264215      1024M rom           

PROCESS I/O:
Linux 6.8.0-139-generic (dkvlko-HP-ENVY-15-Notebook-PC) 	25/09/26 	_x86_64_	(4 CPU)

12:42:06 PM IST   UID       PID   kB_rd/s   kB_wr/s kB_ccwr/s iodelay  Command

Average:      UID       PID   kB_rd/s   kB_wr/s kB_ccwr/s iodelay  Command

IOSTAT:
Linux 6.8.0-139-generic (dkvlko-HP-ENVY-15-Notebook-PC) 	25/09/26 	_x86_64_	(4 CPU)

avg-cpu:  %user   %nice %system %iowait  %steal   %idle
           9.63    1.27    4.16   72.59    0.00   12.35

Device            r/s     rkB/s   rrqm/s  %rrqm r_await rareq-sz     w/s     wkB/s   wrqm/s  %wrqm w_await wareq-sz     d/s     dkB/s   drqm/s  %drqm d_await dareq-sz     f/s f_await  aqu-sz  %util
loop0            0.08      0.61     0.00   0.00  137.60     8.09    0.00      0.00     0.00   0.00    0.00     0.00    0.00      0.00     0.00   0.00    0.00     0.00    0.00    0.00    0.01   1.04
loop1            0.02      0.03     0.00   0.00    3.21     1.21    0.00      0.00     0.00   0.00    0.00     0.00    0.00      0.00     0.00   0.00    0.00     0.00    0.00    0.00    0.00   0.01
loop10           0.65      8.11     0.00   0.00   37.93    12.51    0.00      0.00     0.00   0.00    0.00     0.00    0.00      0.00     0.00   0.00    0.00     0.00    0.00    0.00    0.02   2.26
loop11           0.08      0.61     0.00   0.00   34.81     8.09    0.00      0.00     0.00   0.00    0.00     0.00    0.00      0.00     0.00   0.00    0.00     0.00    0.00    0.00    0.00   0.26
loop12           0.08      0.67     0.00   0.00   82.68     8.15    0.00      0.00     0.00   0.00    0.00     0.00    0.00      0.00     0.00   0.00    0.00     0.00    0.00    0.00    0.01   0.68
loop13           0.11      1.92     0.00   0.00   86.00    17.89    0.00      0.00     0.00   0.00    0.00     0.00    0.00      0.00     0.00   0.00    0.00     0.00    0.00    0.00    0.01   0.76
loop14           0.10      1.95     0.00   0.00  122.27    18.78    0.00      0.00     0.00   0.00    0.00     0.00    0.00      0.00     0.00   0.00    0.00     0.00    0.00    0.00    0.01   1.12
loop15           0.09      1.88     0.00   0.00  176.78    19.85    0.00      0.00     0.00   0.00    0.00     0.00    0.00      0.00     0.00   0.00    0.00     0.00    0.00    0.00    0.02   1.01
loop16           2.39     42.46     0.00   0.00   31.92    17.76    0.00      0.00     0.00   0.00    0.00     0.00    0.00      0.00     0.00   0.00    0.00     0.00    0.00    0.00    0.08   5.94
loop17           3.09      9.34     0.00   0.00    4.75     3.02    0.00      0.00     0.00   0.00    0.00     0.00    0.00      0.00     0.00   0.00    0.00     0.00    0.00    0.00    0.01   0.90
loop18           0.09      1.90     0.00   0.00   98.50    20.00    0.00      0.00     0.00   0.00    0.00     0.00    0.00      0.00     0.00   0.00    0.00     0.00    0.00    0.00    0.01   0.58
loop19           0.11      1.99     0.00   0.00  111.81    18.03    0.00      0.00     0.00   0.00    0.00     0.00    0.00      0.00     0.00   0.00    0.00     0.00    0.00    0.00    0.01   0.60
loop2            0.31     11.24     0.00   0.00   51.54    36.57    0.00      0.00     0.00   0.00    0.00     0.00    0.00      0.00     0.00   0.00    0.00     0.00    0.00    0.00    0.02   1.58
loop20           0.11      1.91     0.00   0.00  162.47    18.15    0.00      0.00     0.00   0.00    0.00     0.00    0.00      0.00     0.00   0.00    0.00     0.00    0.00    0.00    0.02   0.84
loop21           0.09      1.91     0.00   0.00  122.79    20.87    0.00      0.00     0.00   0.00    0.00     0.00    0.00      0.00     0.00   0.00    0.00     0.00    0.00    0.00    0.01   1.03
loop22           1.37     59.47     0.00   0.00   24.98    43.26    0.00      0.00     0.00   0.00    0.00     0.00    0.00      0.00     0.00   0.00    0.00     0.00    0.00    0.00    0.03   3.42
loop23           0.08      0.61     0.00   0.00   79.16     8.07    0.00      0.00     0.00   0.00    0.00     0.00    0.00      0.00     0.00   0.00    0.00     0.00    0.00    0.00    0.01   0.60
loop24           0.08      0.67     0.00   0.00   35.25     7.96    0.00      0.00     0.00   0.00    0.00     0.00    0.00      0.00     0.00   0.00    0.00     0.00    0.00    0.00    0.00   0.30
loop25           0.08      0.61     0.00   0.00   69.89     7.78    0.00      0.00     0.00   0.00    0.00     0.00    0.00      0.00     0.00   0.00    0.00     0.00    0.00    0.00    0.01   0.55
loop26           0.10      0.65     0.00   0.00   65.31     6.73    0.00      0.00     0.00   0.00    0.00     0.00    0.00      0.00     0.00   0.00    0.00     0.00    0.00    0.00    0.01   0.63
loop27           0.04      0.10     0.00   0.00   68.86     2.81    0.00      0.00     0.00   0.00    0.00     0.00    0.00      0.00     0.00   0.00    0.00     0.00    0.00    0.00    0.00   0.25
loop28           0.08      0.90     0.00   0.00   33.23    11.91    0.00      0.00     0.00   0.00    0.00     0.00    0.00      0.00     0.00   0.00    0.00     0.00    0.00    0.00    0.00   0.25
loop29           0.10      1.89     0.00   0.00   63.49    19.55    0.00      0.00     0.00   0.00    0.00     0.00    0.00      0.00     0.00   0.00    0.00     0.00    0.00    0.00    0.01   0.40
loop3            0.08      0.61     0.00   0.00   41.95     8.07    0.00      0.00     0.00   0.00    0.00     0.00    0.00      0.00     0.00   0.00    0.00     0.00    0.00    0.00    0.00   0.32
loop30           0.11      2.01     0.00   0.00   70.00    18.17    0.00      0.00     0.00   0.00    0.00     0.00    0.00      0.00     0.00   0.00    0.00     0.00    0.00    0.00    0.01   0.62
loop31           0.02      0.02     0.00   0.00    0.00     1.27    0.00      0.00     0.00   0.00    0.00     0.00    0.00      0.00     0.00   0.00    0.00     0.00    0.00    0.00    0.00   0.00
loop4            0.08      0.63     0.00   0.00   64.83     7.48    0.00      0.00     0.00   0.00    0.00     0.00    0.00      0.00     0.00   0.00    0.00     0.00    0.00    0.00    0.01   0.55
loop5            0.08      0.61     0.00   0.00   30.07     7.76    0.00      0.00     0.00   0.00    0.00     0.00    0.00      0.00     0.00   0.00    0.00     0.00    0.00    0.00    0.00   0.24
loop6            0.09      0.63     0.00   0.00  126.90     7.22    0.00      0.00     0.00   0.00    0.00     0.00    0.00      0.00     0.00   0.00    0.00     0.00    0.00    0.00    0.01   1.11
loop7            0.10      1.90     0.00   0.00  129.69    19.71    0.00      0.00     0.00   0.00    0.00     0.00    0.00      0.00     0.00   0.00    0.00     0.00    0.00    0.00    0.01   1.11
loop8            0.56      2.94     0.00   0.00   17.74     5.27    0.00      0.00     0.00   0.00    0.00     0.00    0.00      0.00     0.00   0.00    0.00     0.00    0.00    0.00    0.01   0.92
loop9            0.10      1.88     0.00   0.00   95.67    18.47    0.00      0.00     0.00   0.00    0.00     0.00    0.00      0.00     0.00   0.00    0.00     0.00    0.00    0.00    0.01   0.63
sda            138.60   6767.35    68.44  33.05   78.30    48.83   20.82    745.20    20.59  49.71   36.21    35.79    0.00      0.00     0.00   0.00    0.00     0.00    2.93   79.71   11.84  87.66
sdb              1.98    111.65     0.00   0.09    4.55    56.47    0.00      0.00     0.00   0.00    0.00     0.00    0.00      0.00     0.00   0.00    0.00     0.00    0.00    0.00    0.01   0.60
sdc              1.92    111.28     0.00   0.09    3.86    57.93    0.00      0.00     0.00   0.00    0.00     0.00    0.00      0.00     0.00   0.00    0.00     0.00    0.00    0.00    0.01   0.43



==============================================================
2026-09-25 12:43:08 +0530 CHECK=3
==============================================================

VMSTAT:
procs -----------memory---------- ---swap-- -----io---- -system-- -------cpu-------
 r  b   swpd   free   buff  cache   si   so    bi    bo   in   cs us sy id wa st gu
 3  0      0 7028828 252732 4224264    0    0  6606   683 2633   10 12  4 18 66  0  0
 2  0      0 7028352 252736 4224392    0    0   108   260 2815 1833 50  1 49  1  0  0

DISK STATISTICS:
   7       0 loop0 43 0 696 5917 0 0 0 0 0 5917 5917 0 0 0 0 0 0
   7       1 loop1 14 0 34 45 0 0 0 0 0 45 45 0 0 0 0 0 0
   7       2 loop2 175 0 12798 9020 0 0 0 0 0 9024 9020 0 0 0 0 0 0
   7       3 loop3 43 0 694 1804 0 0 0 0 0 1801 1804 0 0 0 0 0 0
   7       4 loop4 48 0 718 3112 0 0 0 0 0 3115 3112 0 0 0 0 0 0
   7       5 loop5 45 0 698 1353 0 0 0 0 0 1351 1353 0 0 0 0 0 0
   7       6 loop6 50 0 722 6345 0 0 0 0 0 6346 6345 0 0 0 0 0 0
   7       7 loop7 55 0 2168 7133 0 0 0 0 0 6325 7133 0 0 0 0 0 0
   8       0 sda 80641 39119 7910819 6199906 12466 12347 864394 434905 0 513072 6769998 0 0 0 0 1746 135186
   8       1 sda1 116 0 8352 2391 0 0 0 0 0 2021 2391 0 0 0 0 0 0
   8       2 sda2 289 522 12487 9772 2 0 2 117 0 9110 9890 0 0 0 0 0 0
   8       3 sda3 92 0 2336 1364 0 0 0 0 0 1223 1364 0 0 0 0 0 0
   8       4 sda4 116 0 8352 5575 0 0 0 0 0 4031 5575 0 0 0 0 0 0
   8       5 sda5 116 0 8352 7289 0 0 0 0 0 5105 7289 0 0 0 0 0 0
   8       6 sda6 215 2 33472 11240 0 0 0 0 0 9173 11240 0 0 0 0 0 0
   8       7 sda7 962 1088 87754 116348 144 149 3464 7361 0 92783 123709 0 0 0 0 0 0
   8       8 sda8 78636 37507 7745226 6034409 12320 12198 860928 427426 0 570496 6461836 0 0 0 0 0 0
  11       0 sr0 0 0 0 0 0 0 0 0 0 0 0 0 0 0 0 0 0
   8      16 sdb 1126 1 127160 5126 0 0 0 0 0 3390 5126 0 0 0 0 0 0
   8      17 sdb1 1059 1 124912 4097 0 0 0 0 0 2397 4097 0 0 0 0 0 0
   8      32 sdc 1094 1 126744 4222 0 0 0 0 0 2447 4222 0 0 0 0 0 0
   8      33 sdc1 1027 1 124496 3640 0 0 0 0 0 1960 3640 0 0 0 0 0 0
   7       8 loop8 317 0 3344 5622 0 0 0 0 0 5255 5622 0 0 0 0 0 0
   7       9 loop9 58 0 2142 5549 0 0 0 0 0 3583 5549 0 0 0 0 0 0
   7      10 loop10 369 0 9232 13997 0 0 0 0 0 12854 13997 0 0 0 0 0 0
   7      11 loop11 43 0 696 1497 0 0 0 0 0 1498 1497 0 0 0 0 0 0
   7      12 loop12 47 0 766 3886 0 0 0 0 0 3886 3886 0 0 0 0 0 0
   7      13 loop13 61 0 2182 5246 0 0 0 0 0 4324 5246 0 0 0 0 0 0
   7      14 loop14 59 0 2216 7214 0 0 0 0 0 6373 7214 0 0 0 0 0 0
   7      15 loop15 54 0 2144 9546 0 0 0 0 0 5725 9546 0 0 0 0 0 0
   7      16 loop16 1361 0 48356 43438 0 0 0 0 0 33809 43438 0 0 0 0 0 0
   7      17 loop17 1762 0 10640 8372 0 0 0 0 0 5126 8372 0 0 0 0 0 0
   7      18 loop18 54 0 2160 5319 0 0 0 0 0 3292 5319 0 0 0 0 0 0
   7      19 loop19 63 0 2272 7044 0 0 0 0 0 3398 7044 0 0 0 0 0 0
   7      20 loop20 60 0 2178 9748 0 0 0 0 0 4783 9748 0 0 0 0 0 0
   7      21 loop21 52 0 2170 6385 0 0 0 0 0 5890 6385 0 0 0 0 0 0
   7      22 loop22 783 0 67738 19561 0 0 0 0 0 19461 19561 0 0 0 0 0 0
   7      23 loop23 43 0 694 3404 0 0 0 0 0 3407 3404 0 0 0 0 0 0
   7      24 loop24 48 0 764 1692 0 0 0 0 0 1692 1692 0 0 0 0 0 0
   7      25 loop25 45 0 700 3145 0 0 0 0 0 3145 3145 0 0 0 0 0 0
   7      26 loop26 55 0 740 3592 0 0 0 0 0 3593 3592 0 0 0 0 0 0
   7      27 loop27 21 0 118 1446 0 0 0 0 0 1446 1446 0 0 0 0 0 0
   7      28 loop28 43 0 1024 1429 0 0 0 0 0 1430 1429 0 0 0 0 0 0
   7      29 loop29 55 0 2150 3492 0 0 0 0 0 2305 3492 0 0 0 0 0 0
   7      30 loop30 63 0 2290 4410 0 0 0 0 0 3511 4410 0 0 0 0 0 0
   7      31 loop31 11 0 28 0 0 0 0 0 0 0 0 0 0 0 0 0 0

MOUNTED FILESYSTEMS:
Filesystem     Type      Size  Used Avail Use% Mounted on
tmpfs          tmpfs     1.6G  3.9M  1.6G   1% /run
/dev/sda8      ext4      151G   70G   73G  49% /
tmpfs          tmpfs     7.8G  4.0K  7.8G   1% /dev/shm
tmpfs          tmpfs     5.0M   12K  5.0M   1% /run/lock
efivarfs       efivarfs   84K   71K  8.4K  90% /sys/firmware/efi/efivars
/dev/sda7      ext4      242G  148G   82G  65% /data
/dev/sda6      fuseblk   401G  244G  158G  61% /media/eclipse
/dev/sda2      vfat      256M  130M  127M  51% /boot/efi
tmpfs          tmpfs     1.6G  148K  1.6G   1% /run/user/1000
/dev/sdb1      fuseblk   1.9T  1.5T  352G  82% /media/Elements
/dev/sdc1      fuseblk   1.9T  1.6T  253G  87% /media/My Passport

BLOCK DEVICES:
NAME   MODEL                SERIAL            SIZE TYPE FSTYPE   MOUNTPOINTS
loop0                                        13.5M loop squashfs /snap/canonical-livepatch/406
loop1                                           4K loop squashfs /snap/bare/5
loop2                                        13.1M loop squashfs /snap/canonical-livepatch/414
loop3                                        55.5M loop squashfs /snap/core18/2999
loop4                                        55.5M loop squashfs /snap/core18/3084
loop5                                        63.8M loop squashfs /snap/core20/2866
loop6                                        63.8M loop squashfs /snap/core20/2922
loop7                                          74M loop squashfs /snap/core22/2437
loop8                                          74M loop squashfs /snap/core22/2955
loop9                                        66.8M loop squashfs /snap/core24/1643
loop10                                       66.8M loop squashfs /snap/core24/2124
loop11                                       16.5M loop squashfs /snap/firmware-updater/226
loop12                                       12.7M loop squashfs /snap/firmware-updater/258
loop13                                      164.8M loop squashfs /snap/gnome-3-28-1804/198
loop14                                      531.5M loop squashfs /snap/gnome-42-2204/263
loop15                                      606.1M loop squashfs /snap/gnome-46-2404/153
loop16                                      614.5M loop squashfs /snap/gnome-46-2404/164
loop17                                       91.7M loop squashfs /snap/gtk-common-themes/1535
loop18                                      531.4M loop squashfs /snap/gnome-42-2204/247
loop19                                      437.3M loop squashfs /snap/kde-frameworks-5-99-qt-5-15-7-core20/7
loop20                                        1.6G loop squashfs /snap/kf6-core24/64
loop21                                        402M loop squashfs /snap/mesa-2404/1781
loop22                                        402M loop squashfs /snap/mesa-2404/1839
loop23                                       11.8M loop squashfs /snap/snap-store/1390
loop24                                       11.8M loop squashfs /snap/snap-store/1419
loop25                                       50.1M loop squashfs /snap/snapd/27710
loop26                                       50.3M loop squashfs /snap/snapd/27738
loop27                                        828K loop squashfs /snap/snapd-desktop-integration/387
loop28                                        828K loop squashfs /snap/snapd-desktop-integration/391
loop29                                      321.1M loop squashfs /snap/vlc/3777
loop30                                      264.8M loop squashfs /snap/vlc/4472
sda    HGST HTS541010A9E680 JA10021F2V07LN  931.5G disk          
├─sda1                                        650M part ntfs     
├─sda2                                        260M part vfat     /boot/efi
├─sda3                                         16M part          
├─sda4                                      129.2G part ntfs     
├─sda5                                        668M part ntfs     
├─sda6                                      400.4G part ntfs     /media/eclipse
├─sda7                                      246.5G part ext4     /data
└─sda8                                      153.9G part ext4     /
sdb    WDC WD20NMVW-11EDZS6 WD-WXQ1AC51RZLR   1.8T disk          
└─sdb1                                        1.8T part ntfs     /media/Elements
sdc    WDC WD20JDRW-11C7VS0 WD-WX72A168PXZX   1.8T disk          
└─sdc1                                        1.8T part ntfs     /media/My Passport
sr0    hp DVDRAM GU90N      KL3Z8264215      1024M rom           

PROCESS I/O:
Linux 6.8.0-139-generic (dkvlko-HP-ENVY-15-Notebook-PC) 	25/09/26 	_x86_64_	(4 CPU)

12:43:10 PM IST   UID       PID   kB_rd/s   kB_wr/s kB_ccwr/s iodelay  Command
12:43:11 PM IST  1000      6712      0.00     61.54      0.00       0  python
12:43:11 PM IST  1000      7721     15.38      0.00      0.00       0  gnome-software

Average:      UID       PID   kB_rd/s   kB_wr/s kB_ccwr/s iodelay  Command
Average:     1000      6712      0.00     61.54      0.00       0  python
Average:     1000      7721     15.38      0.00      0.00       0  gnome-software

IOSTAT:
Linux 6.8.0-139-generic (dkvlko-HP-ENVY-15-Notebook-PC) 	25/09/26 	_x86_64_	(4 CPU)

avg-cpu:  %user   %nice %system %iowait  %steal   %idle
          10.53    1.15    4.03   66.02    0.00   18.26

Device            r/s     rkB/s   rrqm/s  %rrqm r_await rareq-sz     w/s     wkB/s   wrqm/s  %wrqm w_await wareq-sz     d/s     dkB/s   drqm/s  %drqm d_await dareq-sz     f/s f_await  aqu-sz  %util
loop0            0.07      0.55     0.00   0.00  137.60     8.09    0.00      0.00     0.00   0.00    0.00     0.00    0.00      0.00     0.00   0.00    0.00     0.00    0.00    0.00    0.01   0.93
loop1            0.02      0.03     0.00   0.00    3.21     1.21    0.00      0.00     0.00   0.00    0.00     0.00    0.00      0.00     0.00   0.00    0.00     0.00    0.00    0.00    0.00   0.01
loop10           0.58      7.28     0.00   0.00   37.93    12.51    0.00      0.00     0.00   0.00    0.00     0.00    0.00      0.00     0.00   0.00    0.00     0.00    0.00    0.00    0.02   2.03
loop11           0.07      0.55     0.00   0.00   34.81     8.09    0.00      0.00     0.00   0.00    0.00     0.00    0.00      0.00     0.00   0.00    0.00     0.00    0.00    0.00    0.00   0.24
loop12           0.07      0.60     0.00   0.00   82.68     8.15    0.00      0.00     0.00   0.00    0.00     0.00    0.00      0.00     0.00   0.00    0.00     0.00    0.00    0.00    0.01   0.61
loop13           0.10      1.72     0.00   0.00   86.00    17.89    0.00      0.00     0.00   0.00    0.00     0.00    0.00      0.00     0.00   0.00    0.00     0.00    0.00    0.00    0.01   0.68
loop14           0.09      1.75     0.00   0.00  122.27    18.78    0.00      0.00     0.00   0.00    0.00     0.00    0.00      0.00     0.00   0.00    0.00     0.00    0.00    0.00    0.01   1.01
loop15           0.09      1.69     0.00   0.00  176.78    19.85    0.00      0.00     0.00   0.00    0.00     0.00    0.00      0.00     0.00   0.00    0.00     0.00    0.00    0.00    0.02   0.90
loop16           2.15     38.13     0.00   0.00   31.92    17.76    0.00      0.00     0.00   0.00    0.00     0.00    0.00      0.00     0.00   0.00    0.00     0.00    0.00    0.00    0.07   5.33
loop17           2.78      8.39     0.00   0.00    4.75     3.02    0.00      0.00     0.00   0.00    0.00     0.00    0.00      0.00     0.00   0.00    0.00     0.00    0.00    0.00    0.01   0.81
loop18           0.09      1.70     0.00   0.00   98.50    20.00    0.00      0.00     0.00   0.00    0.00     0.00    0.00      0.00     0.00   0.00    0.00     0.00    0.00    0.00    0.01   0.52
loop19           0.10      1.79     0.00   0.00  111.81    18.03    0.00      0.00     0.00   0.00    0.00     0.00    0.00      0.00     0.00   0.00    0.00     0.00    0.00    0.00    0.01   0.54
loop2            0.28     10.09     0.00   0.00   51.54    36.57    0.00      0.00     0.00   0.00    0.00     0.00    0.00      0.00     0.00   0.00    0.00     0.00    0.00    0.00    0.01   1.42
loop20           0.09      1.72     0.00   0.00  162.47    18.15    0.00      0.00     0.00   0.00    0.00     0.00    0.00      0.00     0.00   0.00    0.00     0.00    0.00    0.00    0.02   0.75
loop21           0.08      1.71     0.00   0.00  122.79    20.87    0.00      0.00     0.00   0.00    0.00     0.00    0.00      0.00     0.00   0.00    0.00     0.00    0.00    0.00    0.01   0.93
loop22           1.23     53.41     0.00   0.00   24.98    43.26    0.00      0.00     0.00   0.00    0.00     0.00    0.00      0.00     0.00   0.00    0.00     0.00    0.00    0.00    0.03   3.07
loop23           0.07      0.55     0.00   0.00   79.16     8.07    0.00      0.00     0.00   0.00    0.00     0.00    0.00      0.00     0.00   0.00    0.00     0.00    0.00    0.00    0.01   0.54
loop24           0.08      0.60     0.00   0.00   35.25     7.96    0.00      0.00     0.00   0.00    0.00     0.00    0.00      0.00     0.00   0.00    0.00     0.00    0.00    0.00    0.00   0.27
loop25           0.07      0.55     0.00   0.00   69.89     7.78    0.00      0.00     0.00   0.00    0.00     0.00    0.00      0.00     0.00   0.00    0.00     0.00    0.00    0.00    0.00   0.50
loop26           0.09      0.58     0.00   0.00   65.31     6.73    0.00      0.00     0.00   0.00    0.00     0.00    0.00      0.00     0.00   0.00    0.00     0.00    0.00    0.00    0.01   0.57
loop27           0.03      0.09     0.00   0.00   68.86     2.81    0.00      0.00     0.00   0.00    0.00     0.00    0.00      0.00     0.00   0.00    0.00     0.00    0.00    0.00    0.00   0.23
loop28           0.07      0.81     0.00   0.00   33.23    11.91    0.00      0.00     0.00   0.00    0.00     0.00    0.00      0.00     0.00   0.00    0.00     0.00    0.00    0.00    0.00   0.23
loop29           0.09      1.70     0.00   0.00   63.49    19.55    0.00      0.00     0.00   0.00    0.00     0.00    0.00      0.00     0.00   0.00    0.00     0.00    0.00    0.00    0.01   0.36
loop3            0.07      0.55     0.00   0.00   41.95     8.07    0.00      0.00     0.00   0.00    0.00     0.00    0.00      0.00     0.00   0.00    0.00     0.00    0.00    0.00    0.00   0.28
loop30           0.10      1.81     0.00   0.00   70.00    18.17    0.00      0.00     0.00   0.00    0.00     0.00    0.00      0.00     0.00   0.00    0.00     0.00    0.00    0.00    0.01   0.55
loop31           0.02      0.02     0.00   0.00    0.00     1.27    0.00      0.00     0.00   0.00    0.00     0.00    0.00      0.00     0.00   0.00    0.00     0.00    0.00    0.00    0.00   0.00
loop4            0.08      0.57     0.00   0.00   64.83     7.48    0.00      0.00     0.00   0.00    0.00     0.00    0.00      0.00     0.00   0.00    0.00     0.00    0.00    0.00    0.00   0.49
loop5            0.07      0.55     0.00   0.00   30.07     7.76    0.00      0.00     0.00   0.00    0.00     0.00    0.00      0.00     0.00   0.00    0.00     0.00    0.00    0.00    0.00   0.21
loop6            0.08      0.57     0.00   0.00  126.90     7.22    0.00      0.00     0.00   0.00    0.00     0.00    0.00      0.00     0.00   0.00    0.00     0.00    0.00    0.00    0.01   1.00
loop7            0.09      1.71     0.00   0.00  129.69    19.71    0.00      0.00     0.00   0.00    0.00     0.00    0.00      0.00     0.00   0.00    0.00     0.00    0.00    0.00    0.01   1.00
loop8            0.50      2.64     0.00   0.00   17.74     5.27    0.00      0.00     0.00   0.00    0.00     0.00    0.00      0.00     0.00   0.00    0.00     0.00    0.00    0.00    0.01   0.83
loop9            0.09      1.69     0.00   0.00   95.67    18.47    0.00      0.00     0.00   0.00    0.00     0.00    0.00      0.00     0.00   0.00    0.00     0.00    0.00    0.00    0.01   0.57
sda            127.19   6238.34    61.69  32.66   76.88    49.05   19.67    681.98    19.53  49.82   34.88    34.67    0.00      0.00     0.00   0.00    0.00     0.00    2.76   77.30   10.68  80.94
sdb              1.78    100.27     0.00   0.09    4.55    56.47    0.00      0.00     0.00   0.00    0.00     0.00    0.00      0.00     0.00   0.00    0.00     0.00    0.00    0.00    0.01   0.53
sdc              1.73     99.94     0.00   0.09    3.86    57.93    0.00      0.00     0.00   0.00    0.00     0.00    0.00      0.00     0.00   0.00    0.00     0.00    0.00    0.00    0.01   0.39



==============================================================
2026-09-25 12:44:13 +0530 CHECK=4
==============================================================

VMSTAT:
procs -----------memory---------- ---swap-- -----io---- -system-- -------cpu-------
 r  b   swpd   free   buff  cache   si   so    bi    bo   in   cs us sy id wa st gu
 0  0      0 7586712 253008 4228876    0    0  6000   642 2620    9 14  4 22 60  0  0
 0  0      0 7589408 253008 4228876    0    0     0     8  714 1348  2  1 97  0  0  0

DISK STATISTICS:
   7       0 loop0 43 0 696 5917 0 0 0 0 0 5917 5917 0 0 0 0 0 0
   7       1 loop1 14 0 34 45 0 0 0 0 0 45 45 0 0 0 0 0 0
   7       2 loop2 175 0 12798 9020 0 0 0 0 0 9024 9020 0 0 0 0 0 0
   7       3 loop3 43 0 694 1804 0 0 0 0 0 1801 1804 0 0 0 0 0 0
   7       4 loop4 48 0 718 3112 0 0 0 0 0 3115 3112 0 0 0 0 0 0
   7       5 loop5 45 0 698 1353 0 0 0 0 0 1351 1353 0 0 0 0 0 0
   7       6 loop6 50 0 722 6345 0 0 0 0 0 6346 6345 0 0 0 0 0 0
   7       7 loop7 55 0 2168 7133 0 0 0 0 0 6325 7133 0 0 0 0 0 0
   8       0 sda 80694 39148 7919387 6200632 13032 12779 895338 437041 0 515039 6774090 0 0 0 0 1822 136416
   8       1 sda1 116 0 8352 2391 0 0 0 0 0 2021 2391 0 0 0 0 0 0
   8       2 sda2 289 522 12487 9772 2 0 2 117 0 9110 9890 0 0 0 0 0 0
   8       3 sda3 92 0 2336 1364 0 0 0 0 0 1223 1364 0 0 0 0 0 0
   8       4 sda4 116 0 8352 5575 0 0 0 0 0 4031 5575 0 0 0 0 0 0
   8       5 sda5 116 0 8352 7289 0 0 0 0 0 5105 7289 0 0 0 0 0 0
   8       6 sda6 215 2 33472 11240 0 0 0 0 0 9173 11240 0 0 0 0 0 0
   8       7 sda7 962 1088 87754 116348 144 149 3464 7361 0 92783 123709 0 0 0 0 0 0
   8       8 sda8 78689 37536 7753794 6035135 12886 12630 891872 429562 0 572510 6464697 0 0 0 0 0 0
  11       0 sr0 0 0 0 0 0 0 0 0 0 0 0 0 0 0 0 0 0
   8      16 sdb 1126 1 127160 5126 0 0 0 0 0 3390 5126 0 0 0 0 0 0
   8      17 sdb1 1059 1 124912 4097 0 0 0 0 0 2397 4097 0 0 0 0 0 0
   8      32 sdc 1094 1 126744 4222 0 0 0 0 0 2447 4222 0 0 0 0 0 0
   8      33 sdc1 1027 1 124496 3640 0 0 0 0 0 1960 3640 0 0 0 0 0 0
   7       8 loop8 317 0 3344 5622 0 0 0 0 0 5255 5622 0 0 0 0 0 0
   7       9 loop9 58 0 2142 5549 0 0 0 0 0 3583 5549 0 0 0 0 0 0
   7      10 loop10 369 0 9232 13997 0 0 0 0 0 12854 13997 0 0 0 0 0 0
   7      11 loop11 43 0 696 1497 0 0 0 0 0 1498 1497 0 0 0 0 0 0
   7      12 loop12 47 0 766 3886 0 0 0 0 0 3886 3886 0 0 0 0 0 0
   7      13 loop13 61 0 2182 5246 0 0 0 0 0 4324 5246 0 0 0 0 0 0
   7      14 loop14 59 0 2216 7214 0 0 0 0 0 6373 7214 0 0 0 0 0 0
   7      15 loop15 54 0 2144 9546 0 0 0 0 0 5725 9546 0 0 0 0 0 0
   7      16 loop16 1361 0 48356 43438 0 0 0 0 0 33809 43438 0 0 0 0 0 0
   7      17 loop17 1762 0 10640 8372 0 0 0 0 0 5126 8372 0 0 0 0 0 0
   7      18 loop18 54 0 2160 5319 0 0 0 0 0 3292 5319 0 0 0 0 0 0
   7      19 loop19 63 0 2272 7044 0 0 0 0 0 3398 7044 0 0 0 0 0 0
   7      20 loop20 60 0 2178 9748 0 0 0 0 0 4783 9748 0 0 0 0 0 0
   7      21 loop21 52 0 2170 6385 0 0 0 0 0 5890 6385 0 0 0 0 0 0
   7      22 loop22 783 0 67738 19561 0 0 0 0 0 19461 19561 0 0 0 0 0 0
   7      23 loop23 43 0 694 3404 0 0 0 0 0 3407 3404 0 0 0 0 0 0
   7      24 loop24 48 0 764 1692 0 0 0 0 0 1692 1692 0 0 0 0 0 0
   7      25 loop25 45 0 700 3145 0 0 0 0 0 3145 3145 0 0 0 0 0 0
   7      26 loop26 55 0 740 3592 0 0 0 0 0 3593 3592 0 0 0 0 0 0
   7      27 loop27 21 0 118 1446 0 0 0 0 0 1446 1446 0 0 0 0 0 0
   7      28 loop28 43 0 1024 1429 0 0 0 0 0 1430 1429 0 0 0 0 0 0
   7      29 loop29 55 0 2150 3492 0 0 0 0 0 2305 3492 0 0 0 0 0 0
   7      30 loop30 63 0 2290 4410 0 0 0 0 0 3511 4410 0 0 0 0 0 0
   7      31 loop31 11 0 28 0 0 0 0 0 0 0 0 0 0 0 0 0 0

MOUNTED FILESYSTEMS:
Filesystem     Type      Size  Used Avail Use% Mounted on
tmpfs          tmpfs     1.6G  3.9M  1.6G   1% /run
/dev/sda8      ext4      151G   70G   73G  49% /
tmpfs          tmpfs     7.8G     0  7.8G   0% /dev/shm
tmpfs          tmpfs     5.0M   12K  5.0M   1% /run/lock
efivarfs       efivarfs   84K   71K  8.4K  90% /sys/firmware/efi/efivars
/dev/sda7      ext4      242G  148G   82G  65% /data
/dev/sda6      fuseblk   401G  244G  158G  61% /media/eclipse
/dev/sda2      vfat      256M  130M  127M  51% /boot/efi
tmpfs          tmpfs     1.6G  148K  1.6G   1% /run/user/1000
/dev/sdb1      fuseblk   1.9T  1.5T  352G  82% /media/Elements
/dev/sdc1      fuseblk   1.9T  1.6T  253G  87% /media/My Passport

BLOCK DEVICES:
NAME   MODEL                SERIAL            SIZE TYPE FSTYPE   MOUNTPOINTS
loop0                                        13.5M loop squashfs /snap/canonical-livepatch/406
loop1                                           4K loop squashfs /snap/bare/5
loop2                                        13.1M loop squashfs /snap/canonical-livepatch/414
loop3                                        55.5M loop squashfs /snap/core18/2999
loop4                                        55.5M loop squashfs /snap/core18/3084
loop5                                        63.8M loop squashfs /snap/core20/2866
loop6                                        63.8M loop squashfs /snap/core20/2922
loop7                                          74M loop squashfs /snap/core22/2437
loop8                                          74M loop squashfs /snap/core22/2955
loop9                                        66.8M loop squashfs /snap/core24/1643
loop10                                       66.8M loop squashfs /snap/core24/2124
loop11                                       16.5M loop squashfs /snap/firmware-updater/226
loop12                                       12.7M loop squashfs /snap/firmware-updater/258
loop13                                      164.8M loop squashfs /snap/gnome-3-28-1804/198
loop14                                      531.5M loop squashfs /snap/gnome-42-2204/263
loop15                                      606.1M loop squashfs /snap/gnome-46-2404/153
loop16                                      614.5M loop squashfs /snap/gnome-46-2404/164
loop17                                       91.7M loop squashfs /snap/gtk-common-themes/1535
loop18                                      531.4M loop squashfs /snap/gnome-42-2204/247
loop19                                      437.3M loop squashfs /snap/kde-frameworks-5-99-qt-5-15-7-core20/7
loop20                                        1.6G loop squashfs /snap/kf6-core24/64
loop21                                        402M loop squashfs /snap/mesa-2404/1781
loop22                                        402M loop squashfs /snap/mesa-2404/1839
loop23                                       11.8M loop squashfs /snap/snap-store/1390
loop24                                       11.8M loop squashfs /snap/snap-store/1419
loop25                                       50.1M loop squashfs /snap/snapd/27710
loop26                                       50.3M loop squashfs /snap/snapd/27738
loop27                                        828K loop squashfs /snap/snapd-desktop-integration/387
loop28                                        828K loop squashfs /snap/snapd-desktop-integration/391
loop29                                      321.1M loop squashfs /snap/vlc/3777
loop30                                      264.8M loop squashfs /snap/vlc/4472
sda    HGST HTS541010A9E680 JA10021F2V07LN  931.5G disk          
├─sda1                                        650M part ntfs     
├─sda2                                        260M part vfat     /boot/efi
├─sda3                                         16M part          
├─sda4                                      129.2G part ntfs     
├─sda5                                        668M part ntfs     
├─sda6                                      400.4G part ntfs     /media/eclipse
├─sda7                                      246.5G part ext4     /data
└─sda8                                      153.9G part ext4     /
sdb    WDC WD20NMVW-11EDZS6 WD-WXQ1AC51RZLR   1.8T disk          
└─sdb1                                        1.8T part ntfs     /media/Elements
sdc    WDC WD20JDRW-11C7VS0 WD-WX72A168PXZX   1.8T disk          
└─sdc1                                        1.8T part ntfs     /media/My Passport
sr0    hp DVDRAM GU90N      KL3Z8264215      1024M rom           

PROCESS I/O:
Linux 6.8.0-139-generic (dkvlko-HP-ENVY-15-Notebook-PC) 	25/09/26 	_x86_64_	(4 CPU)

12:44:15 PM IST   UID       PID   kB_rd/s   kB_wr/s kB_ccwr/s iodelay  Command

Average:      UID       PID   kB_rd/s   kB_wr/s kB_ccwr/s iodelay  Command

IOSTAT:
Linux 6.8.0-139-generic (dkvlko-HP-ENVY-15-Notebook-PC) 	25/09/26 	_x86_64_	(4 CPU)

avg-cpu:  %user   %nice %system %iowait  %steal   %idle
          12.98    1.05    3.90   59.94    0.00   22.13

Device            r/s     rkB/s   rrqm/s  %rrqm r_await rareq-sz     w/s     wkB/s   wrqm/s  %wrqm w_await wareq-sz     d/s     dkB/s   drqm/s  %drqm d_await dareq-sz     f/s f_await  aqu-sz  %util
loop0            0.06      0.50     0.00   0.00  137.60     8.09    0.00      0.00     0.00   0.00    0.00     0.00    0.00      0.00     0.00   0.00    0.00     0.00    0.00    0.00    0.01   0.85
loop1            0.02      0.02     0.00   0.00    3.21     1.21    0.00      0.00     0.00   0.00    0.00     0.00    0.00      0.00     0.00   0.00    0.00     0.00    0.00    0.00    0.00   0.01
loop10           0.53      6.61     0.00   0.00   37.93    12.51    0.00      0.00     0.00   0.00    0.00     0.00    0.00      0.00     0.00   0.00    0.00     0.00    0.00    0.00    0.02   1.84
loop11           0.06      0.50     0.00   0.00   34.81     8.09    0.00      0.00     0.00   0.00    0.00     0.00    0.00      0.00     0.00   0.00    0.00     0.00    0.00    0.00    0.00   0.21
loop12           0.07      0.55     0.00   0.00   82.68     8.15    0.00      0.00     0.00   0.00    0.00     0.00    0.00      0.00     0.00   0.00    0.00     0.00    0.00    0.00    0.01   0.56
loop13           0.09      1.56     0.00   0.00   86.00    17.89    0.00      0.00     0.00   0.00    0.00     0.00    0.00      0.00     0.00   0.00    0.00     0.00    0.00    0.00    0.01   0.62
loop14           0.08      1.59     0.00   0.00  122.27    18.78    0.00      0.00     0.00   0.00    0.00     0.00    0.00      0.00     0.00   0.00    0.00     0.00    0.00    0.00    0.01   0.91
loop15           0.08      1.53     0.00   0.00  176.78    19.85    0.00      0.00     0.00   0.00    0.00     0.00    0.00      0.00     0.00   0.00    0.00     0.00    0.00    0.00    0.01   0.82
loop16           1.95     34.61     0.00   0.00   31.92    17.76    0.00      0.00     0.00   0.00    0.00     0.00    0.00      0.00     0.00   0.00    0.00     0.00    0.00    0.00    0.06   4.84
loop17           2.52      7.62     0.00   0.00    4.75     3.02    0.00      0.00     0.00   0.00    0.00     0.00    0.00      0.00     0.00   0.00    0.00     0.00    0.00    0.00    0.01   0.73
loop18           0.08      1.55     0.00   0.00   98.50    20.00    0.00      0.00     0.00   0.00    0.00     0.00    0.00      0.00     0.00   0.00    0.00     0.00    0.00    0.00    0.01   0.47
loop19           0.09      1.63     0.00   0.00  111.81    18.03    0.00      0.00     0.00   0.00    0.00     0.00    0.00      0.00     0.00   0.00    0.00     0.00    0.00    0.00    0.01   0.49
loop2            0.25      9.16     0.00   0.00   51.54    36.57    0.00      0.00     0.00   0.00    0.00     0.00    0.00      0.00     0.00   0.00    0.00     0.00    0.00    0.00    0.01   1.29
loop20           0.09      1.56     0.00   0.00  162.47    18.15    0.00      0.00     0.00   0.00    0.00     0.00    0.00      0.00     0.00   0.00    0.00     0.00    0.00    0.00    0.01   0.68
loop21           0.07      1.55     0.00   0.00  122.79    20.87    0.00      0.00     0.00   0.00    0.00     0.00    0.00      0.00     0.00   0.00    0.00     0.00    0.00    0.00    0.01   0.84
loop22           1.12     48.48     0.00   0.00   24.98    43.26    0.00      0.00     0.00   0.00    0.00     0.00    0.00      0.00     0.00   0.00    0.00     0.00    0.00    0.00    0.03   2.79
loop23           0.06      0.50     0.00   0.00   79.16     8.07    0.00      0.00     0.00   0.00    0.00     0.00    0.00      0.00     0.00   0.00    0.00     0.00    0.00    0.00    0.00   0.49
loop24           0.07      0.55     0.00   0.00   35.25     7.96    0.00      0.00     0.00   0.00    0.00     0.00    0.00      0.00     0.00   0.00    0.00     0.00    0.00    0.00    0.00   0.24
loop25           0.06      0.50     0.00   0.00   69.89     7.78    0.00      0.00     0.00   0.00    0.00     0.00    0.00      0.00     0.00   0.00    0.00     0.00    0.00    0.00    0.00   0.45
loop26           0.08      0.53     0.00   0.00   65.31     6.73    0.00      0.00     0.00   0.00    0.00     0.00    0.00      0.00     0.00   0.00    0.00     0.00    0.00    0.00    0.01   0.51
loop27           0.03      0.08     0.00   0.00   68.86     2.81    0.00      0.00     0.00   0.00    0.00     0.00    0.00      0.00     0.00   0.00    0.00     0.00    0.00    0.00    0.00   0.21
loop28           0.06      0.73     0.00   0.00   33.23    11.91    0.00      0.00     0.00   0.00    0.00     0.00    0.00      0.00     0.00   0.00    0.00     0.00    0.00    0.00    0.00   0.20
loop29           0.08      1.54     0.00   0.00   63.49    19.55    0.00      0.00     0.00   0.00    0.00     0.00    0.00      0.00     0.00   0.00    0.00     0.00    0.00    0.00    0.00   0.33
loop3            0.06      0.50     0.00   0.00   41.95     8.07    0.00      0.00     0.00   0.00    0.00     0.00    0.00      0.00     0.00   0.00    0.00     0.00    0.00    0.00    0.00   0.26
loop30           0.09      1.64     0.00   0.00   70.00    18.17    0.00      0.00     0.00   0.00    0.00     0.00    0.00      0.00     0.00   0.00    0.00     0.00    0.00    0.00    0.01   0.50
loop31           0.02      0.02     0.00   0.00    0.00     1.27    0.00      0.00     0.00   0.00    0.00     0.00    0.00      0.00     0.00   0.00    0.00     0.00    0.00    0.00    0.00   0.00
loop4            0.07      0.51     0.00   0.00   64.83     7.48    0.00      0.00     0.00   0.00    0.00     0.00    0.00      0.00     0.00   0.00    0.00     0.00    0.00    0.00    0.00   0.45
loop5            0.06      0.50     0.00   0.00   30.07     7.76    0.00      0.00     0.00   0.00    0.00     0.00    0.00      0.00     0.00   0.00    0.00     0.00    0.00    0.00    0.00   0.19
loop6            0.07      0.52     0.00   0.00  126.90     7.22    0.00      0.00     0.00   0.00    0.00     0.00    0.00      0.00     0.00   0.00    0.00     0.00    0.00    0.00    0.01   0.91
loop7            0.08      1.55     0.00   0.00  129.69    19.71    0.00      0.00     0.00   0.00    0.00     0.00    0.00      0.00     0.00   0.00    0.00     0.00    0.00    0.00    0.01   0.91
loop8            0.45      2.39     0.00   0.00   17.74     5.27    0.00      0.00     0.00   0.00    0.00     0.00    0.00      0.00     0.00   0.00    0.00     0.00    0.00    0.00    0.01   0.75
loop9            0.08      1.53     0.00   0.00   95.67    18.47    0.00      0.00     0.00   0.00    0.00     0.00    0.00      0.00     0.00   0.00    0.00     0.00    0.00    0.00    0.01   0.51
sda            115.50   5667.88    56.04  32.67   76.84    49.07   18.65    640.79    18.29  49.51   33.54    34.35    0.00      0.00     0.00   0.00    0.00     0.00    2.61   74.87    9.70  73.72
sdb              1.61     91.01     0.00   0.09    4.55    56.47    0.00      0.00     0.00   0.00    0.00     0.00    0.00      0.00     0.00   0.00    0.00     0.00    0.00    0.00    0.01   0.49
sdc              1.57     90.71     0.00   0.09    3.86    57.93    0.00      0.00     0.00   0.00    0.00     0.00    0.00      0.00     0.00   0.00    0.00     0.00    0.00    0.00    0.01   0.35



==============================================================
2026-09-25 12:45:17 +0530 CHECK=5
==============================================================

VMSTAT:
procs -----------memory---------- ---swap-- -----io---- -system-- -------cpu-------
 r  b   swpd   free   buff  cache   si   so    bi    bo   in   cs us sy id wa st gu
 0  0      0 7575260 253324 4230212    0    0  5493   592 2494    9 13  4 28 55  0  0
 0  0      0 7586056 253324 4230228    0    0     0     0  963 1661  3  1 96  0  0  0

DISK STATISTICS:
   7       0 loop0 43 0 696 5917 0 0 0 0 0 5917 5917 0 0 0 0 0 0
   7       1 loop1 14 0 34 45 0 0 0 0 0 45 45 0 0 0 0 0 0
   7       2 loop2 175 0 12798 9020 0 0 0 0 0 9024 9020 0 0 0 0 0 0
   7       3 loop3 43 0 694 1804 0 0 0 0 0 1801 1804 0 0 0 0 0 0
   7       4 loop4 48 0 718 3112 0 0 0 0 0 3115 3112 0 0 0 0 0 0
   7       5 loop5 45 0 698 1353 0 0 0 0 0 1351 1353 0 0 0 0 0 0
   7       6 loop6 50 0 722 6345 0 0 0 0 0 6346 6345 0 0 0 0 0 0
   7       7 loop7 55 0 2168 7133 0 0 0 0 0 6325 7133 0 0 0 0 0 0
   8       0 sda 80844 39148 7921843 6200896 13517 13177 902282 439801 0 516558 6778162 0 0 0 0 1910 137464
   8       1 sda1 116 0 8352 2391 0 0 0 0 0 2021 2391 0 0 0 0 0 0
   8       2 sda2 289 522 12487 9772 2 0 2 117 0 9110 9890 0 0 0 0 0 0
   8       3 sda3 92 0 2336 1364 0 0 0 0 0 1223 1364 0 0 0 0 0 0
   8       4 sda4 116 0 8352 5575 0 0 0 0 0 4031 5575 0 0 0 0 0 0
   8       5 sda5 116 0 8352 7289 0 0 0 0 0 5105 7289 0 0 0 0 0 0
   8       6 sda6 215 2 33472 11240 0 0 0 0 0 9173 11240 0 0 0 0 0 0
   8       7 sda7 962 1088 87754 116348 144 149 3464 7361 0 92783 123709 0 0 0 0 0 0
   8       8 sda8 78839 37536 7756250 6035399 13371 13028 898816 432322 0 574031 6467722 0 0 0 0 0 0
  11       0 sr0 0 0 0 0 0 0 0 0 0 0 0 0 0 0 0 0 0
   8      16 sdb 1126 1 127160 5126 0 0 0 0 0 3390 5126 0 0 0 0 0 0
   8      17 sdb1 1059 1 124912 4097 0 0 0 0 0 2397 4097 0 0 0 0 0 0
   8      32 sdc 1094 1 126744 4222 0 0 0 0 0 2447 4222 0 0 0 0 0 0
   8      33 sdc1 1027 1 124496 3640 0 0 0 0 0 1960 3640 0 0 0 0 0 0
   7       8 loop8 319 0 3354 5622 0 0 0 0 0 5255 5622 0 0 0 0 0 0
   7       9 loop9 58 0 2142 5549 0 0 0 0 0 3583 5549 0 0 0 0 0 0
   7      10 loop10 369 0 9232 13997 0 0 0 0 0 12854 13997 0 0 0 0 0 0
   7      11 loop11 43 0 696 1497 0 0 0 0 0 1498 1497 0 0 0 0 0 0
   7      12 loop12 47 0 766 3886 0 0 0 0 0 3886 3886 0 0 0 0 0 0
   7      13 loop13 61 0 2182 5246 0 0 0 0 0 4324 5246 0 0 0 0 0 0
   7      14 loop14 59 0 2216 7214 0 0 0 0 0 6373 7214 0 0 0 0 0 0
   7      15 loop15 54 0 2144 9546 0 0 0 0 0 5725 9546 0 0 0 0 0 0
   7      16 loop16 1361 0 48356 43438 0 0 0 0 0 33809 43438 0 0 0 0 0 0
   7      17 loop17 1762 0 10640 8372 0 0 0 0 0 5126 8372 0 0 0 0 0 0
   7      18 loop18 54 0 2160 5319 0 0 0 0 0 3292 5319 0 0 0 0 0 0
   7      19 loop19 63 0 2272 7044 0 0 0 0 0 3398 7044 0 0 0 0 0 0
   7      20 loop20 60 0 2178 9748 0 0 0 0 0 4783 9748 0 0 0 0 0 0
   7      21 loop21 52 0 2170 6385 0 0 0 0 0 5890 6385 0 0 0 0 0 0
   7      22 loop22 783 0 67738 19561 0 0 0 0 0 19461 19561 0 0 0 0 0 0
   7      23 loop23 43 0 694 3404 0 0 0 0 0 3407 3404 0 0 0 0 0 0
   7      24 loop24 48 0 764 1692 0 0 0 0 0 1692 1692 0 0 0 0 0 0
   7      25 loop25 45 0 700 3145 0 0 0 0 0 3145 3145 0 0 0 0 0 0
   7      26 loop26 55 0 740 3592 0 0 0 0 0 3593 3592 0 0 0 0 0 0
   7      27 loop27 21 0 118 1446 0 0 0 0 0 1446 1446 0 0 0 0 0 0
   7      28 loop28 43 0 1024 1429 0 0 0 0 0 1430 1429 0 0 0 0 0 0
   7      29 loop29 55 0 2150 3492 0 0 0 0 0 2305 3492 0 0 0 0 0 0
   7      30 loop30 63 0 2290 4410 0 0 0 0 0 3511 4410 0 0 0 0 0 0
   7      31 loop31 11 0 28 0 0 0 0 0 0 0 0 0 0 0 0 0 0

MOUNTED FILESYSTEMS:
Filesystem     Type      Size  Used Avail Use% Mounted on
tmpfs          tmpfs     1.6G  3.9M  1.6G   1% /run
/dev/sda8      ext4      151G   70G   73G  49% /
tmpfs          tmpfs     7.8G     0  7.8G   0% /dev/shm
tmpfs          tmpfs     5.0M   12K  5.0M   1% /run/lock
efivarfs       efivarfs   84K   71K  8.4K  90% /sys/firmware/efi/efivars
/dev/sda7      ext4      242G  148G   82G  65% /data
/dev/sda6      fuseblk   401G  244G  158G  61% /media/eclipse
/dev/sda2      vfat      256M  130M  127M  51% /boot/efi
tmpfs          tmpfs     1.6G  148K  1.6G   1% /run/user/1000
/dev/sdb1      fuseblk   1.9T  1.5T  352G  82% /media/Elements
/dev/sdc1      fuseblk   1.9T  1.6T  253G  87% /media/My Passport

BLOCK DEVICES:
NAME   MODEL                SERIAL            SIZE TYPE FSTYPE   MOUNTPOINTS
loop0                                        13.5M loop squashfs /snap/canonical-livepatch/406
loop1                                           4K loop squashfs /snap/bare/5
loop2                                        13.1M loop squashfs /snap/canonical-livepatch/414
loop3                                        55.5M loop squashfs /snap/core18/2999
loop4                                        55.5M loop squashfs /snap/core18/3084
loop5                                        63.8M loop squashfs /snap/core20/2866
loop6                                        63.8M loop squashfs /snap/core20/2922
loop7                                          74M loop squashfs /snap/core22/2437
loop8                                          74M loop squashfs /snap/core22/2955
loop9                                        66.8M loop squashfs /snap/core24/1643
loop10                                       66.8M loop squashfs /snap/core24/2124
loop11                                       16.5M loop squashfs /snap/firmware-updater/226
loop12                                       12.7M loop squashfs /snap/firmware-updater/258
loop13                                      164.8M loop squashfs /snap/gnome-3-28-1804/198
loop14                                      531.5M loop squashfs /snap/gnome-42-2204/263
loop15                                      606.1M loop squashfs /snap/gnome-46-2404/153
loop16                                      614.5M loop squashfs /snap/gnome-46-2404/164
loop17                                       91.7M loop squashfs /snap/gtk-common-themes/1535
loop18                                      531.4M loop squashfs /snap/gnome-42-2204/247
loop19                                      437.3M loop squashfs /snap/kde-frameworks-5-99-qt-5-15-7-core20/7
loop20                                        1.6G loop squashfs /snap/kf6-core24/64
loop21                                        402M loop squashfs /snap/mesa-2404/1781
loop22                                        402M loop squashfs /snap/mesa-2404/1839
loop23                                       11.8M loop squashfs /snap/snap-store/1390
loop24                                       11.8M loop squashfs /snap/snap-store/1419
loop25                                       50.1M loop squashfs /snap/snapd/27710
loop26                                       50.3M loop squashfs /snap/snapd/27738
loop27                                        828K loop squashfs /snap/snapd-desktop-integration/387
loop28                                        828K loop squashfs /snap/snapd-desktop-integration/391
loop29                                      321.1M loop squashfs /snap/vlc/3777
loop30                                      264.8M loop squashfs /snap/vlc/4472
sda    HGST HTS541010A9E680 JA10021F2V07LN  931.5G disk          
├─sda1                                        650M part ntfs     
├─sda2                                        260M part vfat     /boot/efi
├─sda3                                         16M part          
├─sda4                                      129.2G part ntfs     
├─sda5                                        668M part ntfs     
├─sda6                                      400.4G part ntfs     /media/eclipse
├─sda7                                      246.5G part ext4     /data
└─sda8                                      153.9G part ext4     /
sdb    WDC WD20NMVW-11EDZS6 WD-WXQ1AC51RZLR   1.8T disk          
└─sdb1                                        1.8T part ntfs     /media/Elements
sdc    WDC WD20JDRW-11C7VS0 WD-WX72A168PXZX   1.8T disk          
└─sdc1                                        1.8T part ntfs     /media/My Passport
sr0    hp DVDRAM GU90N      KL3Z8264215      1024M rom           

PROCESS I/O:
Linux 6.8.0-139-generic (dkvlko-HP-ENVY-15-Notebook-PC) 	25/09/26 	_x86_64_	(4 CPU)

12:45:19 PM IST   UID       PID   kB_rd/s   kB_wr/s kB_ccwr/s iodelay  Command

Average:      UID       PID   kB_rd/s   kB_wr/s kB_ccwr/s iodelay  Command

IOSTAT:
Linux 6.8.0-139-generic (dkvlko-HP-ENVY-15-Notebook-PC) 	25/09/26 	_x86_64_	(4 CPU)

avg-cpu:  %user   %nice %system %iowait  %steal   %idle
          12.26    0.96    3.79   54.88    0.00   28.10

Device            r/s     rkB/s   rrqm/s  %rrqm r_await rareq-sz     w/s     wkB/s   wrqm/s  %wrqm w_await wareq-sz     d/s     dkB/s   drqm/s  %drqm d_await dareq-sz     f/s f_await  aqu-sz  %util
loop0            0.06      0.46     0.00   0.00  137.60     8.09    0.00      0.00     0.00   0.00    0.00     0.00    0.00      0.00     0.00   0.00    0.00     0.00    0.00    0.00    0.01   0.78
loop1            0.02      0.02     0.00   0.00    3.21     1.21    0.00      0.00     0.00   0.00    0.00     0.00    0.00      0.00     0.00   0.00    0.00     0.00    0.00    0.00    0.00   0.01
loop10           0.48      6.05     0.00   0.00   37.93    12.51    0.00      0.00     0.00   0.00    0.00     0.00    0.00      0.00     0.00   0.00    0.00     0.00    0.00    0.00    0.02   1.68
loop11           0.06      0.46     0.00   0.00   34.81     8.09    0.00      0.00     0.00   0.00    0.00     0.00    0.00      0.00     0.00   0.00    0.00     0.00    0.00    0.00    0.00   0.20
loop12           0.06      0.50     0.00   0.00   82.68     8.15    0.00      0.00     0.00   0.00    0.00     0.00    0.00      0.00     0.00   0.00    0.00     0.00    0.00    0.00    0.01   0.51
loop13           0.08      1.43     0.00   0.00   86.00    17.89    0.00      0.00     0.00   0.00    0.00     0.00    0.00      0.00     0.00   0.00    0.00     0.00    0.00    0.00    0.01   0.57
loop14           0.08      1.45     0.00   0.00  122.27    18.78    0.00      0.00     0.00   0.00    0.00     0.00    0.00      0.00     0.00   0.00    0.00     0.00    0.00    0.00    0.01   0.84
loop15           0.07      1.40     0.00   0.00  176.78    19.85    0.00      0.00     0.00   0.00    0.00     0.00    0.00      0.00     0.00   0.00    0.00     0.00    0.00    0.00    0.01   0.75
loop16           1.78     31.68     0.00   0.00   31.92    17.76    0.00      0.00     0.00   0.00    0.00     0.00    0.00      0.00     0.00   0.00    0.00     0.00    0.00    0.00    0.06   4.43
loop17           2.31      6.97     0.00   0.00    4.75     3.02    0.00      0.00     0.00   0.00    0.00     0.00    0.00      0.00     0.00   0.00    0.00     0.00    0.00    0.00    0.01   0.67
loop18           0.07      1.42     0.00   0.00   98.50    20.00    0.00      0.00     0.00   0.00    0.00     0.00    0.00      0.00     0.00   0.00    0.00     0.00    0.00    0.00    0.01   0.43
loop19           0.08      1.49     0.00   0.00  111.81    18.03    0.00      0.00     0.00   0.00    0.00     0.00    0.00      0.00     0.00   0.00    0.00     0.00    0.00    0.00    0.01   0.45
loop2            0.23      8.39     0.00   0.00   51.54    36.57    0.00      0.00     0.00   0.00    0.00     0.00    0.00      0.00     0.00   0.00    0.00     0.00    0.00    0.00    0.01   1.18
loop20           0.08      1.43     0.00   0.00  162.47    18.15    0.00      0.00     0.00   0.00    0.00     0.00    0.00      0.00     0.00   0.00    0.00     0.00    0.00    0.00    0.01   0.63
loop21           0.07      1.42     0.00   0.00  122.79    20.87    0.00      0.00     0.00   0.00    0.00     0.00    0.00      0.00     0.00   0.00    0.00     0.00    0.00    0.00    0.01   0.77
loop22           1.03     44.38     0.00   0.00   24.98    43.26    0.00      0.00     0.00   0.00    0.00     0.00    0.00      0.00     0.00   0.00    0.00     0.00    0.00    0.00    0.03   2.55
loop23           0.06      0.45     0.00   0.00   79.16     8.07    0.00      0.00     0.00   0.00    0.00     0.00    0.00      0.00     0.00   0.00    0.00     0.00    0.00    0.00    0.00   0.45
loop24           0.06      0.50     0.00   0.00   35.25     7.96    0.00      0.00     0.00   0.00    0.00     0.00    0.00      0.00     0.00   0.00    0.00     0.00    0.00    0.00    0.00   0.22
loop25           0.06      0.46     0.00   0.00   69.89     7.78    0.00      0.00     0.00   0.00    0.00     0.00    0.00      0.00     0.00   0.00    0.00     0.00    0.00    0.00    0.00   0.41
loop26           0.07      0.48     0.00   0.00   65.31     6.73    0.00      0.00     0.00   0.00    0.00     0.00    0.00      0.00     0.00   0.00    0.00     0.00    0.00    0.00    0.00   0.47
loop27           0.03      0.08     0.00   0.00   68.86     2.81    0.00      0.00     0.00   0.00    0.00     0.00    0.00      0.00     0.00   0.00    0.00     0.00    0.00    0.00    0.00   0.19
loop28           0.06      0.67     0.00   0.00   33.23    11.91    0.00      0.00     0.00   0.00    0.00     0.00    0.00      0.00     0.00   0.00    0.00     0.00    0.00    0.00    0.00   0.19
loop29           0.07      1.41     0.00   0.00   63.49    19.55    0.00      0.00     0.00   0.00    0.00     0.00    0.00      0.00     0.00   0.00    0.00     0.00    0.00    0.00    0.00   0.30
loop3            0.06      0.45     0.00   0.00   41.95     8.07    0.00      0.00     0.00   0.00    0.00     0.00    0.00      0.00     0.00   0.00    0.00     0.00    0.00    0.00    0.00   0.24
loop30           0.08      1.50     0.00   0.00   70.00    18.17    0.00      0.00     0.00   0.00    0.00     0.00    0.00      0.00     0.00   0.00    0.00     0.00    0.00    0.00    0.01   0.46
loop31           0.01      0.02     0.00   0.00    0.00     1.27    0.00      0.00     0.00   0.00    0.00     0.00    0.00      0.00     0.00   0.00    0.00     0.00    0.00    0.00    0.00   0.00
loop4            0.06      0.47     0.00   0.00   64.83     7.48    0.00      0.00     0.00   0.00    0.00     0.00    0.00      0.00     0.00   0.00    0.00     0.00    0.00    0.00    0.00   0.41
loop5            0.06      0.46     0.00   0.00   30.07     7.76    0.00      0.00     0.00   0.00    0.00     0.00    0.00      0.00     0.00   0.00    0.00     0.00    0.00    0.00    0.00   0.18
loop6            0.07      0.47     0.00   0.00  126.90     7.22    0.00      0.00     0.00   0.00    0.00     0.00    0.00      0.00     0.00   0.00    0.00     0.00    0.00    0.00    0.01   0.83
loop7            0.07      1.42     0.00   0.00  129.69    19.71    0.00      0.00     0.00   0.00    0.00     0.00    0.00      0.00     0.00   0.00    0.00     0.00    0.00    0.00    0.01   0.83
loop8            0.42      2.20     0.00   0.00   17.62     5.26    0.00      0.00     0.00   0.00    0.00     0.00    0.00      0.00     0.00   0.00    0.00     0.00    0.00    0.00    0.01   0.69
loop9            0.08      1.40     0.00   0.00   95.67    18.47    0.00      0.00     0.00   0.00    0.00     0.00    0.00      0.00     0.00   0.00    0.00     0.00    0.00    0.00    0.01   0.47
sda            105.94   5190.70    51.30  32.63   76.70    48.99   17.71    591.21    17.27  49.36   32.54    33.38    0.00      0.00     0.00   0.00    0.00     0.00    2.50   71.97    8.88  67.69
sdb              1.48     83.32     0.00   0.09    4.55    56.47    0.00      0.00     0.00   0.00    0.00     0.00    0.00      0.00     0.00   0.00    0.00     0.00    0.00    0.00    0.01   0.44
sdc              1.43     83.05     0.00   0.09    3.86    57.93    0.00      0.00     0.00   0.00    0.00     0.00    0.00      0.00     0.00   0.00    0.00     0.00    0.00    0.00    0.01   0.32



==============================================================
2026-09-25 12:46:22 +0530 CHECK=6
==============================================================

VMSTAT:
procs -----------memory---------- ---swap-- -----io---- -system-- -------cpu-------
 r  b   swpd   free   buff  cache   si   so    bi    bo   in   cs us sy id wa st gu
 0  0      0 7515064 253432 4230324    0    0  5064   550 2378    8 12  4 33 51  0  0
 0  0      0 7515064 253432 4230324    0    0     0     0  715 1437  2  1 97  0  0  0

DISK STATISTICS:
   7       0 loop0 43 0 696 5917 0 0 0 0 0 5917 5917 0 0 0 0 0 0
   7       1 loop1 14 0 34 45 0 0 0 0 0 45 45 0 0 0 0 0 0
   7       2 loop2 175 0 12798 9020 0 0 0 0 0 9024 9020 0 0 0 0 0 0
   7       3 loop3 43 0 694 1804 0 0 0 0 0 1801 1804 0 0 0 0 0 0
   7       4 loop4 48 0 718 3112 0 0 0 0 0 3115 3112 0 0 0 0 0 0
   7       5 loop5 45 0 698 1353 0 0 0 0 0 1351 1353 0 0 0 0 0 0
   7       6 loop6 50 0 722 6345 0 0 0 0 0 6346 6345 0 0 0 0 0 0
   7       7 loop7 55 0 2168 7133 0 0 0 0 0 6325 7133 0 0 0 0 0 0
   8       0 sda 80844 39148 7921843 6200896 13952 13503 908442 441113 0 517481 6780330 0 0 0 0 1980 138320
   8       1 sda1 116 0 8352 2391 0 0 0 0 0 2021 2391 0 0 0 0 0 0
   8       2 sda2 289 522 12487 9772 2 0 2 117 0 9110 9890 0 0 0 0 0 0
   8       3 sda3 92 0 2336 1364 0 0 0 0 0 1223 1364 0 0 0 0 0 0
   8       4 sda4 116 0 8352 5575 0 0 0 0 0 4031 5575 0 0 0 0 0 0
   8       5 sda5 116 0 8352 7289 0 0 0 0 0 5105 7289 0 0 0 0 0 0
   8       6 sda6 215 2 33472 11240 0 0 0 0 0 9173 11240 0 0 0 0 0 0
   8       7 sda7 962 1088 87754 116348 144 149 3464 7361 0 92783 123709 0 0 0 0 0 0
   8       8 sda8 78839 37536 7756250 6035399 13806 13354 904976 433634 0 574970 6469033 0 0 0 0 0 0
  11       0 sr0 0 0 0 0 0 0 0 0 0 0 0 0 0 0 0 0 0
   8      16 sdb 1126 1 127160 5126 0 0 0 0 0 3390 5126 0 0 0 0 0 0
   8      17 sdb1 1059 1 124912 4097 0 0 0 0 0 2397 4097 0 0 0 0 0 0
   8      32 sdc 1094 1 126744 4222 0 0 0 0 0 2447 4222 0 0 0 0 0 0
   8      33 sdc1 1027 1 124496 3640 0 0 0 0 0 1960 3640 0 0 0 0 0 0
   7       8 loop8 319 0 3354 5622 0 0 0 0 0 5255 5622 0 0 0 0 0 0
   7       9 loop9 58 0 2142 5549 0 0 0 0 0 3583 5549 0 0 0 0 0 0
   7      10 loop10 369 0 9232 13997 0 0 0 0 0 12854 13997 0 0 0 0 0 0
   7      11 loop11 43 0 696 1497 0 0 0 0 0 1498 1497 0 0 0 0 0 0
   7      12 loop12 47 0 766 3886 0 0 0 0 0 3886 3886 0 0 0 0 0 0
   7      13 loop13 61 0 2182 5246 0 0 0 0 0 4324 5246 0 0 0 0 0 0
   7      14 loop14 59 0 2216 7214 0 0 0 0 0 6373 7214 0 0 0 0 0 0
   7      15 loop15 54 0 2144 9546 0 0 0 0 0 5725 9546 0 0 0 0 0 0
   7      16 loop16 1361 0 48356 43438 0 0 0 0 0 33809 43438 0 0 0 0 0 0
   7      17 loop17 1762 0 10640 8372 0 0 0 0 0 5126 8372 0 0 0 0 0 0
   7      18 loop18 54 0 2160 5319 0 0 0 0 0 3292 5319 0 0 0 0 0 0
   7      19 loop19 63 0 2272 7044 0 0 0 0 0 3398 7044 0 0 0 0 0 0
   7      20 loop20 60 0 2178 9748 0 0 0 0 0 4783 9748 0 0 0 0 0 0
   7      21 loop21 52 0 2170 6385 0 0 0 0 0 5890 6385 0 0 0 0 0 0
   7      22 loop22 783 0 67738 19561 0 0 0 0 0 19461 19561 0 0 0 0 0 0
   7      23 loop23 43 0 694 3404 0 0 0 0 0 3407 3404 0 0 0 0 0 0
   7      24 loop24 48 0 764 1692 0 0 0 0 0 1692 1692 0 0 0 0 0 0
   7      25 loop25 45 0 700 3145 0 0 0 0 0 3145 3145 0 0 0 0 0 0
   7      26 loop26 55 0 740 3592 0 0 0 0 0 3593 3592 0 0 0 0 0 0
   7      27 loop27 21 0 118 1446 0 0 0 0 0 1446 1446 0 0 0 0 0 0
   7      28 loop28 43 0 1024 1429 0 0 0 0 0 1430 1429 0 0 0 0 0 0
   7      29 loop29 55 0 2150 3492 0 0 0 0 0 2305 3492 0 0 0 0 0 0
   7      30 loop30 63 0 2290 4410 0 0 0 0 0 3511 4410 0 0 0 0 0 0
   7      31 loop31 11 0 28 0 0 0 0 0 0 0 0 0 0 0 0 0 0

MOUNTED FILESYSTEMS:
Filesystem     Type      Size  Used Avail Use% Mounted on
tmpfs          tmpfs     1.6G  3.9M  1.6G   1% /run
/dev/sda8      ext4      151G   70G   73G  49% /
tmpfs          tmpfs     7.8G     0  7.8G   0% /dev/shm
tmpfs          tmpfs     5.0M   12K  5.0M   1% /run/lock
efivarfs       efivarfs   84K   71K  8.4K  90% /sys/firmware/efi/efivars
/dev/sda7      ext4      242G  148G   82G  65% /data
/dev/sda6      fuseblk   401G  244G  158G  61% /media/eclipse
/dev/sda2      vfat      256M  130M  127M  51% /boot/efi
tmpfs          tmpfs     1.6G  148K  1.6G   1% /run/user/1000
/dev/sdb1      fuseblk   1.9T  1.5T  352G  82% /media/Elements
/dev/sdc1      fuseblk   1.9T  1.6T  253G  87% /media/My Passport

BLOCK DEVICES:
NAME   MODEL                SERIAL            SIZE TYPE FSTYPE   MOUNTPOINTS
loop0                                        13.5M loop squashfs /snap/canonical-livepatch/406
loop1                                           4K loop squashfs /snap/bare/5
loop2                                        13.1M loop squashfs /snap/canonical-livepatch/414
loop3                                        55.5M loop squashfs /snap/core18/2999
loop4                                        55.5M loop squashfs /snap/core18/3084
loop5                                        63.8M loop squashfs /snap/core20/2866
loop6                                        63.8M loop squashfs /snap/core20/2922
loop7                                          74M loop squashfs /snap/core22/2437
loop8                                          74M loop squashfs /snap/core22/2955
loop9                                        66.8M loop squashfs /snap/core24/1643
loop10                                       66.8M loop squashfs /snap/core24/2124
loop11                                       16.5M loop squashfs /snap/firmware-updater/226
loop12                                       12.7M loop squashfs /snap/firmware-updater/258
loop13                                      164.8M loop squashfs /snap/gnome-3-28-1804/198
loop14                                      531.5M loop squashfs /snap/gnome-42-2204/263
loop15                                      606.1M loop squashfs /snap/gnome-46-2404/153
loop16                                      614.5M loop squashfs /snap/gnome-46-2404/164
loop17                                       91.7M loop squashfs /snap/gtk-common-themes/1535
loop18                                      531.4M loop squashfs /snap/gnome-42-2204/247
loop19                                      437.3M loop squashfs /snap/kde-frameworks-5-99-qt-5-15-7-core20/7
loop20                                        1.6G loop squashfs /snap/kf6-core24/64
loop21                                        402M loop squashfs /snap/mesa-2404/1781
loop22                                        402M loop squashfs /snap/mesa-2404/1839
loop23                                       11.8M loop squashfs /snap/snap-store/1390
loop24                                       11.8M loop squashfs /snap/snap-store/1419
loop25                                       50.1M loop squashfs /snap/snapd/27710
loop26                                       50.3M loop squashfs /snap/snapd/27738
loop27                                        828K loop squashfs /snap/snapd-desktop-integration/387
loop28                                        828K loop squashfs /snap/snapd-desktop-integration/391
loop29                                      321.1M loop squashfs /snap/vlc/3777
loop30                                      264.8M loop squashfs /snap/vlc/4472
sda    HGST HTS541010A9E680 JA10021F2V07LN  931.5G disk          
├─sda1                                        650M part ntfs     
├─sda2                                        260M part vfat     /boot/efi
├─sda3                                         16M part          
├─sda4                                      129.2G part ntfs     
├─sda5                                        668M part ntfs     
├─sda6                                      400.4G part ntfs     /media/eclipse
├─sda7                                      246.5G part ext4     /data
└─sda8                                      153.9G part ext4     /
sdb    WDC WD20NMVW-11EDZS6 WD-WXQ1AC51RZLR   1.8T disk          
└─sdb1                                        1.8T part ntfs     /media/Elements
sdc    WDC WD20JDRW-11C7VS0 WD-WX72A168PXZX   1.8T disk          
└─sdc1                                        1.8T part ntfs     /media/My Passport
sr0    hp DVDRAM GU90N      KL3Z8264215      1024M rom           

PROCESS I/O:
Linux 6.8.0-139-generic (dkvlko-HP-ENVY-15-Notebook-PC) 	25/09/26 	_x86_64_	(4 CPU)

12:46:24 PM IST   UID       PID   kB_rd/s   kB_wr/s kB_ccwr/s iodelay  Command

Average:      UID       PID   kB_rd/s   kB_wr/s kB_ccwr/s iodelay  Command

IOSTAT:
Linux 6.8.0-139-generic (dkvlko-HP-ENVY-15-Notebook-PC) 	25/09/26 	_x86_64_	(4 CPU)

avg-cpu:  %user   %nice %system %iowait  %steal   %idle
          11.55    0.89    3.68   50.61    0.00   33.28

Device            r/s     rkB/s   rrqm/s  %rrqm r_await rareq-sz     w/s     wkB/s   wrqm/s  %wrqm w_await wareq-sz     d/s     dkB/s   drqm/s  %drqm d_await dareq-sz     f/s f_await  aqu-sz  %util
loop0            0.05      0.42     0.00   0.00  137.60     8.09    0.00      0.00     0.00   0.00    0.00     0.00    0.00      0.00     0.00   0.00    0.00     0.00    0.00    0.00    0.01   0.72
loop1            0.02      0.02     0.00   0.00    3.21     1.21    0.00      0.00     0.00   0.00    0.00     0.00    0.00      0.00     0.00   0.00    0.00     0.00    0.00    0.00    0.00   0.01
loop10           0.45      5.58     0.00   0.00   37.93    12.51    0.00      0.00     0.00   0.00    0.00     0.00    0.00      0.00     0.00   0.00    0.00     0.00    0.00    0.00    0.02   1.55
loop11           0.05      0.42     0.00   0.00   34.81     8.09    0.00      0.00     0.00   0.00    0.00     0.00    0.00      0.00     0.00   0.00    0.00     0.00    0.00    0.00    0.00   0.18
loop12           0.06      0.46     0.00   0.00   82.68     8.15    0.00      0.00     0.00   0.00    0.00     0.00    0.00      0.00     0.00   0.00    0.00     0.00    0.00    0.00    0.00   0.47
loop13           0.07      1.32     0.00   0.00   86.00    17.89    0.00      0.00     0.00   0.00    0.00     0.00    0.00      0.00     0.00   0.00    0.00     0.00    0.00    0.00    0.01   0.52
loop14           0.07      1.34     0.00   0.00  122.27    18.78    0.00      0.00     0.00   0.00    0.00     0.00    0.00      0.00     0.00   0.00    0.00     0.00    0.00    0.00    0.01   0.77
loop15           0.07      1.30     0.00   0.00  176.78    19.85    0.00      0.00     0.00   0.00    0.00     0.00    0.00      0.00     0.00   0.00    0.00     0.00    0.00    0.00    0.01   0.69
loop16           1.64     29.22     0.00   0.00   31.92    17.76    0.00      0.00     0.00   0.00    0.00     0.00    0.00      0.00     0.00   0.00    0.00     0.00    0.00    0.00    0.05   4.09
loop17           2.13      6.43     0.00   0.00    4.75     3.02    0.00      0.00     0.00   0.00    0.00     0.00    0.00      0.00     0.00   0.00    0.00     0.00    0.00    0.00    0.01   0.62
loop18           0.07      1.31     0.00   0.00   98.50    20.00    0.00      0.00     0.00   0.00    0.00     0.00    0.00      0.00     0.00   0.00    0.00     0.00    0.00    0.00    0.01   0.40
loop19           0.08      1.37     0.00   0.00  111.81    18.03    0.00      0.00     0.00   0.00    0.00     0.00    0.00      0.00     0.00   0.00    0.00     0.00    0.00    0.00    0.01   0.41
loop2            0.21      7.73     0.00   0.00   51.54    36.57    0.00      0.00     0.00   0.00    0.00     0.00    0.00      0.00     0.00   0.00    0.00     0.00    0.00    0.00    0.01   1.09
loop20           0.07      1.32     0.00   0.00  162.47    18.15    0.00      0.00     0.00   0.00    0.00     0.00    0.00      0.00     0.00   0.00    0.00     0.00    0.00    0.00    0.01   0.58
loop21           0.06      1.31     0.00   0.00  122.79    20.87    0.00      0.00     0.00   0.00    0.00     0.00    0.00      0.00     0.00   0.00    0.00     0.00    0.00    0.00    0.01   0.71
loop22           0.95     40.93     0.00   0.00   24.98    43.26    0.00      0.00     0.00   0.00    0.00     0.00    0.00      0.00     0.00   0.00    0.00     0.00    0.00    0.00    0.02   2.35
loop23           0.05      0.42     0.00   0.00   79.16     8.07    0.00      0.00     0.00   0.00    0.00     0.00    0.00      0.00     0.00   0.00    0.00     0.00    0.00    0.00    0.00   0.41
loop24           0.06      0.46     0.00   0.00   35.25     7.96    0.00      0.00     0.00   0.00    0.00     0.00    0.00      0.00     0.00   0.00    0.00     0.00    0.00    0.00    0.00   0.20
loop25           0.05      0.42     0.00   0.00   69.89     7.78    0.00      0.00     0.00   0.00    0.00     0.00    0.00      0.00     0.00   0.00    0.00     0.00    0.00    0.00    0.00   0.38
loop26           0.07      0.45     0.00   0.00   65.31     6.73    0.00      0.00     0.00   0.00    0.00     0.00    0.00      0.00     0.00   0.00    0.00     0.00    0.00    0.00    0.00   0.43
loop27           0.03      0.07     0.00   0.00   68.86     2.81    0.00      0.00     0.00   0.00    0.00     0.00    0.00      0.00     0.00   0.00    0.00     0.00    0.00    0.00    0.00   0.17
loop28           0.05      0.62     0.00   0.00   33.23    11.91    0.00      0.00     0.00   0.00    0.00     0.00    0.00      0.00     0.00   0.00    0.00     0.00    0.00    0.00    0.00   0.17
loop29           0.07      1.30     0.00   0.00   63.49    19.55    0.00      0.00     0.00   0.00    0.00     0.00    0.00      0.00     0.00   0.00    0.00     0.00    0.00    0.00    0.00   0.28
loop3            0.05      0.42     0.00   0.00   41.95     8.07    0.00      0.00     0.00   0.00    0.00     0.00    0.00      0.00     0.00   0.00    0.00     0.00    0.00    0.00    0.00   0.22
loop30           0.08      1.38     0.00   0.00   70.00    18.17    0.00      0.00     0.00   0.00    0.00     0.00    0.00      0.00     0.00   0.00    0.00     0.00    0.00    0.00    0.01   0.42
loop31           0.01      0.02     0.00   0.00    0.00     1.27    0.00      0.00     0.00   0.00    0.00     0.00    0.00      0.00     0.00   0.00    0.00     0.00    0.00    0.00    0.00   0.00
loop4            0.06      0.43     0.00   0.00   64.83     7.48    0.00      0.00     0.00   0.00    0.00     0.00    0.00      0.00     0.00   0.00    0.00     0.00    0.00    0.00    0.00   0.38
loop5            0.05      0.42     0.00   0.00   30.07     7.76    0.00      0.00     0.00   0.00    0.00     0.00    0.00      0.00     0.00   0.00    0.00     0.00    0.00    0.00    0.00   0.16
loop6            0.06      0.44     0.00   0.00  126.90     7.22    0.00      0.00     0.00   0.00    0.00     0.00    0.00      0.00     0.00   0.00    0.00     0.00    0.00    0.00    0.01   0.77
loop7            0.07      1.31     0.00   0.00  129.69    19.71    0.00      0.00     0.00   0.00    0.00     0.00    0.00      0.00     0.00   0.00    0.00     0.00    0.00    0.00    0.01   0.76
loop8            0.39      2.03     0.00   0.00   17.62     5.26    0.00      0.00     0.00   0.00    0.00     0.00    0.00      0.00     0.00   0.00    0.00     0.00    0.00    0.00    0.01   0.64
loop9            0.07      1.29     0.00   0.00   95.67    18.47    0.00      0.00     0.00   0.00    0.00     0.00    0.00      0.00     0.00   0.00    0.00     0.00    0.00    0.00    0.01   0.43
sda             97.69   4786.32    47.31  32.63   76.70    48.99   16.86    548.99    16.34  49.22   31.61    32.56    0.00      0.00     0.00   0.00    0.00     0.00    2.40   69.80    8.19  62.53
sdb              1.36     76.83     0.00   0.09    4.55    56.47    0.00      0.00     0.00   0.00    0.00     0.00    0.00      0.00     0.00   0.00    0.00     0.00    0.00    0.00    0.01   0.41
sdc              1.32     76.58     0.00   0.09    3.86    57.93    0.00      0.00     0.00   0.00    0.00     0.00    0.00      0.00     0.00   0.00    0.00     0.00    0.00    0.00    0.01   0.30



==============================================================
2026-09-25 12:47:26 +0530 CHECK=7
==============================================================

VMSTAT:
procs -----------memory---------- ---swap-- -----io---- -system-- -------cpu-------
 r  b   swpd   free   buff  cache   si   so    bi    bo   in   cs us sy id wa st gu
 0  0      0 7596972 253596 4230428    0    0  4697   514 2278    8 12  4 38 47  0  0
 1  0      0 7594956 253596 4230436    0    0     0     0 1630 3425  4  2 94  0  0  0

DISK STATISTICS:
   7       0 loop0 43 0 696 5917 0 0 0 0 0 5917 5917 0 0 0 0 0 0
   7       1 loop1 14 0 34 45 0 0 0 0 0 45 45 0 0 0 0 0 0
   7       2 loop2 175 0 12798 9020 0 0 0 0 0 9024 9020 0 0 0 0 0 0
   7       3 loop3 43 0 694 1804 0 0 0 0 0 1801 1804 0 0 0 0 0 0
   7       4 loop4 48 0 718 3112 0 0 0 0 0 3115 3112 0 0 0 0 0 0
   7       5 loop5 45 0 698 1353 0 0 0 0 0 1351 1353 0 0 0 0 0 0
   7       6 loop6 50 0 722 6345 0 0 0 0 0 6346 6345 0 0 0 0 0 0
   7       7 loop7 55 0 2168 7133 0 0 0 0 0 6325 7133 0 0 0 0 0 0
   8       0 sda 80844 39148 7921843 6200896 14327 13892 915594 442883 0 518694 6783230 0 0 0 0 2070 139450
   8       1 sda1 116 0 8352 2391 0 0 0 0 0 2021 2391 0 0 0 0 0 0
   8       2 sda2 289 522 12487 9772 2 0 2 117 0 9110 9890 0 0 0 0 0 0
   8       3 sda3 92 0 2336 1364 0 0 0 0 0 1223 1364 0 0 0 0 0 0
   8       4 sda4 116 0 8352 5575 0 0 0 0 0 4031 5575 0 0 0 0 0 0
   8       5 sda5 116 0 8352 7289 0 0 0 0 0 5105 7289 0 0 0 0 0 0
   8       6 sda6 215 2 33472 11240 0 0 0 0 0 9173 11240 0 0 0 0 0 0
   8       7 sda7 962 1088 87754 116348 144 149 3464 7361 0 92783 123709 0 0 0 0 0 0
   8       8 sda8 78839 37536 7756250 6035399 14181 13743 912128 435404 0 576184 6470804 0 0 0 0 0 0
  11       0 sr0 0 0 0 0 0 0 0 0 0 0 0 0 0 0 0 0 0
   8      16 sdb 1126 1 127160 5126 0 0 0 0 0 3390 5126 0 0 0 0 0 0
   8      17 sdb1 1059 1 124912 4097 0 0 0 0 0 2397 4097 0 0 0 0 0 0
   8      32 sdc 1094 1 126744 4222 0 0 0 0 0 2447 4222 0 0 0 0 0 0
   8      33 sdc1 1027 1 124496 3640 0 0 0 0 0 1960 3640 0 0 0 0 0 0
   7       8 loop8 319 0 3354 5622 0 0 0 0 0 5255 5622 0 0 0 0 0 0
   7       9 loop9 58 0 2142 5549 0 0 0 0 0 3583 5549 0 0 0 0 0 0
   7      10 loop10 369 0 9232 13997 0 0 0 0 0 12854 13997 0 0 0 0 0 0
   7      11 loop11 43 0 696 1497 0 0 0 0 0 1498 1497 0 0 0 0 0 0
   7      12 loop12 47 0 766 3886 0 0 0 0 0 3886 3886 0 0 0 0 0 0
   7      13 loop13 61 0 2182 5246 0 0 0 0 0 4324 5246 0 0 0 0 0 0
   7      14 loop14 59 0 2216 7214 0 0 0 0 0 6373 7214 0 0 0 0 0 0
   7      15 loop15 54 0 2144 9546 0 0 0 0 0 5725 9546 0 0 0 0 0 0
   7      16 loop16 1361 0 48356 43438 0 0 0 0 0 33809 43438 0 0 0 0 0 0
   7      17 loop17 1762 0 10640 8372 0 0 0 0 0 5126 8372 0 0 0 0 0 0
   7      18 loop18 54 0 2160 5319 0 0 0 0 0 3292 5319 0 0 0 0 0 0
   7      19 loop19 63 0 2272 7044 0 0 0 0 0 3398 7044 0 0 0 0 0 0
   7      20 loop20 60 0 2178 9748 0 0 0 0 0 4783 9748 0 0 0 0 0 0
   7      21 loop21 52 0 2170 6385 0 0 0 0 0 5890 6385 0 0 0 0 0 0
   7      22 loop22 783 0 67738 19561 0 0 0 0 0 19461 19561 0 0 0 0 0 0
   7      23 loop23 43 0 694 3404 0 0 0 0 0 3407 3404 0 0 0 0 0 0
   7      24 loop24 48 0 764 1692 0 0 0 0 0 1692 1692 0 0 0 0 0 0
   7      25 loop25 45 0 700 3145 0 0 0 0 0 3145 3145 0 0 0 0 0 0
   7      26 loop26 55 0 740 3592 0 0 0 0 0 3593 3592 0 0 0 0 0 0
   7      27 loop27 21 0 118 1446 0 0 0 0 0 1446 1446 0 0 0 0 0 0
   7      28 loop28 43 0 1024 1429 0 0 0 0 0 1430 1429 0 0 0 0 0 0
   7      29 loop29 55 0 2150 3492 0 0 0 0 0 2305 3492 0 0 0 0 0 0
   7      30 loop30 63 0 2290 4410 0 0 0 0 0 3511 4410 0 0 0 0 0 0
   7      31 loop31 11 0 28 0 0 0 0 0 0 0 0 0 0 0 0 0 0

MOUNTED FILESYSTEMS:
Filesystem     Type      Size  Used Avail Use% Mounted on
tmpfs          tmpfs     1.6G  3.9M  1.6G   1% /run
/dev/sda8      ext4      151G   70G   73G  49% /
tmpfs          tmpfs     7.8G     0  7.8G   0% /dev/shm
tmpfs          tmpfs     5.0M   12K  5.0M   1% /run/lock
efivarfs       efivarfs   84K   71K  8.4K  90% /sys/firmware/efi/efivars
/dev/sda7      ext4      242G  148G   82G  65% /data
/dev/sda6      fuseblk   401G  244G  158G  61% /media/eclipse
/dev/sda2      vfat      256M  130M  127M  51% /boot/efi
tmpfs          tmpfs     1.6G  148K  1.6G   1% /run/user/1000
/dev/sdb1      fuseblk   1.9T  1.5T  352G  82% /media/Elements
/dev/sdc1      fuseblk   1.9T  1.6T  253G  87% /media/My Passport

BLOCK DEVICES:
NAME   MODEL                SERIAL            SIZE TYPE FSTYPE   MOUNTPOINTS
loop0                                        13.5M loop squashfs /snap/canonical-livepatch/406
loop1                                           4K loop squashfs /snap/bare/5
loop2                                        13.1M loop squashfs /snap/canonical-livepatch/414
loop3                                        55.5M loop squashfs /snap/core18/2999
loop4                                        55.5M loop squashfs /snap/core18/3084
loop5                                        63.8M loop squashfs /snap/core20/2866
loop6                                        63.8M loop squashfs /snap/core20/2922
loop7                                          74M loop squashfs /snap/core22/2437
loop8                                          74M loop squashfs /snap/core22/2955
loop9                                        66.8M loop squashfs /snap/core24/1643
loop10                                       66.8M loop squashfs /snap/core24/2124
loop11                                       16.5M loop squashfs /snap/firmware-updater/226
loop12                                       12.7M loop squashfs /snap/firmware-updater/258
loop13                                      164.8M loop squashfs /snap/gnome-3-28-1804/198
loop14                                      531.5M loop squashfs /snap/gnome-42-2204/263
loop15                                      606.1M loop squashfs /snap/gnome-46-2404/153
loop16                                      614.5M loop squashfs /snap/gnome-46-2404/164
loop17                                       91.7M loop squashfs /snap/gtk-common-themes/1535
loop18                                      531.4M loop squashfs /snap/gnome-42-2204/247
loop19                                      437.3M loop squashfs /snap/kde-frameworks-5-99-qt-5-15-7-core20/7
loop20                                        1.6G loop squashfs /snap/kf6-core24/64
loop21                                        402M loop squashfs /snap/mesa-2404/1781
loop22                                        402M loop squashfs /snap/mesa-2404/1839
loop23                                       11.8M loop squashfs /snap/snap-store/1390
loop24                                       11.8M loop squashfs /snap/snap-store/1419
loop25                                       50.1M loop squashfs /snap/snapd/27710
loop26                                       50.3M loop squashfs /snap/snapd/27738
loop27                                        828K loop squashfs /snap/snapd-desktop-integration/387
loop28                                        828K loop squashfs /snap/snapd-desktop-integration/391
loop29                                      321.1M loop squashfs /snap/vlc/3777
loop30                                      264.8M loop squashfs /snap/vlc/4472
sda    HGST HTS541010A9E680 JA10021F2V07LN  931.5G disk          
├─sda1                                        650M part ntfs     
├─sda2                                        260M part vfat     /boot/efi
├─sda3                                         16M part          
├─sda4                                      129.2G part ntfs     
├─sda5                                        668M part ntfs     
├─sda6                                      400.4G part ntfs     /media/eclipse
├─sda7                                      246.5G part ext4     /data
└─sda8                                      153.9G part ext4     /
sdb    WDC WD20NMVW-11EDZS6 WD-WXQ1AC51RZLR   1.8T disk          
└─sdb1                                        1.8T part ntfs     /media/Elements
sdc    WDC WD20JDRW-11C7VS0 WD-WX72A168PXZX   1.8T disk          
└─sdc1                                        1.8T part ntfs     /media/My Passport
sr0    hp DVDRAM GU90N      KL3Z8264215      1024M rom           

PROCESS I/O:
Linux 6.8.0-139-generic (dkvlko-HP-ENVY-15-Notebook-PC) 	25/09/26 	_x86_64_	(4 CPU)

12:47:28 PM IST   UID       PID   kB_rd/s   kB_wr/s kB_ccwr/s iodelay  Command

Average:      UID       PID   kB_rd/s   kB_wr/s kB_ccwr/s iodelay  Command

IOSTAT:
Linux 6.8.0-139-generic (dkvlko-HP-ENVY-15-Notebook-PC) 	25/09/26 	_x86_64_	(4 CPU)

avg-cpu:  %user   %nice %system %iowait  %steal   %idle
          10.95    0.83    3.58   46.96    0.00   37.68

Device            r/s     rkB/s   rrqm/s  %rrqm r_await rareq-sz     w/s     wkB/s   wrqm/s  %wrqm w_await wareq-sz     d/s     dkB/s   drqm/s  %drqm d_await dareq-sz     f/s f_await  aqu-sz  %util
loop0            0.05      0.39     0.00   0.00  137.60     8.09    0.00      0.00     0.00   0.00    0.00     0.00    0.00      0.00     0.00   0.00    0.00     0.00    0.00    0.00    0.01   0.66
loop1            0.02      0.02     0.00   0.00    3.21     1.21    0.00      0.00     0.00   0.00    0.00     0.00    0.00      0.00     0.00   0.00    0.00     0.00    0.00    0.00    0.00   0.01
loop10           0.41      5.17     0.00   0.00   37.93    12.51    0.00      0.00     0.00   0.00    0.00     0.00    0.00      0.00     0.00   0.00    0.00     0.00    0.00    0.00    0.02   1.44
loop11           0.05      0.39     0.00   0.00   34.81     8.09    0.00      0.00     0.00   0.00    0.00     0.00    0.00      0.00     0.00   0.00    0.00     0.00    0.00    0.00    0.00   0.17
loop12           0.05      0.43     0.00   0.00   82.68     8.15    0.00      0.00     0.00   0.00    0.00     0.00    0.00      0.00     0.00   0.00    0.00     0.00    0.00    0.00    0.00   0.44
loop13           0.07      1.22     0.00   0.00   86.00    17.89    0.00      0.00     0.00   0.00    0.00     0.00    0.00      0.00     0.00   0.00    0.00     0.00    0.00    0.00    0.01   0.48
loop14           0.07      1.24     0.00   0.00  122.27    18.78    0.00      0.00     0.00   0.00    0.00     0.00    0.00      0.00     0.00   0.00    0.00     0.00    0.00    0.00    0.01   0.71
loop15           0.06      1.20     0.00   0.00  176.78    19.85    0.00      0.00     0.00   0.00    0.00     0.00    0.00      0.00     0.00   0.00    0.00     0.00    0.00    0.00    0.01   0.64
loop16           1.53     27.11     0.00   0.00   31.92    17.76    0.00      0.00     0.00   0.00    0.00     0.00    0.00      0.00     0.00   0.00    0.00     0.00    0.00    0.00    0.05   3.79
loop17           1.98      5.96     0.00   0.00    4.75     3.02    0.00      0.00     0.00   0.00    0.00     0.00    0.00      0.00     0.00   0.00    0.00     0.00    0.00    0.00    0.01   0.57
loop18           0.06      1.21     0.00   0.00   98.50    20.00    0.00      0.00     0.00   0.00    0.00     0.00    0.00      0.00     0.00   0.00    0.00     0.00    0.00    0.00    0.01   0.37
loop19           0.07      1.27     0.00   0.00  111.81    18.03    0.00      0.00     0.00   0.00    0.00     0.00    0.00      0.00     0.00   0.00    0.00     0.00    0.00    0.00    0.01   0.38
loop2            0.20      7.17     0.00   0.00   51.54    36.57    0.00      0.00     0.00   0.00    0.00     0.00    0.00      0.00     0.00   0.00    0.00     0.00    0.00    0.00    0.01   1.01
loop20           0.07      1.22     0.00   0.00  162.47    18.15    0.00      0.00     0.00   0.00    0.00     0.00    0.00      0.00     0.00   0.00    0.00     0.00    0.00    0.00    0.01   0.54
loop21           0.06      1.22     0.00   0.00  122.79    20.87    0.00      0.00     0.00   0.00    0.00     0.00    0.00      0.00     0.00   0.00    0.00     0.00    0.00    0.00    0.01   0.66
loop22           0.88     37.97     0.00   0.00   24.98    43.26    0.00      0.00     0.00   0.00    0.00     0.00    0.00      0.00     0.00   0.00    0.00     0.00    0.00    0.00    0.02   2.18
loop23           0.05      0.39     0.00   0.00   79.16     8.07    0.00      0.00     0.00   0.00    0.00     0.00    0.00      0.00     0.00   0.00    0.00     0.00    0.00    0.00    0.00   0.38
loop24           0.05      0.43     0.00   0.00   35.25     7.96    0.00      0.00     0.00   0.00    0.00     0.00    0.00      0.00     0.00   0.00    0.00     0.00    0.00    0.00    0.00   0.19
loop25           0.05      0.39     0.00   0.00   69.89     7.78    0.00      0.00     0.00   0.00    0.00     0.00    0.00      0.00     0.00   0.00    0.00     0.00    0.00    0.00    0.00   0.35
loop26           0.06      0.41     0.00   0.00   65.31     6.73    0.00      0.00     0.00   0.00    0.00     0.00    0.00      0.00     0.00   0.00    0.00     0.00    0.00    0.00    0.00   0.40
loop27           0.02      0.07     0.00   0.00   68.86     2.81    0.00      0.00     0.00   0.00    0.00     0.00    0.00      0.00     0.00   0.00    0.00     0.00    0.00    0.00    0.00   0.16
loop28           0.05      0.57     0.00   0.00   33.23    11.91    0.00      0.00     0.00   0.00    0.00     0.00    0.00      0.00     0.00   0.00    0.00     0.00    0.00    0.00    0.00   0.16
loop29           0.06      1.21     0.00   0.00   63.49    19.55    0.00      0.00     0.00   0.00    0.00     0.00    0.00      0.00     0.00   0.00    0.00     0.00    0.00    0.00    0.00   0.26
loop3            0.05      0.39     0.00   0.00   41.95     8.07    0.00      0.00     0.00   0.00    0.00     0.00    0.00      0.00     0.00   0.00    0.00     0.00    0.00    0.00    0.00   0.20
loop30           0.07      1.28     0.00   0.00   70.00    18.17    0.00      0.00     0.00   0.00    0.00     0.00    0.00      0.00     0.00   0.00    0.00     0.00    0.00    0.00    0.00   0.39
loop31           0.01      0.02     0.00   0.00    0.00     1.27    0.00      0.00     0.00   0.00    0.00     0.00    0.00      0.00     0.00   0.00    0.00     0.00    0.00    0.00    0.00   0.00
loop4            0.05      0.40     0.00   0.00   64.83     7.48    0.00      0.00     0.00   0.00    0.00     0.00    0.00      0.00     0.00   0.00    0.00     0.00    0.00    0.00    0.00   0.35
loop5            0.05      0.39     0.00   0.00   30.07     7.76    0.00      0.00     0.00   0.00    0.00     0.00    0.00      0.00     0.00   0.00    0.00     0.00    0.00    0.00    0.00   0.15
loop6            0.06      0.40     0.00   0.00  126.90     7.22    0.00      0.00     0.00   0.00    0.00     0.00    0.00      0.00     0.00   0.00    0.00     0.00    0.00    0.00    0.01   0.71
loop7            0.06      1.22     0.00   0.00  129.69    19.71    0.00      0.00     0.00   0.00    0.00     0.00    0.00      0.00     0.00   0.00    0.00     0.00    0.00    0.00    0.01   0.71
loop8            0.36      1.88     0.00   0.00   17.62     5.26    0.00      0.00     0.00   0.00    0.00     0.00    0.00      0.00     0.00   0.00    0.00     0.00    0.00    0.00    0.01   0.59
loop9            0.07      1.20     0.00   0.00   95.67    18.47    0.00      0.00     0.00   0.00    0.00     0.00    0.00      0.00     0.00   0.00    0.00     0.00    0.00    0.00    0.01   0.40
sda             90.63   4440.45    43.89  32.63   76.70    48.99   16.06    513.22    15.57  49.23   30.91    31.95    0.00      0.00     0.00   0.00    0.00     0.00    2.32   67.37    7.60  58.15
sdb              1.26     71.28     0.00   0.09    4.55    56.47    0.00      0.00     0.00   0.00    0.00     0.00    0.00      0.00     0.00   0.00    0.00     0.00    0.00    0.00    0.01   0.38
sdc              1.23     71.04     0.00   0.09    3.86    57.93    0.00      0.00     0.00   0.00    0.00     0.00    0.00      0.00     0.00   0.00    0.00     0.00    0.00    0.00    0.00   0.27



==============================================================
2026-09-25 12:48:31 +0530 CHECK=8
==============================================================

VMSTAT:
procs -----------memory---------- ---swap-- -----io---- -system-- -------cpu-------
 r  b   swpd   free   buff  cache   si   so    bi    bo   in   cs us sy id wa st gu
 0  0      0 7575468 254332 4233560    0    0  4382   484 2199    8 11  4 41 44  0  0
 0  0      0 7575468 254332 4233576    0    0     0     0  719 1659  2  1 98  0  0  0

DISK STATISTICS:
   7       0 loop0 43 0 696 5917 0 0 0 0 0 5917 5917 0 0 0 0 0 0
   7       1 loop1 14 0 34 45 0 0 0 0 0 45 45 0 0 0 0 0 0
   7       2 loop2 175 0 12798 9020 0 0 0 0 0 9024 9020 0 0 0 0 0 0
   7       3 loop3 43 0 694 1804 0 0 0 0 0 1801 1804 0 0 0 0 0 0
   7       4 loop4 48 0 718 3112 0 0 0 0 0 3115 3112 0 0 0 0 0 0
   7       5 loop5 45 0 698 1353 0 0 0 0 0 1351 1353 0 0 0 0 0 0
   7       6 loop6 50 0 722 6345 0 0 0 0 0 6346 6345 0 0 0 0 0 0
   7       7 loop7 55 0 2168 7133 0 0 0 0 0 6325 7133 0 0 0 0 0 0
   8       0 sda 81045 39148 7925563 6201332 14747 14289 925042 444531 0 520106 6786246 0 0 0 0 2142 140381
   8       1 sda1 116 0 8352 2391 0 0 0 0 0 2021 2391 0 0 0 0 0 0
   8       2 sda2 289 522 12487 9772 2 0 2 117 0 9110 9890 0 0 0 0 0 0
   8       3 sda3 92 0 2336 1364 0 0 0 0 0 1223 1364 0 0 0 0 0 0
   8       4 sda4 116 0 8352 5575 0 0 0 0 0 4031 5575 0 0 0 0 0 0
   8       5 sda5 116 0 8352 7289 0 0 0 0 0 5105 7289 0 0 0 0 0 0
   8       6 sda6 215 2 33472 11240 0 0 0 0 0 9173 11240 0 0 0 0 0 0
   8       7 sda7 963 1088 87762 116367 144 149 3464 7361 0 92802 123728 0 0 0 0 0 0
   8       8 sda8 79039 37536 7759962 6035816 14601 14140 921576 437052 0 577593 6472868 0 0 0 0 0 0
  11       0 sr0 0 0 0 0 0 0 0 0 0 0 0 0 0 0 0 0 0
   8      16 sdb 1126 1 127160 5126 0 0 0 0 0 3390 5126 0 0 0 0 0 0
   8      17 sdb1 1059 1 124912 4097 0 0 0 0 0 2397 4097 0 0 0 0 0 0
   8      32 sdc 1094 1 126744 4222 0 0 0 0 0 2447 4222 0 0 0 0 0 0
   8      33 sdc1 1027 1 124496 3640 0 0 0 0 0 1960 3640 0 0 0 0 0 0
   7       8 loop8 319 0 3354 5622 0 0 0 0 0 5255 5622 0 0 0 0 0 0
   7       9 loop9 58 0 2142 5549 0 0 0 0 0 3583 5549 0 0 0 0 0 0
   7      10 loop10 369 0 9232 13997 0 0 0 0 0 12854 13997 0 0 0 0 0 0
   7      11 loop11 43 0 696 1497 0 0 0 0 0 1498 1497 0 0 0 0 0 0
   7      12 loop12 47 0 766 3886 0 0 0 0 0 3886 3886 0 0 0 0 0 0
   7      13 loop13 61 0 2182 5246 0 0 0 0 0 4324 5246 0 0 0 0 0 0
   7      14 loop14 59 0 2216 7214 0 0 0 0 0 6373 7214 0 0 0 0 0 0
   7      15 loop15 54 0 2144 9546 0 0 0 0 0 5725 9546 0 0 0 0 0 0
   7      16 loop16 1361 0 48356 43438 0 0 0 0 0 33809 43438 0 0 0 0 0 0
   7      17 loop17 1762 0 10640 8372 0 0 0 0 0 5126 8372 0 0 0 0 0 0
   7      18 loop18 54 0 2160 5319 0 0 0 0 0 3292 5319 0 0 0 0 0 0
   7      19 loop19 63 0 2272 7044 0 0 0 0 0 3398 7044 0 0 0 0 0 0
   7      20 loop20 60 0 2178 9748 0 0 0 0 0 4783 9748 0 0 0 0 0 0
   7      21 loop21 52 0 2170 6385 0 0 0 0 0 5890 6385 0 0 0 0 0 0
   7      22 loop22 783 0 67738 19561 0 0 0 0 0 19461 19561 0 0 0 0 0 0
   7      23 loop23 43 0 694 3404 0 0 0 0 0 3407 3404 0 0 0 0 0 0
   7      24 loop24 48 0 764 1692 0 0 0 0 0 1692 1692 0 0 0 0 0 0
   7      25 loop25 45 0 700 3145 0 0 0 0 0 3145 3145 0 0 0 0 0 0
   7      26 loop26 55 0 740 3592 0 0 0 0 0 3593 3592 0 0 0 0 0 0
   7      27 loop27 21 0 118 1446 0 0 0 0 0 1446 1446 0 0 0 0 0 0
   7      28 loop28 43 0 1024 1429 0 0 0 0 0 1430 1429 0 0 0 0 0 0
   7      29 loop29 55 0 2150 3492 0 0 0 0 0 2305 3492 0 0 0 0 0 0
   7      30 loop30 63 0 2290 4410 0 0 0 0 0 3511 4410 0 0 0 0 0 0
   7      31 loop31 11 0 28 0 0 0 0 0 0 0 0 0 0 0 0 0 0

MOUNTED FILESYSTEMS:
Filesystem     Type      Size  Used Avail Use% Mounted on
tmpfs          tmpfs     1.6G  3.9M  1.6G   1% /run
/dev/sda8      ext4      151G   70G   73G  49% /
tmpfs          tmpfs     7.8G     0  7.8G   0% /dev/shm
tmpfs          tmpfs     5.0M   12K  5.0M   1% /run/lock
efivarfs       efivarfs   84K   71K  8.4K  90% /sys/firmware/efi/efivars
/dev/sda7      ext4      242G  148G   82G  65% /data
/dev/sda6      fuseblk   401G  244G  158G  61% /media/eclipse
/dev/sda2      vfat      256M  130M  127M  51% /boot/efi
tmpfs          tmpfs     1.6G  148K  1.6G   1% /run/user/1000
/dev/sdb1      fuseblk   1.9T  1.5T  352G  82% /media/Elements
/dev/sdc1      fuseblk   1.9T  1.6T  253G  87% /media/My Passport

BLOCK DEVICES:
NAME   MODEL                SERIAL            SIZE TYPE FSTYPE   MOUNTPOINTS
loop0                                        13.5M loop squashfs /snap/canonical-livepatch/406
loop1                                           4K loop squashfs /snap/bare/5
loop2                                        13.1M loop squashfs /snap/canonical-livepatch/414
loop3                                        55.5M loop squashfs /snap/core18/2999
loop4                                        55.5M loop squashfs /snap/core18/3084
loop5                                        63.8M loop squashfs /snap/core20/2866
loop6                                        63.8M loop squashfs /snap/core20/2922
loop7                                          74M loop squashfs /snap/core22/2437
loop8                                          74M loop squashfs /snap/core22/2955
loop9                                        66.8M loop squashfs /snap/core24/1643
loop10                                       66.8M loop squashfs /snap/core24/2124
loop11                                       16.5M loop squashfs /snap/firmware-updater/226
loop12                                       12.7M loop squashfs /snap/firmware-updater/258
loop13                                      164.8M loop squashfs /snap/gnome-3-28-1804/198
loop14                                      531.5M loop squashfs /snap/gnome-42-2204/263
loop15                                      606.1M loop squashfs /snap/gnome-46-2404/153
loop16                                      614.5M loop squashfs /snap/gnome-46-2404/164
loop17                                       91.7M loop squashfs /snap/gtk-common-themes/1535
loop18                                      531.4M loop squashfs /snap/gnome-42-2204/247
loop19                                      437.3M loop squashfs /snap/kde-frameworks-5-99-qt-5-15-7-core20/7
loop20                                        1.6G loop squashfs /snap/kf6-core24/64
loop21                                        402M loop squashfs /snap/mesa-2404/1781
loop22                                        402M loop squashfs /snap/mesa-2404/1839
loop23                                       11.8M loop squashfs /snap/snap-store/1390
loop24                                       11.8M loop squashfs /snap/snap-store/1419
loop25                                       50.1M loop squashfs /snap/snapd/27710
loop26                                       50.3M loop squashfs /snap/snapd/27738
loop27                                        828K loop squashfs /snap/snapd-desktop-integration/387
loop28                                        828K loop squashfs /snap/snapd-desktop-integration/391
loop29                                      321.1M loop squashfs /snap/vlc/3777
loop30                                      264.8M loop squashfs /snap/vlc/4472
sda    HGST HTS541010A9E680 JA10021F2V07LN  931.5G disk          
├─sda1                                        650M part ntfs     
├─sda2                                        260M part vfat     /boot/efi
├─sda3                                         16M part          
├─sda4                                      129.2G part ntfs     
├─sda5                                        668M part ntfs     
├─sda6                                      400.4G part ntfs     /media/eclipse
├─sda7                                      246.5G part ext4     /data
└─sda8                                      153.9G part ext4     /
sdb    WDC WD20NMVW-11EDZS6 WD-WXQ1AC51RZLR   1.8T disk          
└─sdb1                                        1.8T part ntfs     /media/Elements
sdc    WDC WD20JDRW-11C7VS0 WD-WX72A168PXZX   1.8T disk          
└─sdc1                                        1.8T part ntfs     /media/My Passport
sr0    hp DVDRAM GU90N      KL3Z8264215      1024M rom           

PROCESS I/O:
Linux 6.8.0-139-generic (dkvlko-HP-ENVY-15-Notebook-PC) 	25/09/26 	_x86_64_	(4 CPU)

12:48:33 PM IST   UID       PID   kB_rd/s   kB_wr/s kB_ccwr/s iodelay  Command

Average:      UID       PID   kB_rd/s   kB_wr/s kB_ccwr/s iodelay  Command

IOSTAT:
Linux 6.8.0-139-generic (dkvlko-HP-ENVY-15-Notebook-PC) 	25/09/26 	_x86_64_	(4 CPU)

avg-cpu:  %user   %nice %system %iowait  %steal   %idle
          10.44    0.78    3.51   43.81    0.00   41.46

Device            r/s     rkB/s   rrqm/s  %rrqm r_await rareq-sz     w/s     wkB/s   wrqm/s  %wrqm w_await wareq-sz     d/s     dkB/s   drqm/s  %drqm d_await dareq-sz     f/s f_await  aqu-sz  %util
loop0            0.04      0.36     0.00   0.00  137.60     8.09    0.00      0.00     0.00   0.00    0.00     0.00    0.00      0.00     0.00   0.00    0.00     0.00    0.00    0.00    0.01   0.62
loop1            0.01      0.02     0.00   0.00    3.21     1.21    0.00      0.00     0.00   0.00    0.00     0.00    0.00      0.00     0.00   0.00    0.00     0.00    0.00    0.00    0.00   0.00
loop10           0.39      4.83     0.00   0.00   37.93    12.51    0.00      0.00     0.00   0.00    0.00     0.00    0.00      0.00     0.00   0.00    0.00     0.00    0.00    0.00    0.01   1.34
loop11           0.04      0.36     0.00   0.00   34.81     8.09    0.00      0.00     0.00   0.00    0.00     0.00    0.00      0.00     0.00   0.00    0.00     0.00    0.00    0.00    0.00   0.16
loop12           0.05      0.40     0.00   0.00   82.68     8.15    0.00      0.00     0.00   0.00    0.00     0.00    0.00      0.00     0.00   0.00    0.00     0.00    0.00    0.00    0.00   0.41
loop13           0.06      1.14     0.00   0.00   86.00    17.89    0.00      0.00     0.00   0.00    0.00     0.00    0.00      0.00     0.00   0.00    0.00     0.00    0.00    0.00    0.01   0.45
loop14           0.06      1.16     0.00   0.00  122.27    18.78    0.00      0.00     0.00   0.00    0.00     0.00    0.00      0.00     0.00   0.00    0.00     0.00    0.00    0.00    0.01   0.67
loop15           0.06      1.12     0.00   0.00  176.78    19.85    0.00      0.00     0.00   0.00    0.00     0.00    0.00      0.00     0.00   0.00    0.00     0.00    0.00    0.00    0.01   0.60
loop16           1.42     25.28     0.00   0.00   31.92    17.76    0.00      0.00     0.00   0.00    0.00     0.00    0.00      0.00     0.00   0.00    0.00     0.00    0.00    0.00    0.05   3.53
loop17           1.84      5.56     0.00   0.00    4.75     3.02    0.00      0.00     0.00   0.00    0.00     0.00    0.00      0.00     0.00   0.00    0.00     0.00    0.00    0.00    0.01   0.54
loop18           0.06      1.13     0.00   0.00   98.50    20.00    0.00      0.00     0.00   0.00    0.00     0.00    0.00      0.00     0.00   0.00    0.00     0.00    0.00    0.00    0.01   0.34
loop19           0.07      1.19     0.00   0.00  111.81    18.03    0.00      0.00     0.00   0.00    0.00     0.00    0.00      0.00     0.00   0.00    0.00     0.00    0.00    0.00    0.01   0.36
loop2            0.18      6.69     0.00   0.00   51.54    36.57    0.00      0.00     0.00   0.00    0.00     0.00    0.00      0.00     0.00   0.00    0.00     0.00    0.00    0.00    0.01   0.94
loop20           0.06      1.14     0.00   0.00  162.47    18.15    0.00      0.00     0.00   0.00    0.00     0.00    0.00      0.00     0.00   0.00    0.00     0.00    0.00    0.00    0.01   0.50
loop21           0.05      1.13     0.00   0.00  122.79    20.87    0.00      0.00     0.00   0.00    0.00     0.00    0.00      0.00     0.00   0.00    0.00     0.00    0.00    0.00    0.01   0.62
loop22           0.82     35.41     0.00   0.00   24.98    43.26    0.00      0.00     0.00   0.00    0.00     0.00    0.00      0.00     0.00   0.00    0.00     0.00    0.00    0.00    0.02   2.03
loop23           0.04      0.36     0.00   0.00   79.16     8.07    0.00      0.00     0.00   0.00    0.00     0.00    0.00      0.00     0.00   0.00    0.00     0.00    0.00    0.00    0.00   0.36
loop24           0.05      0.40     0.00   0.00   35.25     7.96    0.00      0.00     0.00   0.00    0.00     0.00    0.00      0.00     0.00   0.00    0.00     0.00    0.00    0.00    0.00   0.18
loop25           0.05      0.37     0.00   0.00   69.89     7.78    0.00      0.00     0.00   0.00    0.00     0.00    0.00      0.00     0.00   0.00    0.00     0.00    0.00    0.00    0.00   0.33
loop26           0.06      0.39     0.00   0.00   65.31     6.73    0.00      0.00     0.00   0.00    0.00     0.00    0.00      0.00     0.00   0.00    0.00     0.00    0.00    0.00    0.00   0.38
loop27           0.02      0.06     0.00   0.00   68.86     2.81    0.00      0.00     0.00   0.00    0.00     0.00    0.00      0.00     0.00   0.00    0.00     0.00    0.00    0.00    0.00   0.15
loop28           0.04      0.54     0.00   0.00   33.23    11.91    0.00      0.00     0.00   0.00    0.00     0.00    0.00      0.00     0.00   0.00    0.00     0.00    0.00    0.00    0.00   0.15
loop29           0.06      1.12     0.00   0.00   63.49    19.55    0.00      0.00     0.00   0.00    0.00     0.00    0.00      0.00     0.00   0.00    0.00     0.00    0.00    0.00    0.00   0.24
loop3            0.04      0.36     0.00   0.00   41.95     8.07    0.00      0.00     0.00   0.00    0.00     0.00    0.00      0.00     0.00   0.00    0.00     0.00    0.00    0.00    0.00   0.19
loop30           0.07      1.20     0.00   0.00   70.00    18.17    0.00      0.00     0.00   0.00    0.00     0.00    0.00      0.00     0.00   0.00    0.00     0.00    0.00    0.00    0.00   0.37
loop31           0.01      0.01     0.00   0.00    0.00     1.27    0.00      0.00     0.00   0.00    0.00     0.00    0.00      0.00     0.00   0.00    0.00     0.00    0.00    0.00    0.00   0.00
loop4            0.05      0.38     0.00   0.00   64.83     7.48    0.00      0.00     0.00   0.00    0.00     0.00    0.00      0.00     0.00   0.00    0.00     0.00    0.00    0.00    0.00   0.33
loop5            0.05      0.36     0.00   0.00   30.07     7.76    0.00      0.00     0.00   0.00    0.00     0.00    0.00      0.00     0.00   0.00    0.00     0.00    0.00    0.00    0.00   0.14
loop6            0.05      0.38     0.00   0.00  126.90     7.22    0.00      0.00     0.00   0.00    0.00     0.00    0.00      0.00     0.00   0.00    0.00     0.00    0.00    0.00    0.01   0.66
loop7            0.06      1.13     0.00   0.00  129.69    19.71    0.00      0.00     0.00   0.00    0.00     0.00    0.00      0.00     0.00   0.00    0.00     0.00    0.00    0.00    0.01   0.66
loop8            0.33      1.75     0.00   0.00   17.62     5.26    0.00      0.00     0.00   0.00    0.00     0.00    0.00      0.00     0.00   0.00    0.00     0.00    0.00    0.00    0.01   0.55
loop9            0.06      1.12     0.00   0.00   95.67    18.47    0.00      0.00     0.00   0.00    0.00     0.00    0.00      0.00     0.00   0.00    0.00     0.00    0.00    0.00    0.01   0.37
sda             84.73   4143.09    40.93  32.57   76.52    48.90   15.42    483.57    14.94  49.21   30.14    31.36    0.00      0.00     0.00   0.00    0.00     0.00    2.24   65.49    7.10  54.38
sdb              1.18     66.47     0.00   0.09    4.55    56.47    0.00      0.00     0.00   0.00    0.00     0.00    0.00      0.00     0.00   0.00    0.00     0.00    0.00    0.00    0.01   0.35
sdc              1.14     66.26     0.00   0.09    3.86    57.93    0.00      0.00     0.00   0.00    0.00     0.00    0.00      0.00     0.00   0.00    0.00     0.00    0.00    0.00    0.00   0.26



==============================================================
2026-09-25 12:49:35 +0530 CHECK=9
==============================================================

VMSTAT:
procs -----------memory---------- ---swap-- -----io---- -system-- -------cpu-------
 r  b   swpd   free   buff  cache   si   so    bi    bo   in   cs us sy id wa st gu
 0  0      0 7586416 254428 4238464    0    0  4109   457 2143    8 11  3 44 41  0  0
 0  0      0 7582924 254428 4238464    0    0     0     4  839 1551  3  1 96  0  0  0

DISK STATISTICS:
   7       0 loop0 43 0 696 5917 0 0 0 0 0 5917 5917 0 0 0 0 0 0
   7       1 loop1 14 0 34 45 0 0 0 0 0 45 45 0 0 0 0 0 0
   7       2 loop2 175 0 12798 9020 0 0 0 0 0 9024 9020 0 0 0 0 0 0
   7       3 loop3 43 0 694 1804 0 0 0 0 0 1801 1804 0 0 0 0 0 0
   7       4 loop4 48 0 718 3112 0 0 0 0 0 3115 3112 0 0 0 0 0 0
   7       5 loop5 45 0 698 1353 0 0 0 0 0 1351 1353 0 0 0 0 0 0
   7       6 loop6 50 0 722 6345 0 0 0 0 0 6346 6345 0 0 0 0 0 0
   7       7 loop7 55 0 2168 7133 0 0 0 0 0 6325 7133 0 0 0 0 0 0
   8       0 sda 81132 39148 7934627 6202023 15084 14625 931754 446986 0 521574 6790314 0 0 0 0 2209 141304
   8       1 sda1 116 0 8352 2391 0 0 0 0 0 2021 2391 0 0 0 0 0 0
   8       2 sda2 289 522 12487 9772 2 0 2 117 0 9110 9890 0 0 0 0 0 0
   8       3 sda3 92 0 2336 1364 0 0 0 0 0 1223 1364 0 0 0 0 0 0
   8       4 sda4 116 0 8352 5575 0 0 0 0 0 4031 5575 0 0 0 0 0 0
   8       5 sda5 116 0 8352 7289 0 0 0 0 0 5105 7289 0 0 0 0 0 0
   8       6 sda6 215 2 33472 11240 0 0 0 0 0 9173 11240 0 0 0 0 0 0
   8       7 sda7 963 1088 87762 116367 144 149 3464 7361 0 92802 123728 0 0 0 0 0 0
   8       8 sda8 79126 37536 7769026 6036507 14938 14476 928288 439507 0 579087 6476015 0 0 0 0 0 0
  11       0 sr0 0 0 0 0 0 0 0 0 0 0 0 0 0 0 0 0 0
   8      16 sdb 1126 1 127160 5126 0 0 0 0 0 3390 5126 0 0 0 0 0 0
   8      17 sdb1 1059 1 124912 4097 0 0 0 0 0 2397 4097 0 0 0 0 0 0
   8      32 sdc 1094 1 126744 4222 0 0 0 0 0 2447 4222 0 0 0 0 0 0
   8      33 sdc1 1027 1 124496 3640 0 0 0 0 0 1960 3640 0 0 0 0 0 0
   7       8 loop8 319 0 3354 5622 0 0 0 0 0 5255 5622 0 0 0 0 0 0
   7       9 loop9 58 0 2142 5549 0 0 0 0 0 3583 5549 0 0 0 0 0 0
   7      10 loop10 369 0 9232 13997 0 0 0 0 0 12854 13997 0 0 0 0 0 0
   7      11 loop11 43 0 696 1497 0 0 0 0 0 1498 1497 0 0 0 0 0 0
   7      12 loop12 47 0 766 3886 0 0 0 0 0 3886 3886 0 0 0 0 0 0
   7      13 loop13 61 0 2182 5246 0 0 0 0 0 4324 5246 0 0 0 0 0 0
   7      14 loop14 59 0 2216 7214 0 0 0 0 0 6373 7214 0 0 0 0 0 0
   7      15 loop15 54 0 2144 9546 0 0 0 0 0 5725 9546 0 0 0 0 0 0
   7      16 loop16 1361 0 48356 43438 0 0 0 0 0 33809 43438 0 0 0 0 0 0
   7      17 loop17 1762 0 10640 8372 0 0 0 0 0 5126 8372 0 0 0 0 0 0
   7      18 loop18 54 0 2160 5319 0 0 0 0 0 3292 5319 0 0 0 0 0 0
   7      19 loop19 63 0 2272 7044 0 0 0 0 0 3398 7044 0 0 0 0 0 0
   7      20 loop20 60 0 2178 9748 0 0 0 0 0 4783 9748 0 0 0 0 0 0
   7      21 loop21 52 0 2170 6385 0 0 0 0 0 5890 6385 0 0 0 0 0 0
   7      22 loop22 783 0 67738 19561 0 0 0 0 0 19461 19561 0 0 0 0 0 0
   7      23 loop23 43 0 694 3404 0 0 0 0 0 3407 3404 0 0 0 0 0 0
   7      24 loop24 48 0 764 1692 0 0 0 0 0 1692 1692 0 0 0 0 0 0
   7      25 loop25 45 0 700 3145 0 0 0 0 0 3145 3145 0 0 0 0 0 0
   7      26 loop26 55 0 740 3592 0 0 0 0 0 3593 3592 0 0 0 0 0 0
   7      27 loop27 21 0 118 1446 0 0 0 0 0 1446 1446 0 0 0 0 0 0
   7      28 loop28 43 0 1024 1429 0 0 0 0 0 1430 1429 0 0 0 0 0 0
   7      29 loop29 55 0 2150 3492 0 0 0 0 0 2305 3492 0 0 0 0 0 0
   7      30 loop30 63 0 2290 4410 0 0 0 0 0 3511 4410 0 0 0 0 0 0
   7      31 loop31 11 0 28 0 0 0 0 0 0 0 0 0 0 0 0 0 0

MOUNTED FILESYSTEMS:
Filesystem     Type      Size  Used Avail Use% Mounted on
tmpfs          tmpfs     1.6G  3.9M  1.6G   1% /run
/dev/sda8      ext4      151G   70G   73G  49% /
tmpfs          tmpfs     7.8G     0  7.8G   0% /dev/shm
tmpfs          tmpfs     5.0M   12K  5.0M   1% /run/lock
efivarfs       efivarfs   84K   71K  8.4K  90% /sys/firmware/efi/efivars
/dev/sda7      ext4      242G  148G   82G  65% /data
/dev/sda6      fuseblk   401G  244G  158G  61% /media/eclipse
/dev/sda2      vfat      256M  130M  127M  51% /boot/efi
tmpfs          tmpfs     1.6G  148K  1.6G   1% /run/user/1000
/dev/sdb1      fuseblk   1.9T  1.5T  352G  82% /media/Elements
/dev/sdc1      fuseblk   1.9T  1.6T  253G  87% /media/My Passport

BLOCK DEVICES:
NAME   MODEL                SERIAL            SIZE TYPE FSTYPE   MOUNTPOINTS
loop0                                        13.5M loop squashfs /snap/canonical-livepatch/406
loop1                                           4K loop squashfs /snap/bare/5
loop2                                        13.1M loop squashfs /snap/canonical-livepatch/414
loop3                                        55.5M loop squashfs /snap/core18/2999
loop4                                        55.5M loop squashfs /snap/core18/3084
loop5                                        63.8M loop squashfs /snap/core20/2866
loop6                                        63.8M loop squashfs /snap/core20/2922
loop7                                          74M loop squashfs /snap/core22/2437
loop8                                          74M loop squashfs /snap/core22/2955
loop9                                        66.8M loop squashfs /snap/core24/1643
loop10                                       66.8M loop squashfs /snap/core24/2124
loop11                                       16.5M loop squashfs /snap/firmware-updater/226
loop12                                       12.7M loop squashfs /snap/firmware-updater/258
loop13                                      164.8M loop squashfs /snap/gnome-3-28-1804/198
loop14                                      531.5M loop squashfs /snap/gnome-42-2204/263
loop15                                      606.1M loop squashfs /snap/gnome-46-2404/153
loop16                                      614.5M loop squashfs /snap/gnome-46-2404/164
loop17                                       91.7M loop squashfs /snap/gtk-common-themes/1535
loop18                                      531.4M loop squashfs /snap/gnome-42-2204/247
loop19                                      437.3M loop squashfs /snap/kde-frameworks-5-99-qt-5-15-7-core20/7
loop20                                        1.6G loop squashfs /snap/kf6-core24/64
loop21                                        402M loop squashfs /snap/mesa-2404/1781
loop22                                        402M loop squashfs /snap/mesa-2404/1839
loop23                                       11.8M loop squashfs /snap/snap-store/1390
loop24                                       11.8M loop squashfs /snap/snap-store/1419
loop25                                       50.1M loop squashfs /snap/snapd/27710
loop26                                       50.3M loop squashfs /snap/snapd/27738
loop27                                        828K loop squashfs /snap/snapd-desktop-integration/387
loop28                                        828K loop squashfs /snap/snapd-desktop-integration/391
loop29                                      321.1M loop squashfs /snap/vlc/3777
loop30                                      264.8M loop squashfs /snap/vlc/4472
sda    HGST HTS541010A9E680 JA10021F2V07LN  931.5G disk          
├─sda1                                        650M part ntfs     
├─sda2                                        260M part vfat     /boot/efi
├─sda3                                         16M part          
├─sda4                                      129.2G part ntfs     
├─sda5                                        668M part ntfs     
├─sda6                                      400.4G part ntfs     /media/eclipse
├─sda7                                      246.5G part ext4     /data
└─sda8                                      153.9G part ext4     /
sdb    WDC WD20NMVW-11EDZS6 WD-WXQ1AC51RZLR   1.8T disk          
└─sdb1                                        1.8T part ntfs     /media/Elements
sdc    WDC WD20JDRW-11C7VS0 WD-WX72A168PXZX   1.8T disk          
└─sdc1                                        1.8T part ntfs     /media/My Passport
sr0    hp DVDRAM GU90N      KL3Z8264215      1024M rom           

PROCESS I/O:
Linux 6.8.0-139-generic (dkvlko-HP-ENVY-15-Notebook-PC) 	25/09/26 	_x86_64_	(4 CPU)

12:49:37 PM IST   UID       PID   kB_rd/s   kB_wr/s kB_ccwr/s iodelay  Command

Average:      UID       PID   kB_rd/s   kB_wr/s kB_ccwr/s iodelay  Command

IOSTAT:
Linux 6.8.0-139-generic (dkvlko-HP-ENVY-15-Notebook-PC) 	25/09/26 	_x86_64_	(4 CPU)

avg-cpu:  %user   %nice %system %iowait  %steal   %idle
           9.96    1.18    3.46   41.06    0.00   44.34

Device            r/s     rkB/s   rrqm/s  %rrqm r_await rareq-sz     w/s     wkB/s   wrqm/s  %wrqm w_await wareq-sz     d/s     dkB/s   drqm/s  %drqm d_await dareq-sz     f/s f_await  aqu-sz  %util
loop0            0.04      0.34     0.00   0.00  137.60     8.09    0.00      0.00     0.00   0.00    0.00     0.00    0.00      0.00     0.00   0.00    0.00     0.00    0.00    0.00    0.01   0.58
loop1            0.01      0.02     0.00   0.00    3.21     1.21    0.00      0.00     0.00   0.00    0.00     0.00    0.00      0.00     0.00   0.00    0.00     0.00    0.00    0.00    0.00   0.00
loop10           0.36      4.52     0.00   0.00   37.93    12.51    0.00      0.00     0.00   0.00    0.00     0.00    0.00      0.00     0.00   0.00    0.00     0.00    0.00    0.00    0.01   1.26
loop11           0.04      0.34     0.00   0.00   34.81     8.09    0.00      0.00     0.00   0.00    0.00     0.00    0.00      0.00     0.00   0.00    0.00     0.00    0.00    0.00    0.00   0.15
loop12           0.05      0.38     0.00   0.00   82.68     8.15    0.00      0.00     0.00   0.00    0.00     0.00    0.00      0.00     0.00   0.00    0.00     0.00    0.00    0.00    0.00   0.38
loop13           0.06      1.07     0.00   0.00   86.00    17.89    0.00      0.00     0.00   0.00    0.00     0.00    0.00      0.00     0.00   0.00    0.00     0.00    0.00    0.00    0.01   0.42
loop14           0.06      1.09     0.00   0.00  122.27    18.78    0.00      0.00     0.00   0.00    0.00     0.00    0.00      0.00     0.00   0.00    0.00     0.00    0.00    0.00    0.01   0.62
loop15           0.05      1.05     0.00   0.00  176.78    19.85    0.00      0.00     0.00   0.00    0.00     0.00    0.00      0.00     0.00   0.00    0.00     0.00    0.00    0.00    0.01   0.56
loop16           1.33     23.68     0.00   0.00   31.92    17.76    0.00      0.00     0.00   0.00    0.00     0.00    0.00      0.00     0.00   0.00    0.00     0.00    0.00    0.00    0.04   3.31
loop17           1.73      5.21     0.00   0.00    4.75     3.02    0.00      0.00     0.00   0.00    0.00     0.00    0.00      0.00     0.00   0.00    0.00     0.00    0.00    0.00    0.01   0.50
loop18           0.05      1.06     0.00   0.00   98.50    20.00    0.00      0.00     0.00   0.00    0.00     0.00    0.00      0.00     0.00   0.00    0.00     0.00    0.00    0.00    0.01   0.32
loop19           0.06      1.11     0.00   0.00  111.81    18.03    0.00      0.00     0.00   0.00    0.00     0.00    0.00      0.00     0.00   0.00    0.00     0.00    0.00    0.00    0.01   0.33
loop2            0.17      6.27     0.00   0.00   51.54    36.57    0.00      0.00     0.00   0.00    0.00     0.00    0.00      0.00     0.00   0.00    0.00     0.00    0.00    0.00    0.01   0.88
loop20           0.06      1.07     0.00   0.00  162.47    18.15    0.00      0.00     0.00   0.00    0.00     0.00    0.00      0.00     0.00   0.00    0.00     0.00    0.00    0.00    0.01   0.47
loop21           0.05      1.06     0.00   0.00  122.79    20.87    0.00      0.00     0.00   0.00    0.00     0.00    0.00      0.00     0.00   0.00    0.00     0.00    0.00    0.00    0.01   0.58
loop22           0.77     33.17     0.00   0.00   24.98    43.26    0.00      0.00     0.00   0.00    0.00     0.00    0.00      0.00     0.00   0.00    0.00     0.00    0.00    0.00    0.02   1.91
loop23           0.04      0.34     0.00   0.00   79.16     8.07    0.00      0.00     0.00   0.00    0.00     0.00    0.00      0.00     0.00   0.00    0.00     0.00    0.00    0.00    0.00   0.33
loop24           0.05      0.37     0.00   0.00   35.25     7.96    0.00      0.00     0.00   0.00    0.00     0.00    0.00      0.00     0.00   0.00    0.00     0.00    0.00    0.00    0.00   0.17
loop25           0.04      0.34     0.00   0.00   69.89     7.78    0.00      0.00     0.00   0.00    0.00     0.00    0.00      0.00     0.00   0.00    0.00     0.00    0.00    0.00    0.00   0.31
loop26           0.05      0.36     0.00   0.00   65.31     6.73    0.00      0.00     0.00   0.00    0.00     0.00    0.00      0.00     0.00   0.00    0.00     0.00    0.00    0.00    0.00   0.35
loop27           0.02      0.06     0.00   0.00   68.86     2.81    0.00      0.00     0.00   0.00    0.00     0.00    0.00      0.00     0.00   0.00    0.00     0.00    0.00    0.00    0.00   0.14
loop28           0.04      0.50     0.00   0.00   33.23    11.91    0.00      0.00     0.00   0.00    0.00     0.00    0.00      0.00     0.00   0.00    0.00     0.00    0.00    0.00    0.00   0.14
loop29           0.05      1.05     0.00   0.00   63.49    19.55    0.00      0.00     0.00   0.00    0.00     0.00    0.00      0.00     0.00   0.00    0.00     0.00    0.00    0.00    0.00   0.23
loop3            0.04      0.34     0.00   0.00   41.95     8.07    0.00      0.00     0.00   0.00    0.00     0.00    0.00      0.00     0.00   0.00    0.00     0.00    0.00    0.00    0.00   0.18
loop30           0.06      1.12     0.00   0.00   70.00    18.17    0.00      0.00     0.00   0.00    0.00     0.00    0.00      0.00     0.00   0.00    0.00     0.00    0.00    0.00    0.00   0.34
loop31           0.01      0.01     0.00   0.00    0.00     1.27    0.00      0.00     0.00   0.00    0.00     0.00    0.00      0.00     0.00   0.00    0.00     0.00    0.00    0.00    0.00   0.00
loop4            0.05      0.35     0.00   0.00   64.83     7.48    0.00      0.00     0.00   0.00    0.00     0.00    0.00      0.00     0.00   0.00    0.00     0.00    0.00    0.00    0.00   0.31
loop5            0.04      0.34     0.00   0.00   30.07     7.76    0.00      0.00     0.00   0.00    0.00     0.00    0.00      0.00     0.00   0.00    0.00     0.00    0.00    0.00    0.00   0.13
loop6            0.05      0.35     0.00   0.00  126.90     7.22    0.00      0.00     0.00   0.00    0.00     0.00    0.00      0.00     0.00   0.00    0.00     0.00    0.00    0.00    0.01   0.62
loop7            0.05      1.06     0.00   0.00  129.69    19.71    0.00      0.00     0.00   0.00    0.00     0.00    0.00      0.00     0.00   0.00    0.00     0.00    0.00    0.00    0.01   0.62
loop8            0.31      1.64     0.00   0.00   17.62     5.26    0.00      0.00     0.00   0.00    0.00     0.00    0.00      0.00     0.00   0.00    0.00     0.00    0.00    0.00    0.01   0.51
loop9            0.06      1.05     0.00   0.00   95.67    18.47    0.00      0.00     0.00   0.00    0.00     0.00    0.00      0.00     0.00   0.00    0.00     0.00    0.00    0.00    0.01   0.35
sda             79.47   3885.94    38.35  32.55   76.44    48.90   14.77    456.32    14.33  49.23   29.63    30.89    0.00      0.00     0.00   0.00    0.00     0.00    2.16   63.97    6.65  51.09
sdb              1.10     62.28     0.00   0.09    4.55    56.47    0.00      0.00     0.00   0.00    0.00     0.00    0.00      0.00     0.00   0.00    0.00     0.00    0.00    0.00    0.01   0.33
sdc              1.07     62.07     0.00   0.09    3.86    57.93    0.00      0.00     0.00   0.00    0.00     0.00    0.00      0.00     0.00   0.00    0.00     0.00    0.00    0.00    0.00   0.24



==============================================================
2026-09-25 12:50:40 +0530 CHECK=10
==============================================================

VMSTAT:
procs -----------memory---------- ---swap-- -----io---- -system-- -------cpu-------
 r  b   swpd   free   buff  cache   si   so    bi    bo   in   cs us sy id wa st gu
 0  0      0 7580728 254836 4241104    0    0  3867   432 2078    8 11  3 47 39  0  0
 0  0      0 7586068 254836 4241116    0    0     0     8  695 1418  2  1 98  0  0  0

DISK STATISTICS:
   7       0 loop0 43 0 696 5917 0 0 0 0 0 5917 5917 0 0 0 0 0 0
   7       1 loop1 14 0 34 45 0 0 0 0 0 45 45 0 0 0 0 0 0
   7       2 loop2 175 0 12798 9020 0 0 0 0 0 9024 9020 0 0 0 0 0 0
   7       3 loop3 43 0 694 1804 0 0 0 0 0 1801 1804 0 0 0 0 0 0
   7       4 loop4 48 0 718 3112 0 0 0 0 0 3115 3112 0 0 0 0 0 0
   7       5 loop5 45 0 698 1353 0 0 0 0 0 1351 1353 0 0 0 0 0 0
   7       6 loop6 50 0 722 6345 0 0 0 0 0 6346 6345 0 0 0 0 0 0
   7       7 loop7 55 0 2168 7133 0 0 0 0 0 6325 7133 0 0 0 0 0 0
   8       0 sda 81404 39148 7939483 6204367 15560 14991 938138 456946 0 524472 6805386 0 0 0 0 2330 144073
   8       1 sda1 116 0 8352 2391 0 0 0 0 0 2021 2391 0 0 0 0 0 0
   8       2 sda2 289 522 12487 9772 2 0 2 117 0 9110 9890 0 0 0 0 0 0
   8       3 sda3 92 0 2336 1364 0 0 0 0 0 1223 1364 0 0 0 0 0 0
   8       4 sda4 116 0 8352 5575 0 0 0 0 0 4031 5575 0 0 0 0 0 0
   8       5 sda5 116 0 8352 7289 0 0 0 0 0 5105 7289 0 0 0 0 0 0
   8       6 sda6 215 2 33472 11240 0 0 0 0 0 9173 11240 0 0 0 0 0 0
   8       7 sda7 963 1088 87762 116367 144 149 3464 7361 0 92802 123728 0 0 0 0 0 0
   8       8 sda8 79398 37536 7773882 6038851 15414 14842 934672 449467 0 582198 6488318 0 0 0 0 0 0
  11       0 sr0 0 0 0 0 0 0 0 0 0 0 0 0 0 0 0 0 0
   8      16 sdb 1126 1 127160 5126 0 0 0 0 0 3390 5126 0 0 0 0 0 0
   8      17 sdb1 1059 1 124912 4097 0 0 0 0 0 2397 4097 0 0 0 0 0 0
   8      32 sdc 1094 1 126744 4222 0 0 0 0 0 2447 4222 0 0 0 0 0 0
   8      33 sdc1 1027 1 124496 3640 0 0 0 0 0 1960 3640 0 0 0 0 0 0
   7       8 loop8 319 0 3354 5622 0 0 0 0 0 5255 5622 0 0 0 0 0 0
   7       9 loop9 58 0 2142 5549 0 0 0 0 0 3583 5549 0 0 0 0 0 0
   7      10 loop10 369 0 9232 13997 0 0 0 0 0 12854 13997 0 0 0 0 0 0
   7      11 loop11 43 0 696 1497 0 0 0 0 0 1498 1497 0 0 0 0 0 0
   7      12 loop12 47 0 766 3886 0 0 0 0 0 3886 3886 0 0 0 0 0 0
   7      13 loop13 61 0 2182 5246 0 0 0 0 0 4324 5246 0 0 0 0 0 0
   7      14 loop14 59 0 2216 7214 0 0 0 0 0 6373 7214 0 0 0 0 0 0
   7      15 loop15 54 0 2144 9546 0 0 0 0 0 5725 9546 0 0 0 0 0 0
   7      16 loop16 1361 0 48356 43438 0 0 0 0 0 33809 43438 0 0 0 0 0 0
   7      17 loop17 1762 0 10640 8372 0 0 0 0 0 5126 8372 0 0 0 0 0 0
   7      18 loop18 54 0 2160 5319 0 0 0 0 0 3292 5319 0 0 0 0 0 0
   7      19 loop19 63 0 2272 7044 0 0 0 0 0 3398 7044 0 0 0 0 0 0
   7      20 loop20 60 0 2178 9748 0 0 0 0 0 4783 9748 0 0 0 0 0 0
   7      21 loop21 52 0 2170 6385 0 0 0 0 0 5890 6385 0 0 0 0 0 0
   7      22 loop22 783 0 67738 19561 0 0 0 0 0 19461 19561 0 0 0 0 0 0
   7      23 loop23 43 0 694 3404 0 0 0 0 0 3407 3404 0 0 0 0 0 0
   7      24 loop24 48 0 764 1692 0 0 0 0 0 1692 1692 0 0 0 0 0 0
   7      25 loop25 45 0 700 3145 0 0 0 0 0 3145 3145 0 0 0 0 0 0
   7      26 loop26 55 0 740 3592 0 0 0 0 0 3593 3592 0 0 0 0 0 0
   7      27 loop27 21 0 118 1446 0 0 0 0 0 1446 1446 0 0 0 0 0 0
   7      28 loop28 43 0 1024 1429 0 0 0 0 0 1430 1429 0 0 0 0 0 0
   7      29 loop29 55 0 2150 3492 0 0 0 0 0 2305 3492 0 0 0 0 0 0
   7      30 loop30 63 0 2290 4410 0 0 0 0 0 3511 4410 0 0 0 0 0 0
   7      31 loop31 11 0 28 0 0 0 0 0 0 0 0 0 0 0 0 0 0

MOUNTED FILESYSTEMS:
Filesystem     Type      Size  Used Avail Use% Mounted on
tmpfs          tmpfs     1.6G  3.9M  1.6G   1% /run
/dev/sda8      ext4      151G   70G   73G  49% /
tmpfs          tmpfs     7.8G     0  7.8G   0% /dev/shm
tmpfs          tmpfs     5.0M   12K  5.0M   1% /run/lock
efivarfs       efivarfs   84K   71K  8.4K  90% /sys/firmware/efi/efivars
/dev/sda7      ext4      242G  148G   82G  65% /data
/dev/sda6      fuseblk   401G  244G  158G  61% /media/eclipse
/dev/sda2      vfat      256M  130M  127M  51% /boot/efi
tmpfs          tmpfs     1.6G  148K  1.6G   1% /run/user/1000
/dev/sdb1      fuseblk   1.9T  1.5T  352G  82% /media/Elements
/dev/sdc1      fuseblk   1.9T  1.6T  253G  87% /media/My Passport

BLOCK DEVICES:
NAME   MODEL                SERIAL            SIZE TYPE FSTYPE   MOUNTPOINTS
loop0                                        13.5M loop squashfs /snap/canonical-livepatch/406
loop1                                           4K loop squashfs /snap/bare/5
loop2                                        13.1M loop squashfs /snap/canonical-livepatch/414
loop3                                        55.5M loop squashfs /snap/core18/2999
loop4                                        55.5M loop squashfs /snap/core18/3084
loop5                                        63.8M loop squashfs /snap/core20/2866
loop6                                        63.8M loop squashfs /snap/core20/2922
loop7                                          74M loop squashfs /snap/core22/2437
loop8                                          74M loop squashfs /snap/core22/2955
loop9                                        66.8M loop squashfs /snap/core24/1643
loop10                                       66.8M loop squashfs /snap/core24/2124
loop11                                       16.5M loop squashfs /snap/firmware-updater/226
loop12                                       12.7M loop squashfs /snap/firmware-updater/258
loop13                                      164.8M loop squashfs /snap/gnome-3-28-1804/198
loop14                                      531.5M loop squashfs /snap/gnome-42-2204/263
loop15                                      606.1M loop squashfs /snap/gnome-46-2404/153
loop16                                      614.5M loop squashfs /snap/gnome-46-2404/164
loop17                                       91.7M loop squashfs /snap/gtk-common-themes/1535
loop18                                      531.4M loop squashfs /snap/gnome-42-2204/247
loop19                                      437.3M loop squashfs /snap/kde-frameworks-5-99-qt-5-15-7-core20/7
loop20                                        1.6G loop squashfs /snap/kf6-core24/64
loop21                                        402M loop squashfs /snap/mesa-2404/1781
loop22                                        402M loop squashfs /snap/mesa-2404/1839
loop23                                       11.8M loop squashfs /snap/snap-store/1390
loop24                                       11.8M loop squashfs /snap/snap-store/1419
loop25                                       50.1M loop squashfs /snap/snapd/27710
loop26                                       50.3M loop squashfs /snap/snapd/27738
loop27                                        828K loop squashfs /snap/snapd-desktop-integration/387
loop28                                        828K loop squashfs /snap/snapd-desktop-integration/391
loop29                                      321.1M loop squashfs /snap/vlc/3777
loop30                                      264.8M loop squashfs /snap/vlc/4472
sda    HGST HTS541010A9E680 JA10021F2V07LN  931.5G disk          
├─sda1                                        650M part ntfs     
├─sda2                                        260M part vfat     /boot/efi
├─sda3                                         16M part          
├─sda4                                      129.2G part ntfs     
├─sda5                                        668M part ntfs     
├─sda6                                      400.4G part ntfs     /media/eclipse
├─sda7                                      246.5G part ext4     /data
└─sda8                                      153.9G part ext4     /
sdb    WDC WD20NMVW-11EDZS6 WD-WXQ1AC51RZLR   1.8T disk          
└─sdb1                                        1.8T part ntfs     /media/Elements
sdc    WDC WD20JDRW-11C7VS0 WD-WX72A168PXZX   1.8T disk          
└─sdc1                                        1.8T part ntfs     /media/My Passport
sr0    hp DVDRAM GU90N      KL3Z8264215      1024M rom           

PROCESS I/O:
Linux 6.8.0-139-generic (dkvlko-HP-ENVY-15-Notebook-PC) 	25/09/26 	_x86_64_	(4 CPU)

12:50:42 PM IST   UID       PID   kB_rd/s   kB_wr/s kB_ccwr/s iodelay  Command

Average:      UID       PID   kB_rd/s   kB_wr/s kB_ccwr/s iodelay  Command

IOSTAT:
Linux 6.8.0-139-generic (dkvlko-HP-ENVY-15-Notebook-PC) 	25/09/26 	_x86_64_	(4 CPU)

avg-cpu:  %user   %nice %system %iowait  %steal   %idle
           9.59    1.12    3.40   38.73    0.00   47.17

Device            r/s     rkB/s   rrqm/s  %rrqm r_await rareq-sz     w/s     wkB/s   wrqm/s  %wrqm w_await wareq-sz     d/s     dkB/s   drqm/s  %drqm d_await dareq-sz     f/s f_await  aqu-sz  %util
loop0            0.04      0.32     0.00   0.00  137.60     8.09    0.00      0.00     0.00   0.00    0.00     0.00    0.00      0.00     0.00   0.00    0.00     0.00    0.00    0.00    0.01   0.55
loop1            0.01      0.02     0.00   0.00    3.21     1.21    0.00      0.00     0.00   0.00    0.00     0.00    0.00      0.00     0.00   0.00    0.00     0.00    0.00    0.00    0.00   0.00
loop10           0.34      4.25     0.00   0.00   37.93    12.51    0.00      0.00     0.00   0.00    0.00     0.00    0.00      0.00     0.00   0.00    0.00     0.00    0.00    0.00    0.01   1.18
loop11           0.04      0.32     0.00   0.00   34.81     8.09    0.00      0.00     0.00   0.00    0.00     0.00    0.00      0.00     0.00   0.00    0.00     0.00    0.00    0.00    0.00   0.14
loop12           0.04      0.35     0.00   0.00   82.68     8.15    0.00      0.00     0.00   0.00    0.00     0.00    0.00      0.00     0.00   0.00    0.00     0.00    0.00    0.00    0.00   0.36
loop13           0.06      1.01     0.00   0.00   86.00    17.89    0.00      0.00     0.00   0.00    0.00     0.00    0.00      0.00     0.00   0.00    0.00     0.00    0.00    0.00    0.00   0.40
loop14           0.05      1.02     0.00   0.00  122.27    18.78    0.00      0.00     0.00   0.00    0.00     0.00    0.00      0.00     0.00   0.00    0.00     0.00    0.00    0.00    0.01   0.59
loop15           0.05      0.99     0.00   0.00  176.78    19.85    0.00      0.00     0.00   0.00    0.00     0.00    0.00      0.00     0.00   0.00    0.00     0.00    0.00    0.00    0.01   0.53
loop16           1.25     22.28     0.00   0.00   31.92    17.76    0.00      0.00     0.00   0.00    0.00     0.00    0.00      0.00     0.00   0.00    0.00     0.00    0.00    0.00    0.04   3.11
loop17           1.62      4.90     0.00   0.00    4.75     3.02    0.00      0.00     0.00   0.00    0.00     0.00    0.00      0.00     0.00   0.00    0.00     0.00    0.00    0.00    0.01   0.47
loop18           0.05      1.00     0.00   0.00   98.50    20.00    0.00      0.00     0.00   0.00    0.00     0.00    0.00      0.00     0.00   0.00    0.00     0.00    0.00    0.00    0.00   0.30
loop19           0.06      1.05     0.00   0.00  111.81    18.03    0.00      0.00     0.00   0.00    0.00     0.00    0.00      0.00     0.00   0.00    0.00     0.00    0.00    0.00    0.01   0.31
loop2            0.16      5.90     0.00   0.00   51.54    36.57    0.00      0.00     0.00   0.00    0.00     0.00    0.00      0.00     0.00   0.00    0.00     0.00    0.00    0.00    0.01   0.83
loop20           0.06      1.00     0.00   0.00  162.47    18.15    0.00      0.00     0.00   0.00    0.00     0.00    0.00      0.00     0.00   0.00    0.00     0.00    0.00    0.00    0.01   0.44
loop21           0.05      1.00     0.00   0.00  122.79    20.87    0.00      0.00     0.00   0.00    0.00     0.00    0.00      0.00     0.00   0.00    0.00     0.00    0.00    0.00    0.01   0.54
loop22           0.72     31.20     0.00   0.00   24.98    43.26    0.00      0.00     0.00   0.00    0.00     0.00    0.00      0.00     0.00   0.00    0.00     0.00    0.00    0.00    0.02   1.79
loop23           0.04      0.32     0.00   0.00   79.16     8.07    0.00      0.00     0.00   0.00    0.00     0.00    0.00      0.00     0.00   0.00    0.00     0.00    0.00    0.00    0.00   0.31
loop24           0.04      0.35     0.00   0.00   35.25     7.96    0.00      0.00     0.00   0.00    0.00     0.00    0.00      0.00     0.00   0.00    0.00     0.00    0.00    0.00    0.00   0.16
loop25           0.04      0.32     0.00   0.00   69.89     7.78    0.00      0.00     0.00   0.00    0.00     0.00    0.00      0.00     0.00   0.00    0.00     0.00    0.00    0.00    0.00   0.29
loop26           0.05      0.34     0.00   0.00   65.31     6.73    0.00      0.00     0.00   0.00    0.00     0.00    0.00      0.00     0.00   0.00    0.00     0.00    0.00    0.00    0.00   0.33
loop27           0.02      0.05     0.00   0.00   68.86     2.81    0.00      0.00     0.00   0.00    0.00     0.00    0.00      0.00     0.00   0.00    0.00     0.00    0.00    0.00    0.00   0.13
loop28           0.04      0.47     0.00   0.00   33.23    11.91    0.00      0.00     0.00   0.00    0.00     0.00    0.00      0.00     0.00   0.00    0.00     0.00    0.00    0.00    0.00   0.13
loop29           0.05      0.99     0.00   0.00   63.49    19.55    0.00      0.00     0.00   0.00    0.00     0.00    0.00      0.00     0.00   0.00    0.00     0.00    0.00    0.00    0.00   0.21
loop3            0.04      0.32     0.00   0.00   41.95     8.07    0.00      0.00     0.00   0.00    0.00     0.00    0.00      0.00     0.00   0.00    0.00     0.00    0.00    0.00    0.00   0.17
loop30           0.06      1.05     0.00   0.00   70.00    18.17    0.00      0.00     0.00   0.00    0.00     0.00    0.00      0.00     0.00   0.00    0.00     0.00    0.00    0.00    0.00   0.32
loop31           0.01      0.01     0.00   0.00    0.00     1.27    0.00      0.00     0.00   0.00    0.00     0.00    0.00      0.00     0.00   0.00    0.00     0.00    0.00    0.00    0.00   0.00
loop4            0.04      0.33     0.00   0.00   64.83     7.48    0.00      0.00     0.00   0.00    0.00     0.00    0.00      0.00     0.00   0.00    0.00     0.00    0.00    0.00    0.00   0.29
loop5            0.04      0.32     0.00   0.00   30.07     7.76    0.00      0.00     0.00   0.00    0.00     0.00    0.00      0.00     0.00   0.00    0.00     0.00    0.00    0.00    0.00   0.12
loop6            0.05      0.33     0.00   0.00  126.90     7.22    0.00      0.00     0.00   0.00    0.00     0.00    0.00      0.00     0.00   0.00    0.00     0.00    0.00    0.00    0.01   0.58
loop7            0.05      1.00     0.00   0.00  129.69    19.71    0.00      0.00     0.00   0.00    0.00     0.00    0.00      0.00     0.00   0.00    0.00     0.00    0.00    0.00    0.01   0.58
loop8            0.29      1.55     0.00   0.00   17.62     5.26    0.00      0.00     0.00   0.00    0.00     0.00    0.00      0.00     0.00   0.00    0.00     0.00    0.00    0.00    0.01   0.48
loop9            0.05      0.99     0.00   0.00   95.67    18.47    0.00      0.00     0.00   0.00    0.00     0.00    0.00      0.00     0.00   0.00    0.00     0.00    0.00    0.00    0.01   0.33
sda             75.00   3657.37    36.07  32.47   76.22    48.77   14.34    432.16    13.81  49.07   29.37    30.15    0.00      0.00     0.00   0.00    0.00     0.00    2.15   61.83    6.27  48.32
sdb              1.04     58.58     0.00   0.09    4.55    56.47    0.00      0.00     0.00   0.00    0.00     0.00    0.00      0.00     0.00   0.00    0.00     0.00    0.00    0.00    0.00   0.31
sdc              1.01     58.39     0.00   0.09    3.86    57.93    0.00      0.00     0.00   0.00    0.00     0.00    0.00      0.00     0.00   0.00    0.00     0.00    0.00    0.00    0.00   0.23



==============================================================
2026-09-25 12:51:44 +0530 CHECK=11
==============================================================

VMSTAT:
procs -----------memory---------- ---swap-- -----io---- -system-- -------cpu-------
 r  b   swpd   free   buff  cache   si   so    bi    bo   in   cs us sy id wa st gu
 0  0      0 7574400 254928 4241356    0    0  3649   411 2016    7 10  3 50 37  0  0
 1  0      0 7574400 254928 4241360    0    0     0     0  670 1250  2  1 98  0  0  0

DISK STATISTICS:
   7       0 loop0 43 0 696 5917 0 0 0 0 0 5917 5917 0 0 0 0 0 0
   7       1 loop1 14 0 34 45 0 0 0 0 0 45 45 0 0 0 0 0 0
   7       2 loop2 175 0 12798 9020 0 0 0 0 0 9024 9020 0 0 0 0 0 0
   7       3 loop3 43 0 694 1804 0 0 0 0 0 1801 1804 0 0 0 0 0 0
   7       4 loop4 48 0 718 3112 0 0 0 0 0 3115 3112 0 0 0 0 0 0
   7       5 loop5 45 0 698 1353 0 0 0 0 0 1351 1353 0 0 0 0 0 0
   7       6 loop6 50 0 722 6345 0 0 0 0 0 6346 6345 0 0 0 0 0 0
   7       7 loop7 55 0 2168 7133 0 0 0 0 0 6325 7133 0 0 0 0 0 0
   8       0 sda 81405 39148 7939627 6204374 15925 15309 944514 458538 0 525393 6807793 0 0 0 0 2405 144880
   8       1 sda1 116 0 8352 2391 0 0 0 0 0 2021 2391 0 0 0 0 0 0
   8       2 sda2 289 522 12487 9772 2 0 2 117 0 9110 9890 0 0 0 0 0 0
   8       3 sda3 92 0 2336 1364 0 0 0 0 0 1223 1364 0 0 0 0 0 0
   8       4 sda4 116 0 8352 5575 0 0 0 0 0 4031 5575 0 0 0 0 0 0
   8       5 sda5 116 0 8352 7289 0 0 0 0 0 5105 7289 0 0 0 0 0 0
   8       6 sda6 215 2 33472 11240 0 0 0 0 0 9173 11240 0 0 0 0 0 0
   8       7 sda7 963 1088 87762 116367 144 149 3464 7361 0 92802 123728 0 0 0 0 0 0
   8       8 sda8 79399 37536 7774026 6038858 15779 15160 941048 451059 0 583120 6489917 0 0 0 0 0 0
  11       0 sr0 0 0 0 0 0 0 0 0 0 0 0 0 0 0 0 0 0
   8      16 sdb 1126 1 127160 5126 0 0 0 0 0 3390 5126 0 0 0 0 0 0
   8      17 sdb1 1059 1 124912 4097 0 0 0 0 0 2397 4097 0 0 0 0 0 0
   8      32 sdc 1094 1 126744 4222 0 0 0 0 0 2447 4222 0 0 0 0 0 0
   8      33 sdc1 1027 1 124496 3640 0 0 0 0 0 1960 3640 0 0 0 0 0 0
   7       8 loop8 319 0 3354 5622 0 0 0 0 0 5255 5622 0 0 0 0 0 0
   7       9 loop9 58 0 2142 5549 0 0 0 0 0 3583 5549 0 0 0 0 0 0
   7      10 loop10 369 0 9232 13997 0 0 0 0 0 12854 13997 0 0 0 0 0 0
   7      11 loop11 43 0 696 1497 0 0 0 0 0 1498 1497 0 0 0 0 0 0
   7      12 loop12 47 0 766 3886 0 0 0 0 0 3886 3886 0 0 0 0 0 0
   7      13 loop13 61 0 2182 5246 0 0 0 0 0 4324 5246 0 0 0 0 0 0
   7      14 loop14 59 0 2216 7214 0 0 0 0 0 6373 7214 0 0 0 0 0 0
   7      15 loop15 54 0 2144 9546 0 0 0 0 0 5725 9546 0 0 0 0 0 0
   7      16 loop16 1361 0 48356 43438 0 0 0 0 0 33809 43438 0 0 0 0 0 0
   7      17 loop17 1762 0 10640 8372 0 0 0 0 0 5126 8372 0 0 0 0 0 0
   7      18 loop18 54 0 2160 5319 0 0 0 0 0 3292 5319 0 0 0 0 0 0
   7      19 loop19 63 0 2272 7044 0 0 0 0 0 3398 7044 0 0 0 0 0 0
   7      20 loop20 60 0 2178 9748 0 0 0 0 0 4783 9748 0 0 0 0 0 0
   7      21 loop21 52 0 2170 6385 0 0 0 0 0 5890 6385 0 0 0 0 0 0
   7      22 loop22 783 0 67738 19561 0 0 0 0 0 19461 19561 0 0 0 0 0 0
   7      23 loop23 43 0 694 3404 0 0 0 0 0 3407 3404 0 0 0 0 0 0
   7      24 loop24 48 0 764 1692 0 0 0 0 0 1692 1692 0 0 0 0 0 0
   7      25 loop25 45 0 700 3145 0 0 0 0 0 3145 3145 0 0 0 0 0 0
   7      26 loop26 55 0 740 3592 0 0 0 0 0 3593 3592 0 0 0 0 0 0
   7      27 loop27 21 0 118 1446 0 0 0 0 0 1446 1446 0 0 0 0 0 0
   7      28 loop28 43 0 1024 1429 0 0 0 0 0 1430 1429 0 0 0 0 0 0
   7      29 loop29 55 0 2150 3492 0 0 0 0 0 2305 3492 0 0 0 0 0 0
   7      30 loop30 63 0 2290 4410 0 0 0 0 0 3511 4410 0 0 0 0 0 0
   7      31 loop31 11 0 28 0 0 0 0 0 0 0 0 0 0 0 0 0 0

MOUNTED FILESYSTEMS:
Filesystem     Type      Size  Used Avail Use% Mounted on
tmpfs          tmpfs     1.6G  3.9M  1.6G   1% /run
/dev/sda8      ext4      151G   70G   73G  49% /
tmpfs          tmpfs     7.8G     0  7.8G   0% /dev/shm
tmpfs          tmpfs     5.0M   12K  5.0M   1% /run/lock
efivarfs       efivarfs   84K   71K  8.4K  90% /sys/firmware/efi/efivars
/dev/sda7      ext4      242G  148G   82G  65% /data
/dev/sda6      fuseblk   401G  244G  158G  61% /media/eclipse
/dev/sda2      vfat      256M  130M  127M  51% /boot/efi
tmpfs          tmpfs     1.6G  148K  1.6G   1% /run/user/1000
/dev/sdb1      fuseblk   1.9T  1.5T  352G  82% /media/Elements
/dev/sdc1      fuseblk   1.9T  1.6T  253G  87% /media/My Passport

BLOCK DEVICES:
NAME   MODEL                SERIAL            SIZE TYPE FSTYPE   MOUNTPOINTS
loop0                                        13.5M loop squashfs /snap/canonical-livepatch/406
loop1                                           4K loop squashfs /snap/bare/5
loop2                                        13.1M loop squashfs /snap/canonical-livepatch/414
loop3                                        55.5M loop squashfs /snap/core18/2999
loop4                                        55.5M loop squashfs /snap/core18/3084
loop5                                        63.8M loop squashfs /snap/core20/2866
loop6                                        63.8M loop squashfs /snap/core20/2922
loop7                                          74M loop squashfs /snap/core22/2437
loop8                                          74M loop squashfs /snap/core22/2955
loop9                                        66.8M loop squashfs /snap/core24/1643
loop10                                       66.8M loop squashfs /snap/core24/2124
loop11                                       16.5M loop squashfs /snap/firmware-updater/226
loop12                                       12.7M loop squashfs /snap/firmware-updater/258
loop13                                      164.8M loop squashfs /snap/gnome-3-28-1804/198
loop14                                      531.5M loop squashfs /snap/gnome-42-2204/263
loop15                                      606.1M loop squashfs /snap/gnome-46-2404/153
loop16                                      614.5M loop squashfs /snap/gnome-46-2404/164
loop17                                       91.7M loop squashfs /snap/gtk-common-themes/1535
loop18                                      531.4M loop squashfs /snap/gnome-42-2204/247
loop19                                      437.3M loop squashfs /snap/kde-frameworks-5-99-qt-5-15-7-core20/7
loop20                                        1.6G loop squashfs /snap/kf6-core24/64
loop21                                        402M loop squashfs /snap/mesa-2404/1781
loop22                                        402M loop squashfs /snap/mesa-2404/1839
loop23                                       11.8M loop squashfs /snap/snap-store/1390
loop24                                       11.8M loop squashfs /snap/snap-store/1419
loop25                                       50.1M loop squashfs /snap/snapd/27710
loop26                                       50.3M loop squashfs /snap/snapd/27738
loop27                                        828K loop squashfs /snap/snapd-desktop-integration/387
loop28                                        828K loop squashfs /snap/snapd-desktop-integration/391
loop29                                      321.1M loop squashfs /snap/vlc/3777
loop30                                      264.8M loop squashfs /snap/vlc/4472
sda    HGST HTS541010A9E680 JA10021F2V07LN  931.5G disk          
├─sda1                                        650M part ntfs     
├─sda2                                        260M part vfat     /boot/efi
├─sda3                                         16M part          
├─sda4                                      129.2G part ntfs     
├─sda5                                        668M part ntfs     
├─sda6                                      400.4G part ntfs     /media/eclipse
├─sda7                                      246.5G part ext4     /data
└─sda8                                      153.9G part ext4     /
sdb    WDC WD20NMVW-11EDZS6 WD-WXQ1AC51RZLR   1.8T disk          
└─sdb1                                        1.8T part ntfs     /media/Elements
sdc    WDC WD20JDRW-11C7VS0 WD-WX72A168PXZX   1.8T disk          
└─sdc1                                        1.8T part ntfs     /media/My Passport
sr0    hp DVDRAM GU90N      KL3Z8264215      1024M rom           

PROCESS I/O:
Linux 6.8.0-139-generic (dkvlko-HP-ENVY-15-Notebook-PC) 	25/09/26 	_x86_64_	(4 CPU)

12:51:46 PM IST   UID       PID   kB_rd/s   kB_wr/s kB_ccwr/s iodelay  Command

Average:      UID       PID   kB_rd/s   kB_wr/s kB_ccwr/s iodelay  Command

IOSTAT:
Linux 6.8.0-139-generic (dkvlko-HP-ENVY-15-Notebook-PC) 	25/09/26 	_x86_64_	(4 CPU)

avg-cpu:  %user   %nice %system %iowait  %steal   %idle
           9.23    1.06    3.33   36.57    0.00   49.81

Device            r/s     rkB/s   rrqm/s  %rrqm r_await rareq-sz     w/s     wkB/s   wrqm/s  %wrqm w_await wareq-sz     d/s     dkB/s   drqm/s  %drqm d_await dareq-sz     f/s f_await  aqu-sz  %util
loop0            0.04      0.30     0.00   0.00  137.60     8.09    0.00      0.00     0.00   0.00    0.00     0.00    0.00      0.00     0.00   0.00    0.00     0.00    0.00    0.00    0.01   0.51
loop1            0.01      0.01     0.00   0.00    3.21     1.21    0.00      0.00     0.00   0.00    0.00     0.00    0.00      0.00     0.00   0.00    0.00     0.00    0.00    0.00    0.00   0.00
loop10           0.32      4.01     0.00   0.00   37.93    12.51    0.00      0.00     0.00   0.00    0.00     0.00    0.00      0.00     0.00   0.00    0.00     0.00    0.00    0.00    0.01   1.12
loop11           0.04      0.30     0.00   0.00   34.81     8.09    0.00      0.00     0.00   0.00    0.00     0.00    0.00      0.00     0.00   0.00    0.00     0.00    0.00    0.00    0.00   0.13
loop12           0.04      0.33     0.00   0.00   82.68     8.15    0.00      0.00     0.00   0.00    0.00     0.00    0.00      0.00     0.00   0.00    0.00     0.00    0.00    0.00    0.00   0.34
loop13           0.05      0.95     0.00   0.00   86.00    17.89    0.00      0.00     0.00   0.00    0.00     0.00    0.00      0.00     0.00   0.00    0.00     0.00    0.00    0.00    0.00   0.38
loop14           0.05      0.96     0.00   0.00  122.27    18.78    0.00      0.00     0.00   0.00    0.00     0.00    0.00      0.00     0.00   0.00    0.00     0.00    0.00    0.00    0.01   0.55
loop15           0.05      0.93     0.00   0.00  176.78    19.85    0.00      0.00     0.00   0.00    0.00     0.00    0.00      0.00     0.00   0.00    0.00     0.00    0.00    0.00    0.01   0.50
loop16           1.18     21.03     0.00   0.00   31.92    17.76    0.00      0.00     0.00   0.00    0.00     0.00    0.00      0.00     0.00   0.00    0.00     0.00    0.00    0.00    0.04   2.94
loop17           1.53      4.63     0.00   0.00    4.75     3.02    0.00      0.00     0.00   0.00    0.00     0.00    0.00      0.00     0.00   0.00    0.00     0.00    0.00    0.00    0.01   0.45
loop18           0.05      0.94     0.00   0.00   98.50    20.00    0.00      0.00     0.00   0.00    0.00     0.00    0.00      0.00     0.00   0.00    0.00     0.00    0.00    0.00    0.00   0.29
loop19           0.05      0.99     0.00   0.00  111.81    18.03    0.00      0.00     0.00   0.00    0.00     0.00    0.00      0.00     0.00   0.00    0.00     0.00    0.00    0.00    0.01   0.30
loop2            0.15      5.56     0.00   0.00   51.54    36.57    0.00      0.00     0.00   0.00    0.00     0.00    0.00      0.00     0.00   0.00    0.00     0.00    0.00    0.00    0.01   0.78
loop20           0.05      0.95     0.00   0.00  162.47    18.15    0.00      0.00     0.00   0.00    0.00     0.00    0.00      0.00     0.00   0.00    0.00     0.00    0.00    0.00    0.01   0.42
loop21           0.05      0.94     0.00   0.00  122.79    20.87    0.00      0.00     0.00   0.00    0.00     0.00    0.00      0.00     0.00   0.00    0.00     0.00    0.00    0.00    0.01   0.51
loop22           0.68     29.45     0.00   0.00   24.98    43.26    0.00      0.00     0.00   0.00    0.00     0.00    0.00      0.00     0.00   0.00    0.00     0.00    0.00    0.00    0.02   1.69
loop23           0.04      0.30     0.00   0.00   79.16     8.07    0.00      0.00     0.00   0.00    0.00     0.00    0.00      0.00     0.00   0.00    0.00     0.00    0.00    0.00    0.00   0.30
loop24           0.04      0.33     0.00   0.00   35.25     7.96    0.00      0.00     0.00   0.00    0.00     0.00    0.00      0.00     0.00   0.00    0.00     0.00    0.00    0.00    0.00   0.15
loop25           0.04      0.30     0.00   0.00   69.89     7.78    0.00      0.00     0.00   0.00    0.00     0.00    0.00      0.00     0.00   0.00    0.00     0.00    0.00    0.00    0.00   0.27
loop26           0.05      0.32     0.00   0.00   65.31     6.73    0.00      0.00     0.00   0.00    0.00     0.00    0.00      0.00     0.00   0.00    0.00     0.00    0.00    0.00    0.00   0.31
loop27           0.02      0.05     0.00   0.00   68.86     2.81    0.00      0.00     0.00   0.00    0.00     0.00    0.00      0.00     0.00   0.00    0.00     0.00    0.00    0.00    0.00   0.13
loop28           0.04      0.45     0.00   0.00   33.23    11.91    0.00      0.00     0.00   0.00    0.00     0.00    0.00      0.00     0.00   0.00    0.00     0.00    0.00    0.00    0.00   0.12
loop29           0.05      0.93     0.00   0.00   63.49    19.55    0.00      0.00     0.00   0.00    0.00     0.00    0.00      0.00     0.00   0.00    0.00     0.00    0.00    0.00    0.00   0.20
loop3            0.04      0.30     0.00   0.00   41.95     8.07    0.00      0.00     0.00   0.00    0.00     0.00    0.00      0.00     0.00   0.00    0.00     0.00    0.00    0.00    0.00   0.16
loop30           0.05      1.00     0.00   0.00   70.00    18.17    0.00      0.00     0.00   0.00    0.00     0.00    0.00      0.00     0.00   0.00    0.00     0.00    0.00    0.00    0.00   0.31
loop31           0.01      0.01     0.00   0.00    0.00     1.27    0.00      0.00     0.00   0.00    0.00     0.00    0.00      0.00     0.00   0.00    0.00     0.00    0.00    0.00    0.00   0.00
loop4            0.04      0.31     0.00   0.00   64.83     7.48    0.00      0.00     0.00   0.00    0.00     0.00    0.00      0.00     0.00   0.00    0.00     0.00    0.00    0.00    0.00   0.27
loop5            0.04      0.30     0.00   0.00   30.07     7.76    0.00      0.00     0.00   0.00    0.00     0.00    0.00      0.00     0.00   0.00    0.00     0.00    0.00    0.00    0.00   0.12
loop6            0.04      0.31     0.00   0.00  126.90     7.22    0.00      0.00     0.00   0.00    0.00     0.00    0.00      0.00     0.00   0.00    0.00     0.00    0.00    0.00    0.01   0.55
loop7            0.05      0.94     0.00   0.00  129.69    19.71    0.00      0.00     0.00   0.00    0.00     0.00    0.00      0.00     0.00   0.00    0.00     0.00    0.00    0.00    0.01   0.55
loop8            0.28      1.46     0.00   0.00   17.62     5.26    0.00      0.00     0.00   0.00    0.00     0.00    0.00      0.00     0.00   0.00    0.00     0.00    0.00    0.00    0.00   0.46
loop9            0.05      0.93     0.00   0.00   95.67    18.47    0.00      0.00     0.00   0.00    0.00     0.00    0.00      0.00     0.00   0.00    0.00     0.00    0.00    0.00    0.00   0.31
sda             70.79   3452.40    34.05  32.47   76.22    48.77   13.85    410.73    13.32  49.02   28.79    29.66    0.00      0.00     0.00   0.00    0.00     0.00    2.09   60.24    5.92  45.69
sdb              0.98     55.29     0.00   0.09    4.55    56.47    0.00      0.00     0.00   0.00    0.00     0.00    0.00      0.00     0.00   0.00    0.00     0.00    0.00    0.00    0.00   0.29
sdc              0.95     55.11     0.00   0.09    3.86    57.93    0.00      0.00     0.00   0.00    0.00     0.00    0.00      0.00     0.00   0.00    0.00     0.00    0.00    0.00    0.00   0.21



==============================================================
2026-09-25 12:52:48 +0530 CHECK=12
==============================================================

VMSTAT:
procs -----------memory---------- ---swap-- -----io---- -system-- -------cpu-------
 r  b   swpd   free   buff  cache   si   so    bi    bo   in   cs us sy id wa st gu
 0  0      0 7587328 255012 4241484    0    0  3455   391 1960    7 10  3 52 35  0  0
 0  0      0 7589296 255020 4241476    0    0     0    32  830 1580  3  1 96  1  0  0

DISK STATISTICS:
   7       0 loop0 43 0 696 5917 0 0 0 0 0 5917 5917 0 0 0 0 0 0
   7       1 loop1 14 0 34 45 0 0 0 0 0 45 45 0 0 0 0 0 0
   7       2 loop2 175 0 12798 9020 0 0 0 0 0 9024 9020 0 0 0 0 0 0
   7       3 loop3 43 0 694 1804 0 0 0 0 0 1801 1804 0 0 0 0 0 0
   7       4 loop4 48 0 718 3112 0 0 0 0 0 3115 3112 0 0 0 0 0 0
   7       5 loop5 45 0 698 1353 0 0 0 0 0 1351 1353 0 0 0 0 0 0
   7       6 loop6 50 0 722 6345 0 0 0 0 0 6346 6345 0 0 0 0 0 0
   7       7 loop7 55 0 2168 7133 0 0 0 0 0 6325 7133 0 0 0 0 0 0
   8       0 sda 81405 39148 7939627 6204374 16210 15545 948530 459545 0 526208 6809594 0 0 0 0 2476 145674
   8       1 sda1 116 0 8352 2391 0 0 0 0 0 2021 2391 0 0 0 0 0 0
   8       2 sda2 289 522 12487 9772 2 0 2 117 0 9110 9890 0 0 0 0 0 0
   8       3 sda3 92 0 2336 1364 0 0 0 0 0 1223 1364 0 0 0 0 0 0
   8       4 sda4 116 0 8352 5575 0 0 0 0 0 4031 5575 0 0 0 0 0 0
   8       5 sda5 116 0 8352 7289 0 0 0 0 0 5105 7289 0 0 0 0 0 0
   8       6 sda6 215 2 33472 11240 0 0 0 0 0 9173 11240 0 0 0 0 0 0
   8       7 sda7 963 1088 87762 116367 144 149 3464 7361 0 92802 123728 0 0 0 0 0 0
   8       8 sda8 79399 37536 7774026 6038858 16064 15396 945064 452066 0 583940 6490925 0 0 0 0 0 0
  11       0 sr0 0 0 0 0 0 0 0 0 0 0 0 0 0 0 0 0 0
   8      16 sdb 1126 1 127160 5126 0 0 0 0 0 3390 5126 0 0 0 0 0 0
   8      17 sdb1 1059 1 124912 4097 0 0 0 0 0 2397 4097 0 0 0 0 0 0
   8      32 sdc 1094 1 126744 4222 0 0 0 0 0 2447 4222 0 0 0 0 0 0
   8      33 sdc1 1027 1 124496 3640 0 0 0 0 0 1960 3640 0 0 0 0 0 0
   7       8 loop8 319 0 3354 5622 0 0 0 0 0 5255 5622 0 0 0 0 0 0
   7       9 loop9 58 0 2142 5549 0 0 0 0 0 3583 5549 0 0 0 0 0 0
   7      10 loop10 369 0 9232 13997 0 0 0 0 0 12854 13997 0 0 0 0 0 0
   7      11 loop11 43 0 696 1497 0 0 0 0 0 1498 1497 0 0 0 0 0 0
   7      12 loop12 47 0 766 3886 0 0 0 0 0 3886 3886 0 0 0 0 0 0
   7      13 loop13 61 0 2182 5246 0 0 0 0 0 4324 5246 0 0 0 0 0 0
   7      14 loop14 59 0 2216 7214 0 0 0 0 0 6373 7214 0 0 0 0 0 0
   7      15 loop15 54 0 2144 9546 0 0 0 0 0 5725 9546 0 0 0 0 0 0
   7      16 loop16 1361 0 48356 43438 0 0 0 0 0 33809 43438 0 0 0 0 0 0
   7      17 loop17 1762 0 10640 8372 0 0 0 0 0 5126 8372 0 0 0 0 0 0
   7      18 loop18 54 0 2160 5319 0 0 0 0 0 3292 5319 0 0 0 0 0 0
   7      19 loop19 63 0 2272 7044 0 0 0 0 0 3398 7044 0 0 0 0 0 0
   7      20 loop20 60 0 2178 9748 0 0 0 0 0 4783 9748 0 0 0 0 0 0
   7      21 loop21 52 0 2170 6385 0 0 0 0 0 5890 6385 0 0 0 0 0 0
   7      22 loop22 783 0 67738 19561 0 0 0 0 0 19461 19561 0 0 0 0 0 0
   7      23 loop23 43 0 694 3404 0 0 0 0 0 3407 3404 0 0 0 0 0 0
   7      24 loop24 48 0 764 1692 0 0 0 0 0 1692 1692 0 0 0 0 0 0
   7      25 loop25 45 0 700 3145 0 0 0 0 0 3145 3145 0 0 0 0 0 0
   7      26 loop26 55 0 740 3592 0 0 0 0 0 3593 3592 0 0 0 0 0 0
   7      27 loop27 21 0 118 1446 0 0 0 0 0 1446 1446 0 0 0 0 0 0
   7      28 loop28 43 0 1024 1429 0 0 0 0 0 1430 1429 0 0 0 0 0 0
   7      29 loop29 55 0 2150 3492 0 0 0 0 0 2305 3492 0 0 0 0 0 0
   7      30 loop30 63 0 2290 4410 0 0 0 0 0 3511 4410 0 0 0 0 0 0
   7      31 loop31 11 0 28 0 0 0 0 0 0 0 0 0 0 0 0 0 0

MOUNTED FILESYSTEMS:
Filesystem     Type      Size  Used Avail Use% Mounted on
tmpfs          tmpfs     1.6G  3.9M  1.6G   1% /run
/dev/sda8      ext4      151G   70G   73G  49% /
tmpfs          tmpfs     7.8G     0  7.8G   0% /dev/shm
tmpfs          tmpfs     5.0M   12K  5.0M   1% /run/lock
efivarfs       efivarfs   84K   71K  8.4K  90% /sys/firmware/efi/efivars
/dev/sda7      ext4      242G  148G   82G  65% /data
/dev/sda6      fuseblk   401G  244G  158G  61% /media/eclipse
/dev/sda2      vfat      256M  130M  127M  51% /boot/efi
tmpfs          tmpfs     1.6G  148K  1.6G   1% /run/user/1000
/dev/sdb1      fuseblk   1.9T  1.5T  352G  82% /media/Elements
/dev/sdc1      fuseblk   1.9T  1.6T  253G  87% /media/My Passport

BLOCK DEVICES:
NAME   MODEL                SERIAL            SIZE TYPE FSTYPE   MOUNTPOINTS
loop0                                        13.5M loop squashfs /snap/canonical-livepatch/406
loop1                                           4K loop squashfs /snap/bare/5
loop2                                        13.1M loop squashfs /snap/canonical-livepatch/414
loop3                                        55.5M loop squashfs /snap/core18/2999
loop4                                        55.5M loop squashfs /snap/core18/3084
loop5                                        63.8M loop squashfs /snap/core20/2866
loop6                                        63.8M loop squashfs /snap/core20/2922
loop7                                          74M loop squashfs /snap/core22/2437
loop8                                          74M loop squashfs /snap/core22/2955
loop9                                        66.8M loop squashfs /snap/core24/1643
loop10                                       66.8M loop squashfs /snap/core24/2124
loop11                                       16.5M loop squashfs /snap/firmware-updater/226
loop12                                       12.7M loop squashfs /snap/firmware-updater/258
loop13                                      164.8M loop squashfs /snap/gnome-3-28-1804/198
loop14                                      531.5M loop squashfs /snap/gnome-42-2204/263
loop15                                      606.1M loop squashfs /snap/gnome-46-2404/153
loop16                                      614.5M loop squashfs /snap/gnome-46-2404/164
loop17                                       91.7M loop squashfs /snap/gtk-common-themes/1535
loop18                                      531.4M loop squashfs /snap/gnome-42-2204/247
loop19                                      437.3M loop squashfs /snap/kde-frameworks-5-99-qt-5-15-7-core20/7
loop20                                        1.6G loop squashfs /snap/kf6-core24/64
loop21                                        402M loop squashfs /snap/mesa-2404/1781
loop22                                        402M loop squashfs /snap/mesa-2404/1839
loop23                                       11.8M loop squashfs /snap/snap-store/1390
loop24                                       11.8M loop squashfs /snap/snap-store/1419
loop25                                       50.1M loop squashfs /snap/snapd/27710
loop26                                       50.3M loop squashfs /snap/snapd/27738
loop27                                        828K loop squashfs /snap/snapd-desktop-integration/387
loop28                                        828K loop squashfs /snap/snapd-desktop-integration/391
loop29                                      321.1M loop squashfs /snap/vlc/3777
loop30                                      264.8M loop squashfs /snap/vlc/4472
sda    HGST HTS541010A9E680 JA10021F2V07LN  931.5G disk          
├─sda1                                        650M part ntfs     
├─sda2                                        260M part vfat     /boot/efi
├─sda3                                         16M part          
├─sda4                                      129.2G part ntfs     
├─sda5                                        668M part ntfs     
├─sda6                                      400.4G part ntfs     /media/eclipse
├─sda7                                      246.5G part ext4     /data
└─sda8                                      153.9G part ext4     /
sdb    WDC WD20NMVW-11EDZS6 WD-WXQ1AC51RZLR   1.8T disk          
└─sdb1                                        1.8T part ntfs     /media/Elements
sdc    WDC WD20JDRW-11C7VS0 WD-WX72A168PXZX   1.8T disk          
└─sdc1                                        1.8T part ntfs     /media/My Passport
sr0    hp DVDRAM GU90N      KL3Z8264215      1024M rom           

PROCESS I/O:
Linux 6.8.0-139-generic (dkvlko-HP-ENVY-15-Notebook-PC) 	25/09/26 	_x86_64_	(4 CPU)

12:52:51 PM IST   UID       PID   kB_rd/s   kB_wr/s kB_ccwr/s iodelay  Command

Average:      UID       PID   kB_rd/s   kB_wr/s kB_ccwr/s iodelay  Command

IOSTAT:
Linux 6.8.0-139-generic (dkvlko-HP-ENVY-15-Notebook-PC) 	25/09/26 	_x86_64_	(4 CPU)

avg-cpu:  %user   %nice %system %iowait  %steal   %idle
           8.90    1.00    3.28   34.63    0.00   52.18

Device            r/s     rkB/s   rrqm/s  %rrqm r_await rareq-sz     w/s     wkB/s   wrqm/s  %wrqm w_await wareq-sz     d/s     dkB/s   drqm/s  %drqm d_await dareq-sz     f/s f_await  aqu-sz  %util
loop0            0.04      0.29     0.00   0.00  137.60     8.09    0.00      0.00     0.00   0.00    0.00     0.00    0.00      0.00     0.00   0.00    0.00     0.00    0.00    0.00    0.00   0.49
loop1            0.01      0.01     0.00   0.00    3.21     1.21    0.00      0.00     0.00   0.00    0.00     0.00    0.00      0.00     0.00   0.00    0.00     0.00    0.00    0.00    0.00   0.00
loop10           0.30      3.80     0.00   0.00   37.93    12.51    0.00      0.00     0.00   0.00    0.00     0.00    0.00      0.00     0.00   0.00    0.00     0.00    0.00    0.00    0.01   1.06
loop11           0.04      0.29     0.00   0.00   34.81     8.09    0.00      0.00     0.00   0.00    0.00     0.00    0.00      0.00     0.00   0.00    0.00     0.00    0.00    0.00    0.00   0.12
loop12           0.04      0.32     0.00   0.00   82.68     8.15    0.00      0.00     0.00   0.00    0.00     0.00    0.00      0.00     0.00   0.00    0.00     0.00    0.00    0.00    0.00   0.32
loop13           0.05      0.90     0.00   0.00   86.00    17.89    0.00      0.00     0.00   0.00    0.00     0.00    0.00      0.00     0.00   0.00    0.00     0.00    0.00    0.00    0.00   0.36
loop14           0.05      0.91     0.00   0.00  122.27    18.78    0.00      0.00     0.00   0.00    0.00     0.00    0.00      0.00     0.00   0.00    0.00     0.00    0.00    0.00    0.01   0.52
loop15           0.04      0.88     0.00   0.00  176.78    19.85    0.00      0.00     0.00   0.00    0.00     0.00    0.00      0.00     0.00   0.00    0.00     0.00    0.00    0.00    0.01   0.47
loop16           1.12     19.91     0.00   0.00   31.92    17.76    0.00      0.00     0.00   0.00    0.00     0.00    0.00      0.00     0.00   0.00    0.00     0.00    0.00    0.00    0.04   2.78
loop17           1.45      4.38     0.00   0.00    4.75     3.02    0.00      0.00     0.00   0.00    0.00     0.00    0.00      0.00     0.00   0.00    0.00     0.00    0.00    0.00    0.01   0.42
loop18           0.04      0.89     0.00   0.00   98.50    20.00    0.00      0.00     0.00   0.00    0.00     0.00    0.00      0.00     0.00   0.00    0.00     0.00    0.00    0.00    0.00   0.27
loop19           0.05      0.94     0.00   0.00  111.81    18.03    0.00      0.00     0.00   0.00    0.00     0.00    0.00      0.00     0.00   0.00    0.00     0.00    0.00    0.00    0.01   0.28
loop2            0.14      5.27     0.00   0.00   51.54    36.57    0.00      0.00     0.00   0.00    0.00     0.00    0.00      0.00     0.00   0.00    0.00     0.00    0.00    0.00    0.01   0.74
loop20           0.05      0.90     0.00   0.00  162.47    18.15    0.00      0.00     0.00   0.00    0.00     0.00    0.00      0.00     0.00   0.00    0.00     0.00    0.00    0.00    0.01   0.39
loop21           0.04      0.89     0.00   0.00  122.79    20.87    0.00      0.00     0.00   0.00    0.00     0.00    0.00      0.00     0.00   0.00    0.00     0.00    0.00    0.00    0.01   0.49
loop22           0.64     27.89     0.00   0.00   24.98    43.26    0.00      0.00     0.00   0.00    0.00     0.00    0.00      0.00     0.00   0.00    0.00     0.00    0.00    0.00    0.02   1.60
loop23           0.04      0.29     0.00   0.00   79.16     8.07    0.00      0.00     0.00   0.00    0.00     0.00    0.00      0.00     0.00   0.00    0.00     0.00    0.00    0.00    0.00   0.28
loop24           0.04      0.31     0.00   0.00   35.25     7.96    0.00      0.00     0.00   0.00    0.00     0.00    0.00      0.00     0.00   0.00    0.00     0.00    0.00    0.00    0.00   0.14
loop25           0.04      0.29     0.00   0.00   69.89     7.78    0.00      0.00     0.00   0.00    0.00     0.00    0.00      0.00     0.00   0.00    0.00     0.00    0.00    0.00    0.00   0.26
loop26           0.05      0.30     0.00   0.00   65.31     6.73    0.00      0.00     0.00   0.00    0.00     0.00    0.00      0.00     0.00   0.00    0.00     0.00    0.00    0.00    0.00   0.30
loop27           0.02      0.05     0.00   0.00   68.86     2.81    0.00      0.00     0.00   0.00    0.00     0.00    0.00      0.00     0.00   0.00    0.00     0.00    0.00    0.00    0.00   0.12
loop28           0.04      0.42     0.00   0.00   33.23    11.91    0.00      0.00     0.00   0.00    0.00     0.00    0.00      0.00     0.00   0.00    0.00     0.00    0.00    0.00    0.00   0.12
loop29           0.05      0.89     0.00   0.00   63.49    19.55    0.00      0.00     0.00   0.00    0.00     0.00    0.00      0.00     0.00   0.00    0.00     0.00    0.00    0.00    0.00   0.19
loop3            0.04      0.29     0.00   0.00   41.95     8.07    0.00      0.00     0.00   0.00    0.00     0.00    0.00      0.00     0.00   0.00    0.00     0.00    0.00    0.00    0.00   0.15
loop30           0.05      0.94     0.00   0.00   70.00    18.17    0.00      0.00     0.00   0.00    0.00     0.00    0.00      0.00     0.00   0.00    0.00     0.00    0.00    0.00    0.00   0.29
loop31           0.01      0.01     0.00   0.00    0.00     1.27    0.00      0.00     0.00   0.00    0.00     0.00    0.00      0.00     0.00   0.00    0.00     0.00    0.00    0.00    0.00   0.00
loop4            0.04      0.30     0.00   0.00   64.83     7.48    0.00      0.00     0.00   0.00    0.00     0.00    0.00      0.00     0.00   0.00    0.00     0.00    0.00    0.00    0.00   0.26
loop5            0.04      0.29     0.00   0.00   30.07     7.76    0.00      0.00     0.00   0.00    0.00     0.00    0.00      0.00     0.00   0.00    0.00     0.00    0.00    0.00    0.00   0.11
loop6            0.04      0.30     0.00   0.00  126.90     7.22    0.00      0.00     0.00   0.00    0.00     0.00    0.00      0.00     0.00   0.00    0.00     0.00    0.00    0.00    0.01   0.52
loop7            0.05      0.89     0.00   0.00  129.69    19.71    0.00      0.00     0.00   0.00    0.00     0.00    0.00      0.00     0.00   0.00    0.00     0.00    0.00    0.00    0.01   0.52
loop8            0.26      1.38     0.00   0.00   17.62     5.26    0.00      0.00     0.00   0.00    0.00     0.00    0.00      0.00     0.00   0.00    0.00     0.00    0.00    0.00    0.00   0.43
loop9            0.05      0.88     0.00   0.00   95.67    18.47    0.00      0.00     0.00   0.00    0.00     0.00    0.00      0.00     0.00   0.00    0.00     0.00    0.00    0.00    0.00   0.30
sda             67.04   3269.14    32.24  32.47   76.22    48.77   13.35    390.56    12.80  48.95   28.35    29.26    0.00      0.00     0.00   0.00    0.00     0.00    2.04   58.83    5.61  43.33
sdb              0.93     52.36     0.00   0.09    4.55    56.47    0.00      0.00     0.00   0.00    0.00     0.00    0.00      0.00     0.00   0.00    0.00     0.00    0.00    0.00    0.00   0.28
sdc              0.90     52.19     0.00   0.09    3.86    57.93    0.00      0.00     0.00   0.00    0.00     0.00    0.00      0.00     0.00   0.00    0.00     0.00    0.00    0.00    0.00   0.20



==============================================================
2026-09-25 12:53:53 +0530 CHECK=13
==============================================================

VMSTAT:
procs -----------memory---------- ---swap-- -----io---- -system-- -------cpu-------
 r  b   swpd   free   buff  cache   si   so    bi    bo   in   cs us sy id wa st gu
 0  0      0 7558060 255112 4241540    0    0  3281   373 1913    7 10  3 54 33  0  0
 0  0      0 7564096 255112 4241540    0    0     0     0 1136 1805  4  2 94  0  0  0

DISK STATISTICS:
   7       0 loop0 43 0 696 5917 0 0 0 0 0 5917 5917 0 0 0 0 0 0
   7       1 loop1 14 0 34 45 0 0 0 0 0 45 45 0 0 0 0 0 0
   7       2 loop2 175 0 12798 9020 0 0 0 0 0 9024 9020 0 0 0 0 0 0
   7       3 loop3 43 0 694 1804 0 0 0 0 0 1801 1804 0 0 0 0 0 0
   7       4 loop4 48 0 718 3112 0 0 0 0 0 3115 3112 0 0 0 0 0 0
   7       5 loop5 45 0 698 1353 0 0 0 0 0 1351 1353 0 0 0 0 0 0
   7       6 loop6 50 0 722 6345 0 0 0 0 0 6346 6345 0 0 0 0 0 0
   7       7 loop7 55 0 2168 7133 0 0 0 0 0 6325 7133 0 0 0 0 0 0
   8       0 sda 81405 39148 7939627 6204374 16558 15893 953938 461774 0 527337 6812818 0 0 0 0 2554 146668
   8       1 sda1 116 0 8352 2391 0 0 0 0 0 2021 2391 0 0 0 0 0 0
   8       2 sda2 289 522 12487 9772 2 0 2 117 0 9110 9890 0 0 0 0 0 0
   8       3 sda3 92 0 2336 1364 0 0 0 0 0 1223 1364 0 0 0 0 0 0
   8       4 sda4 116 0 8352 5575 0 0 0 0 0 4031 5575 0 0 0 0 0 0
   8       5 sda5 116 0 8352 7289 0 0 0 0 0 5105 7289 0 0 0 0 0 0
   8       6 sda6 215 2 33472 11240 0 0 0 0 0 9173 11240 0 0 0 0 0 0
   8       7 sda7 963 1088 87762 116367 144 149 3464 7361 0 92802 123728 0 0 0 0 0 0
   8       8 sda8 79399 37536 7774026 6038858 16412 15744 950472 454295 0 585076 6493154 0 0 0 0 0 0
  11       0 sr0 0 0 0 0 0 0 0 0 0 0 0 0 0 0 0 0 0
   8      16 sdb 1126 1 127160 5126 0 0 0 0 0 3390 5126 0 0 0 0 0 0
   8      17 sdb1 1059 1 124912 4097 0 0 0 0 0 2397 4097 0 0 0 0 0 0
   8      32 sdc 1094 1 126744 4222 0 0 0 0 0 2447 4222 0 0 0 0 0 0
   8      33 sdc1 1027 1 124496 3640 0 0 0 0 0 1960 3640 0 0 0 0 0 0
   7       8 loop8 319 0 3354 5622 0 0 0 0 0 5255 5622 0 0 0 0 0 0
   7       9 loop9 58 0 2142 5549 0 0 0 0 0 3583 5549 0 0 0 0 0 0
   7      10 loop10 369 0 9232 13997 0 0 0 0 0 12854 13997 0 0 0 0 0 0
   7      11 loop11 43 0 696 1497 0 0 0 0 0 1498 1497 0 0 0 0 0 0
   7      12 loop12 47 0 766 3886 0 0 0 0 0 3886 3886 0 0 0 0 0 0
   7      13 loop13 61 0 2182 5246 0 0 0 0 0 4324 5246 0 0 0 0 0 0
   7      14 loop14 59 0 2216 7214 0 0 0 0 0 6373 7214 0 0 0 0 0 0
   7      15 loop15 54 0 2144 9546 0 0 0 0 0 5725 9546 0 0 0 0 0 0
   7      16 loop16 1361 0 48356 43438 0 0 0 0 0 33809 43438 0 0 0 0 0 0
   7      17 loop17 1762 0 10640 8372 0 0 0 0 0 5126 8372 0 0 0 0 0 0
   7      18 loop18 54 0 2160 5319 0 0 0 0 0 3292 5319 0 0 0 0 0 0
   7      19 loop19 63 0 2272 7044 0 0 0 0 0 3398 7044 0 0 0 0 0 0
   7      20 loop20 60 0 2178 9748 0 0 0 0 0 4783 9748 0 0 0 0 0 0
   7      21 loop21 52 0 2170 6385 0 0 0 0 0 5890 6385 0 0 0 0 0 0
   7      22 loop22 783 0 67738 19561 0 0 0 0 0 19461 19561 0 0 0 0 0 0
   7      23 loop23 43 0 694 3404 0 0 0 0 0 3407 3404 0 0 0 0 0 0
   7      24 loop24 48 0 764 1692 0 0 0 0 0 1692 1692 0 0 0 0 0 0
   7      25 loop25 45 0 700 3145 0 0 0 0 0 3145 3145 0 0 0 0 0 0
   7      26 loop26 55 0 740 3592 0 0 0 0 0 3593 3592 0 0 0 0 0 0
   7      27 loop27 21 0 118 1446 0 0 0 0 0 1446 1446 0 0 0 0 0 0
   7      28 loop28 43 0 1024 1429 0 0 0 0 0 1430 1429 0 0 0 0 0 0
   7      29 loop29 55 0 2150 3492 0 0 0 0 0 2305 3492 0 0 0 0 0 0
   7      30 loop30 63 0 2290 4410 0 0 0 0 0 3511 4410 0 0 0 0 0 0
   7      31 loop31 11 0 28 0 0 0 0 0 0 0 0 0 0 0 0 0 0

MOUNTED FILESYSTEMS:
Filesystem     Type      Size  Used Avail Use% Mounted on
tmpfs          tmpfs     1.6G  3.9M  1.6G   1% /run
/dev/sda8      ext4      151G   70G   73G  49% /
tmpfs          tmpfs     7.8G     0  7.8G   0% /dev/shm
tmpfs          tmpfs     5.0M   12K  5.0M   1% /run/lock
efivarfs       efivarfs   84K   71K  8.4K  90% /sys/firmware/efi/efivars
/dev/sda7      ext4      242G  148G   82G  65% /data
/dev/sda6      fuseblk   401G  244G  158G  61% /media/eclipse
/dev/sda2      vfat      256M  130M  127M  51% /boot/efi
tmpfs          tmpfs     1.6G  148K  1.6G   1% /run/user/1000
/dev/sdb1      fuseblk   1.9T  1.5T  352G  82% /media/Elements
/dev/sdc1      fuseblk   1.9T  1.6T  253G  87% /media/My Passport

BLOCK DEVICES:
NAME   MODEL                SERIAL            SIZE TYPE FSTYPE   MOUNTPOINTS
loop0                                        13.5M loop squashfs /snap/canonical-livepatch/406
loop1                                           4K loop squashfs /snap/bare/5
loop2                                        13.1M loop squashfs /snap/canonical-livepatch/414
loop3                                        55.5M loop squashfs /snap/core18/2999
loop4                                        55.5M loop squashfs /snap/core18/3084
loop5                                        63.8M loop squashfs /snap/core20/2866
loop6                                        63.8M loop squashfs /snap/core20/2922
loop7                                          74M loop squashfs /snap/core22/2437
loop8                                          74M loop squashfs /snap/core22/2955
loop9                                        66.8M loop squashfs /snap/core24/1643
loop10                                       66.8M loop squashfs /snap/core24/2124
loop11                                       16.5M loop squashfs /snap/firmware-updater/226
loop12                                       12.7M loop squashfs /snap/firmware-updater/258
loop13                                      164.8M loop squashfs /snap/gnome-3-28-1804/198
loop14                                      531.5M loop squashfs /snap/gnome-42-2204/263
loop15                                      606.1M loop squashfs /snap/gnome-46-2404/153
loop16                                      614.5M loop squashfs /snap/gnome-46-2404/164
loop17                                       91.7M loop squashfs /snap/gtk-common-themes/1535
loop18                                      531.4M loop squashfs /snap/gnome-42-2204/247
loop19                                      437.3M loop squashfs /snap/kde-frameworks-5-99-qt-5-15-7-core20/7
loop20                                        1.6G loop squashfs /snap/kf6-core24/64
loop21                                        402M loop squashfs /snap/mesa-2404/1781
loop22                                        402M loop squashfs /snap/mesa-2404/1839
loop23                                       11.8M loop squashfs /snap/snap-store/1390
loop24                                       11.8M loop squashfs /snap/snap-store/1419
loop25                                       50.1M loop squashfs /snap/snapd/27710
loop26                                       50.3M loop squashfs /snap/snapd/27738
loop27                                        828K loop squashfs /snap/snapd-desktop-integration/387
loop28                                        828K loop squashfs /snap/snapd-desktop-integration/391
loop29                                      321.1M loop squashfs /snap/vlc/3777
loop30                                      264.8M loop squashfs /snap/vlc/4472
sda    HGST HTS541010A9E680 JA10021F2V07LN  931.5G disk          
├─sda1                                        650M part ntfs     
├─sda2                                        260M part vfat     /boot/efi
├─sda3                                         16M part          
├─sda4                                      129.2G part ntfs     
├─sda5                                        668M part ntfs     
├─sda6                                      400.4G part ntfs     /media/eclipse
├─sda7                                      246.5G part ext4     /data
└─sda8                                      153.9G part ext4     /
sdb    WDC WD20NMVW-11EDZS6 WD-WXQ1AC51RZLR   1.8T disk          
└─sdb1                                        1.8T part ntfs     /media/Elements
sdc    WDC WD20JDRW-11C7VS0 WD-WX72A168PXZX   1.8T disk          
└─sdc1                                        1.8T part ntfs     /media/My Passport
sr0    hp DVDRAM GU90N      KL3Z8264215      1024M rom           

PROCESS I/O:
Linux 6.8.0-139-generic (dkvlko-HP-ENVY-15-Notebook-PC) 	25/09/26 	_x86_64_	(4 CPU)

12:53:55 PM IST   UID       PID   kB_rd/s   kB_wr/s kB_ccwr/s iodelay  Command

Average:      UID       PID   kB_rd/s   kB_wr/s kB_ccwr/s iodelay  Command

IOSTAT:
Linux 6.8.0-139-generic (dkvlko-HP-ENVY-15-Notebook-PC) 	25/09/26 	_x86_64_	(4 CPU)

avg-cpu:  %user   %nice %system %iowait  %steal   %idle
           8.62    0.96    3.24   32.91    0.00   54.28

Device            r/s     rkB/s   rrqm/s  %rrqm r_await rareq-sz     w/s     wkB/s   wrqm/s  %wrqm w_await wareq-sz     d/s     dkB/s   drqm/s  %drqm d_await dareq-sz     f/s f_await  aqu-sz  %util
loop0            0.03      0.27     0.00   0.00  137.60     8.09    0.00      0.00     0.00   0.00    0.00     0.00    0.00      0.00     0.00   0.00    0.00     0.00    0.00    0.00    0.00   0.46
loop1            0.01      0.01     0.00   0.00    3.21     1.21    0.00      0.00     0.00   0.00    0.00     0.00    0.00      0.00     0.00   0.00    0.00     0.00    0.00    0.00    0.00   0.00
loop10           0.29      3.61     0.00   0.00   37.93    12.51    0.00      0.00     0.00   0.00    0.00     0.00    0.00      0.00     0.00   0.00    0.00     0.00    0.00    0.00    0.01   1.01
loop11           0.03      0.27     0.00   0.00   34.81     8.09    0.00      0.00     0.00   0.00    0.00     0.00    0.00      0.00     0.00   0.00    0.00     0.00    0.00    0.00    0.00   0.12
loop12           0.04      0.30     0.00   0.00   82.68     8.15    0.00      0.00     0.00   0.00    0.00     0.00    0.00      0.00     0.00   0.00    0.00     0.00    0.00    0.00    0.00   0.30
loop13           0.05      0.85     0.00   0.00   86.00    17.89    0.00      0.00     0.00   0.00    0.00     0.00    0.00      0.00     0.00   0.00    0.00     0.00    0.00    0.00    0.00   0.34
loop14           0.05      0.87     0.00   0.00  122.27    18.78    0.00      0.00     0.00   0.00    0.00     0.00    0.00      0.00     0.00   0.00    0.00     0.00    0.00    0.00    0.01   0.50
loop15           0.04      0.84     0.00   0.00  176.78    19.85    0.00      0.00     0.00   0.00    0.00     0.00    0.00      0.00     0.00   0.00    0.00     0.00    0.00    0.00    0.01   0.45
loop16           1.06     18.91     0.00   0.00   31.92    17.76    0.00      0.00     0.00   0.00    0.00     0.00    0.00      0.00     0.00   0.00    0.00     0.00    0.00    0.00    0.03   2.64
loop17           1.38      4.16     0.00   0.00    4.75     3.02    0.00      0.00     0.00   0.00    0.00     0.00    0.00      0.00     0.00   0.00    0.00     0.00    0.00    0.00    0.01   0.40
loop18           0.04      0.84     0.00   0.00   98.50    20.00    0.00      0.00     0.00   0.00    0.00     0.00    0.00      0.00     0.00   0.00    0.00     0.00    0.00    0.00    0.00   0.26
loop19           0.05      0.89     0.00   0.00  111.81    18.03    0.00      0.00     0.00   0.00    0.00     0.00    0.00      0.00     0.00   0.00    0.00     0.00    0.00    0.00    0.01   0.27
loop2            0.14      5.00     0.00   0.00   51.54    36.57    0.00      0.00     0.00   0.00    0.00     0.00    0.00      0.00     0.00   0.00    0.00     0.00    0.00    0.00    0.01   0.71
loop20           0.05      0.85     0.00   0.00  162.47    18.15    0.00      0.00     0.00   0.00    0.00     0.00    0.00      0.00     0.00   0.00    0.00     0.00    0.00    0.00    0.01   0.37
loop21           0.04      0.85     0.00   0.00  122.79    20.87    0.00      0.00     0.00   0.00    0.00     0.00    0.00      0.00     0.00   0.00    0.00     0.00    0.00    0.00    0.00   0.46
loop22           0.61     26.48     0.00   0.00   24.98    43.26    0.00      0.00     0.00   0.00    0.00     0.00    0.00      0.00     0.00   0.00    0.00     0.00    0.00    0.00    0.02   1.52
loop23           0.03      0.27     0.00   0.00   79.16     8.07    0.00      0.00     0.00   0.00    0.00     0.00    0.00      0.00     0.00   0.00    0.00     0.00    0.00    0.00    0.00   0.27
loop24           0.04      0.30     0.00   0.00   35.25     7.96    0.00      0.00     0.00   0.00    0.00     0.00    0.00      0.00     0.00   0.00    0.00     0.00    0.00    0.00    0.00   0.13
loop25           0.04      0.27     0.00   0.00   69.89     7.78    0.00      0.00     0.00   0.00    0.00     0.00    0.00      0.00     0.00   0.00    0.00     0.00    0.00    0.00    0.00   0.25
loop26           0.04      0.29     0.00   0.00   65.31     6.73    0.00      0.00     0.00   0.00    0.00     0.00    0.00      0.00     0.00   0.00    0.00     0.00    0.00    0.00    0.00   0.28
loop27           0.02      0.05     0.00   0.00   68.86     2.81    0.00      0.00     0.00   0.00    0.00     0.00    0.00      0.00     0.00   0.00    0.00     0.00    0.00    0.00    0.00   0.11
loop28           0.03      0.40     0.00   0.00   33.23    11.91    0.00      0.00     0.00   0.00    0.00     0.00    0.00      0.00     0.00   0.00    0.00     0.00    0.00    0.00    0.00   0.11
loop29           0.04      0.84     0.00   0.00   63.49    19.55    0.00      0.00     0.00   0.00    0.00     0.00    0.00      0.00     0.00   0.00    0.00     0.00    0.00    0.00    0.00   0.18
loop3            0.03      0.27     0.00   0.00   41.95     8.07    0.00      0.00     0.00   0.00    0.00     0.00    0.00      0.00     0.00   0.00    0.00     0.00    0.00    0.00    0.00   0.14
loop30           0.05      0.90     0.00   0.00   70.00    18.17    0.00      0.00     0.00   0.00    0.00     0.00    0.00      0.00     0.00   0.00    0.00     0.00    0.00    0.00    0.00   0.27
loop31           0.01      0.01     0.00   0.00    0.00     1.27    0.00      0.00     0.00   0.00    0.00     0.00    0.00      0.00     0.00   0.00    0.00     0.00    0.00    0.00    0.00   0.00
loop4            0.04      0.28     0.00   0.00   64.83     7.48    0.00      0.00     0.00   0.00    0.00     0.00    0.00      0.00     0.00   0.00    0.00     0.00    0.00    0.00    0.00   0.24
loop5            0.04      0.27     0.00   0.00   30.07     7.76    0.00      0.00     0.00   0.00    0.00     0.00    0.00      0.00     0.00   0.00    0.00     0.00    0.00    0.00    0.00   0.11
loop6            0.04      0.28     0.00   0.00  126.90     7.22    0.00      0.00     0.00   0.00    0.00     0.00    0.00      0.00     0.00   0.00    0.00     0.00    0.00    0.00    0.00   0.50
loop7            0.04      0.85     0.00   0.00  129.69    19.71    0.00      0.00     0.00   0.00    0.00     0.00    0.00      0.00     0.00   0.00    0.00     0.00    0.00    0.00    0.01   0.49
loop8            0.25      1.31     0.00   0.00   17.62     5.26    0.00      0.00     0.00   0.00    0.00     0.00    0.00      0.00     0.00   0.00    0.00     0.00    0.00    0.00    0.00   0.41
loop9            0.05      0.84     0.00   0.00   95.67    18.47    0.00      0.00     0.00   0.00    0.00     0.00    0.00      0.00     0.00   0.00    0.00     0.00    0.00    0.00    0.00   0.28
sda             63.66   3104.33    30.61  32.47   76.22    48.77   12.96    373.10    12.44  48.98   27.86    28.78    0.00      0.00     0.00   0.00    0.00     0.00    2.00   57.43    5.33  41.24
sdb              0.88     49.72     0.00   0.09    4.55    56.47    0.00      0.00     0.00   0.00    0.00     0.00    0.00      0.00     0.00   0.00    0.00     0.00    0.00    0.00    0.00   0.27
sdc              0.86     49.56     0.00   0.09    3.86    57.93    0.00      0.00     0.00   0.00    0.00     0.00    0.00      0.00     0.00   0.00    0.00     0.00    0.00    0.00    0.00   0.19



==============================================================
2026-09-25 12:54:57 +0530 CHECK=14
==============================================================

VMSTAT:
procs -----------memory---------- ---swap-- -----io---- -system-- -------cpu-------
 r  b   swpd   free   buff  cache   si   so    bi    bo   in   cs us sy id wa st gu
 0  2      0 7449688 255360 4310444    0    0  3174   357 1901    7  9  3 56 31  0  0
21  1      0 7432076 255384 4322688    0    0 12088     8 4217 6344 10  6 44 41  0  0

DISK STATISTICS:
   7       0 loop0 43 0 696 5917 0 0 0 0 0 5917 5917 0 0 0 0 0 0
   7       1 loop1 14 0 34 45 0 0 0 0 0 45 45 0 0 0 0 0 0
   7       2 loop2 175 0 12798 9020 0 0 0 0 0 9024 9020 0 0 0 0 0 0
   7       3 loop3 43 0 694 1804 0 0 0 0 0 1801 1804 0 0 0 0 0 0
   7       4 loop4 48 0 718 3112 0 0 0 0 0 3115 3112 0 0 0 0 0 0
   7       5 loop5 45 0 698 1353 0 0 0 0 0 1351 1353 0 0 0 0 0 0
   7       6 loop6 50 0 722 6345 0 0 0 0 0 6346 6345 0 0 0 0 0 0
   7       7 loop7 55 0 2168 7133 0 0 0 0 0 6325 7133 0 0 0 0 0 0
   8       0 sda 82166 39187 8101283 6212110 16892 16228 959162 463632 0 532918 6823334 0 0 0 0 2628 147591
   8       1 sda1 116 0 8352 2391 0 0 0 0 0 2021 2391 0 0 0 0 0 0
   8       2 sda2 289 522 12487 9772 2 0 2 117 0 9110 9890 0 0 0 0 0 0
   8       3 sda3 92 0 2336 1364 0 0 0 0 0 1223 1364 0 0 0 0 0 0
   8       4 sda4 116 0 8352 5575 0 0 0 0 0 4031 5575 0 0 0 0 0 0
   8       5 sda5 116 0 8352 7289 0 0 0 0 0 5105 7289 0 0 0 0 0 0
   8       6 sda6 215 2 33472 11240 0 0 0 0 0 9173 11240 0 0 0 0 0 0
   8       7 sda7 963 1088 87762 116367 144 149 3464 7361 0 92802 123728 0 0 0 0 0 0
   8       8 sda8 80160 37575 7935682 6046594 16746 16079 955696 456153 0 590781 6502747 0 0 0 0 0 0
  11       0 sr0 0 0 0 0 0 0 0 0 0 0 0 0 0 0 0 0 0
   8      16 sdb 1126 1 127160 5126 0 0 0 0 0 3390 5126 0 0 0 0 0 0
   8      17 sdb1 1059 1 124912 4097 0 0 0 0 0 2397 4097 0 0 0 0 0 0
   8      32 sdc 1094 1 126744 4222 0 0 0 0 0 2447 4222 0 0 0 0 0 0
   8      33 sdc1 1027 1 124496 3640 0 0 0 0 0 1960 3640 0 0 0 0 0 0
   7       8 loop8 319 0 3354 5622 0 0 0 0 0 5255 5622 0 0 0 0 0 0
   7       9 loop9 58 0 2142 5549 0 0 0 0 0 3583 5549 0 0 0 0 0 0
   7      10 loop10 369 0 9232 13997 0 0 0 0 0 12854 13997 0 0 0 0 0 0
   7      11 loop11 43 0 696 1497 0 0 0 0 0 1498 1497 0 0 0 0 0 0
   7      12 loop12 47 0 766 3886 0 0 0 0 0 3886 3886 0 0 0 0 0 0
   7      13 loop13 61 0 2182 5246 0 0 0 0 0 4324 5246 0 0 0 0 0 0
   7      14 loop14 59 0 2216 7214 0 0 0 0 0 6373 7214 0 0 0 0 0 0
   7      15 loop15 54 0 2144 9546 0 0 0 0 0 5725 9546 0 0 0 0 0 0
   7      16 loop16 1361 0 48356 43438 0 0 0 0 0 33809 43438 0 0 0 0 0 0
   7      17 loop17 1762 0 10640 8372 0 0 0 0 0 5126 8372 0 0 0 0 0 0
   7      18 loop18 54 0 2160 5319 0 0 0 0 0 3292 5319 0 0 0 0 0 0
   7      19 loop19 63 0 2272 7044 0 0 0 0 0 3398 7044 0 0 0 0 0 0
   7      20 loop20 60 0 2178 9748 0 0 0 0 0 4783 9748 0 0 0 0 0 0
   7      21 loop21 52 0 2170 6385 0 0 0 0 0 5890 6385 0 0 0 0 0 0
   7      22 loop22 783 0 67738 19561 0 0 0 0 0 19461 19561 0 0 0 0 0 0
   7      23 loop23 43 0 694 3404 0 0 0 0 0 3407 3404 0 0 0 0 0 0
   7      24 loop24 48 0 764 1692 0 0 0 0 0 1692 1692 0 0 0 0 0 0
   7      25 loop25 45 0 700 3145 0 0 0 0 0 3145 3145 0 0 0 0 0 0
   7      26 loop26 55 0 740 3592 0 0 0 0 0 3593 3592 0 0 0 0 0 0
   7      27 loop27 21 0 118 1446 0 0 0 0 0 1446 1446 0 0 0 0 0 0
   7      28 loop28 43 0 1024 1429 0 0 0 0 0 1430 1429 0 0 0 0 0 0
   7      29 loop29 55 0 2150 3492 0 0 0 0 0 2305 3492 0 0 0 0 0 0
   7      30 loop30 63 0 2290 4410 0 0 0 0 0 3511 4410 0 0 0 0 0 0
   7      31 loop31 11 0 28 0 0 0 0 0 0 0 0 0 0 0 0 0 0

MOUNTED FILESYSTEMS:
Filesystem     Type      Size  Used Avail Use% Mounted on
tmpfs          tmpfs     1.6G  3.9M  1.6G   1% /run
/dev/sda8      ext4      151G   70G   73G  49% /
tmpfs          tmpfs     7.8G     0  7.8G   0% /dev/shm
tmpfs          tmpfs     5.0M   12K  5.0M   1% /run/lock
efivarfs       efivarfs   84K   71K  8.4K  90% /sys/firmware/efi/efivars
/dev/sda7      ext4      242G  148G   82G  65% /data
/dev/sda6      fuseblk   401G  244G  158G  61% /media/eclipse
/dev/sda2      vfat      256M  130M  127M  51% /boot/efi
tmpfs          tmpfs     1.6G  152K  1.6G   1% /run/user/1000
/dev/sdb1      fuseblk   1.9T  1.5T  352G  82% /media/Elements
/dev/sdc1      fuseblk   1.9T  1.6T  253G  87% /media/My Passport

BLOCK DEVICES:
NAME   MODEL                SERIAL            SIZE TYPE FSTYPE   MOUNTPOINTS
loop0                                        13.5M loop squashfs /snap/canonical-livepatch/406
loop1                                           4K loop squashfs /snap/bare/5
loop2                                        13.1M loop squashfs /snap/canonical-livepatch/414
loop3                                        55.5M loop squashfs /snap/core18/2999
loop4                                        55.5M loop squashfs /snap/core18/3084
loop5                                        63.8M loop squashfs /snap/core20/2866
loop6                                        63.8M loop squashfs /snap/core20/2922
loop7                                          74M loop squashfs /snap/core22/2437
loop8                                          74M loop squashfs /snap/core22/2955
loop9                                        66.8M loop squashfs /snap/core24/1643
loop10                                       66.8M loop squashfs /snap/core24/2124
loop11                                       16.5M loop squashfs /snap/firmware-updater/226
loop12                                       12.7M loop squashfs /snap/firmware-updater/258
loop13                                      164.8M loop squashfs /snap/gnome-3-28-1804/198
loop14                                      531.5M loop squashfs /snap/gnome-42-2204/263
loop15                                      606.1M loop squashfs /snap/gnome-46-2404/153
loop16                                      614.5M loop squashfs /snap/gnome-46-2404/164
loop17                                       91.7M loop squashfs /snap/gtk-common-themes/1535
loop18                                      531.4M loop squashfs /snap/gnome-42-2204/247
loop19                                      437.3M loop squashfs /snap/kde-frameworks-5-99-qt-5-15-7-core20/7
loop20                                        1.6G loop squashfs /snap/kf6-core24/64
loop21                                        402M loop squashfs /snap/mesa-2404/1781
loop22                                        402M loop squashfs /snap/mesa-2404/1839
loop23                                       11.8M loop squashfs /snap/snap-store/1390
loop24                                       11.8M loop squashfs /snap/snap-store/1419
loop25                                       50.1M loop squashfs /snap/snapd/27710
loop26                                       50.3M loop squashfs /snap/snapd/27738
loop27                                        828K loop squashfs /snap/snapd-desktop-integration/387
loop28                                        828K loop squashfs /snap/snapd-desktop-integration/391
loop29                                      321.1M loop squashfs /snap/vlc/3777
loop30                                      264.8M loop squashfs /snap/vlc/4472
sda    HGST HTS541010A9E680 JA10021F2V07LN  931.5G disk          
├─sda1                                        650M part ntfs     
├─sda2                                        260M part vfat     /boot/efi
├─sda3                                         16M part          
├─sda4                                      129.2G part ntfs     
├─sda5                                        668M part ntfs     
├─sda6                                      400.4G part ntfs     /media/eclipse
├─sda7                                      246.5G part ext4     /data
└─sda8                                      153.9G part ext4     /
sdb    WDC WD20NMVW-11EDZS6 WD-WXQ1AC51RZLR   1.8T disk          
└─sdb1                                        1.8T part ntfs     /media/Elements
sdc    WDC WD20JDRW-11C7VS0 WD-WX72A168PXZX   1.8T disk          
└─sdc1                                        1.8T part ntfs     /media/My Passport
sr0    hp DVDRAM GU90N      KL3Z8264215      1024M rom           

PROCESS I/O:
Linux 6.8.0-139-generic (dkvlko-HP-ENVY-15-Notebook-PC) 	25/09/26 	_x86_64_	(4 CPU)

12:55:00 PM IST   UID       PID   kB_rd/s   kB_wr/s kB_ccwr/s iodelay  Command
12:55:01 PM IST  1000     66060   7451.85      7.41      0.00       0  chrome

Average:      UID       PID   kB_rd/s   kB_wr/s kB_ccwr/s iodelay  Command
Average:     1000     66060   7451.85      7.41      0.00       0  chrome

IOSTAT:
Linux 6.8.0-139-generic (dkvlko-HP-ENVY-15-Notebook-PC) 	25/09/26 	_x86_64_	(4 CPU)

avg-cpu:  %user   %nice %system %iowait  %steal   %idle
           8.46    0.91    3.24   31.46    0.00   55.93

Device            r/s     rkB/s   rrqm/s  %rrqm r_await rareq-sz     w/s     wkB/s   wrqm/s  %wrqm w_await wareq-sz     d/s     dkB/s   drqm/s  %drqm d_await dareq-sz     f/s f_await  aqu-sz  %util
loop0            0.03      0.26     0.00   0.00  137.60     8.09    0.00      0.00     0.00   0.00    0.00     0.00    0.00      0.00     0.00   0.00    0.00     0.00    0.00    0.00    0.00   0.44
loop1            0.01      0.01     0.00   0.00    3.21     1.21    0.00      0.00     0.00   0.00    0.00     0.00    0.00      0.00     0.00   0.00    0.00     0.00    0.00    0.00    0.00   0.00
loop10           0.27      3.44     0.00   0.00   37.93    12.51    0.00      0.00     0.00   0.00    0.00     0.00    0.00      0.00     0.00   0.00    0.00     0.00    0.00    0.00    0.01   0.96
loop11           0.03      0.26     0.00   0.00   34.81     8.09    0.00      0.00     0.00   0.00    0.00     0.00    0.00      0.00     0.00   0.00    0.00     0.00    0.00    0.00    0.00   0.11
loop12           0.03      0.29     0.00   0.00   82.68     8.15    0.00      0.00     0.00   0.00    0.00     0.00    0.00      0.00     0.00   0.00    0.00     0.00    0.00    0.00    0.00   0.29
loop13           0.05      0.81     0.00   0.00   86.00    17.89    0.00      0.00     0.00   0.00    0.00     0.00    0.00      0.00     0.00   0.00    0.00     0.00    0.00    0.00    0.00   0.32
loop14           0.04      0.82     0.00   0.00  122.27    18.78    0.00      0.00     0.00   0.00    0.00     0.00    0.00      0.00     0.00   0.00    0.00     0.00    0.00    0.00    0.01   0.47
loop15           0.04      0.80     0.00   0.00  176.78    19.85    0.00      0.00     0.00   0.00    0.00     0.00    0.00      0.00     0.00   0.00    0.00     0.00    0.00    0.00    0.01   0.43
loop16           1.01     18.00     0.00   0.00   31.92    17.76    0.00      0.00     0.00   0.00    0.00     0.00    0.00      0.00     0.00   0.00    0.00     0.00    0.00    0.00    0.03   2.52
loop17           1.31      3.96     0.00   0.00    4.75     3.02    0.00      0.00     0.00   0.00    0.00     0.00    0.00      0.00     0.00   0.00    0.00     0.00    0.00    0.00    0.01   0.38
loop18           0.04      0.80     0.00   0.00   98.50    20.00    0.00      0.00     0.00   0.00    0.00     0.00    0.00      0.00     0.00   0.00    0.00     0.00    0.00    0.00    0.00   0.25
loop19           0.05      0.85     0.00   0.00  111.81    18.03    0.00      0.00     0.00   0.00    0.00     0.00    0.00      0.00     0.00   0.00    0.00     0.00    0.00    0.00    0.01   0.25
loop2            0.13      4.76     0.00   0.00   51.54    36.57    0.00      0.00     0.00   0.00    0.00     0.00    0.00      0.00     0.00   0.00    0.00     0.00    0.00    0.00    0.01   0.67
loop20           0.04      0.81     0.00   0.00  162.47    18.15    0.00      0.00     0.00   0.00    0.00     0.00    0.00      0.00     0.00   0.00    0.00     0.00    0.00    0.00    0.01   0.36
loop21           0.04      0.81     0.00   0.00  122.79    20.87    0.00      0.00     0.00   0.00    0.00     0.00    0.00      0.00     0.00   0.00    0.00     0.00    0.00    0.00    0.00   0.44
loop22           0.58     25.21     0.00   0.00   24.98    43.26    0.00      0.00     0.00   0.00    0.00     0.00    0.00      0.00     0.00   0.00    0.00     0.00    0.00    0.00    0.01   1.45
loop23           0.03      0.26     0.00   0.00   79.16     8.07    0.00      0.00     0.00   0.00    0.00     0.00    0.00      0.00     0.00   0.00    0.00     0.00    0.00    0.00    0.00   0.25
loop24           0.04      0.28     0.00   0.00   35.25     7.96    0.00      0.00     0.00   0.00    0.00     0.00    0.00      0.00     0.00   0.00    0.00     0.00    0.00    0.00    0.00   0.13
loop25           0.03      0.26     0.00   0.00   69.89     7.78    0.00      0.00     0.00   0.00    0.00     0.00    0.00      0.00     0.00   0.00    0.00     0.00    0.00    0.00    0.00   0.23
loop26           0.04      0.28     0.00   0.00   65.31     6.73    0.00      0.00     0.00   0.00    0.00     0.00    0.00      0.00     0.00   0.00    0.00     0.00    0.00    0.00    0.00   0.27
loop27           0.02      0.04     0.00   0.00   68.86     2.81    0.00      0.00     0.00   0.00    0.00     0.00    0.00      0.00     0.00   0.00    0.00     0.00    0.00    0.00    0.00   0.11
loop28           0.03      0.38     0.00   0.00   33.23    11.91    0.00      0.00     0.00   0.00    0.00     0.00    0.00      0.00     0.00   0.00    0.00     0.00    0.00    0.00    0.00   0.11
loop29           0.04      0.80     0.00   0.00   63.49    19.55    0.00      0.00     0.00   0.00    0.00     0.00    0.00      0.00     0.00   0.00    0.00     0.00    0.00    0.00    0.00   0.17
loop3            0.03      0.26     0.00   0.00   41.95     8.07    0.00      0.00     0.00   0.00    0.00     0.00    0.00      0.00     0.00   0.00    0.00     0.00    0.00    0.00    0.00   0.13
loop30           0.05      0.85     0.00   0.00   70.00    18.17    0.00      0.00     0.00   0.00    0.00     0.00    0.00      0.00     0.00   0.00    0.00     0.00    0.00    0.00    0.00   0.26
loop31           0.01      0.01     0.00   0.00    0.00     1.27    0.00      0.00     0.00   0.00    0.00     0.00    0.00      0.00     0.00   0.00    0.00     0.00    0.00    0.00    0.00   0.00
loop4            0.04      0.27     0.00   0.00   64.83     7.48    0.00      0.00     0.00   0.00    0.00     0.00    0.00      0.00     0.00   0.00    0.00     0.00    0.00    0.00    0.00   0.23
loop5            0.03      0.26     0.00   0.00   30.07     7.76    0.00      0.00     0.00   0.00    0.00     0.00    0.00      0.00     0.00   0.00    0.00     0.00    0.00    0.00    0.00   0.10
loop6            0.04      0.27     0.00   0.00  126.90     7.22    0.00      0.00     0.00   0.00    0.00     0.00    0.00      0.00     0.00   0.00    0.00     0.00    0.00    0.00    0.00   0.47
loop7            0.04      0.81     0.00   0.00  129.69    19.71    0.00      0.00     0.00   0.00    0.00     0.00    0.00      0.00     0.00   0.00    0.00     0.00    0.00    0.00    0.01   0.47
loop8            0.24      1.25     0.00   0.00   17.62     5.26    0.00      0.00     0.00   0.00    0.00     0.00    0.00      0.00     0.00   0.00    0.00     0.00    0.00    0.00    0.00   0.39
loop9            0.04      0.80     0.00   0.00   95.67    18.47    0.00      0.00     0.00   0.00    0.00     0.00    0.00      0.00     0.00   0.00    0.00     0.00    0.00    0.00    0.00   0.27
sda             61.24   3022.20    29.17  32.27   75.53    49.35   12.59    357.20    12.12  49.06   27.43    28.37    0.00      0.00     0.00   0.00    0.00     0.00    1.96   56.05    5.08  39.75
sdb              0.84     47.33     0.00   0.09    4.55    56.47    0.00      0.00     0.00   0.00    0.00     0.00    0.00      0.00     0.00   0.00    0.00     0.00    0.00    0.00    0.00   0.25
sdc              0.81     47.17     0.00   0.09    3.86    57.93    0.00      0.00     0.00   0.00    0.00     0.00    0.00      0.00     0.00   0.00    0.00     0.00    0.00    0.00    0.00   0.18


