
==============================================================
2026-09-25 12:40:30 +0530 CHECK=1
==============================================================

LOAD:
10.18 9.47 4.86 2/1371 15112

TOP CPU PROCESSES:
    PID    PPID USER     STAT PSR %CPU %MEM     ELAPSED WCHAN                          COMMAND         COMMAND
  15113   14866 dkvlko   R+     3  200  0.0       00:00 -                              ps              ps -eo pid,ppid,user,stat,psr,%cpu,%mem,etime,wchan:30,comm,args --sort=-%cpu
   9030    4123 dhcpcd   SNl    1 16.7  6.3       01:53 -                              clamd           clamd
   7721    6974 dkvlko   Sl     1 11.0  2.0       02:38 do_poll.constprop.0            gnome-software  /usr/bin/gnome-software --gapplication-service
   5211       1 root     Ssl    2  6.7  0.7       03:35 -                              packagekitd     /usr/libexec/packagekitd
   1774       1 jellyfin Ssl    3  4.4  1.5       06:35 -                              jellyfin        /usr/bin/jellyfin --webdir=/usr/share/jellyfin/web --ffmpeg=/usr/lib/jellyfin-ffmpeg/ffmpeg
   6712       1 dkvlko   Dsl    1  4.2  1.0       02:50 folio_wait_bit_common          python          /home/dkvlko/python314_projects/venv_3.14/bin/python /home/dkvlko/Dheeraj-AI-programs-github/liv_code/SandasUrineServer/app/modules/newsanddays/utility.py
   7236    6004 dkvlko   Ssl    0  3.4  1.9       02:45 do_poll.constprop.0            gnome-shell     /usr/bin/gnome-shell
  13475   13474 www-data S      3  2.5  0.4       00:30 -                              php             /usr/bin/php8.3 /var/www/moodle/admin/cli/cron.php (Sept 25, 12:40:04 Waiting for next scheduled task)
   1707       1 mysql    Ssl    2  2.4  0.8       06:36 -                              mariadbd        /usr/sbin/mariadbd
   7840    7663 dkvlko   Sl     0  1.7  0.1       02:37 do_poll.constprop.0            ibus-extension- /usr/libexec/ibus-extension-gtk3
   7849    6004 dkvlko   Ssl    2  1.7  0.7       02:37 do_poll.constprop.0            python          /home/dkvlko/python314_projects/venv_3.14/bin/python /home/dkvlko/Dheeraj-AI-programs-github/liv_code/SandasUrineServer/run_server.py
   2043       1 root     Ssl    0  1.6  0.7       05:38 -                              dockerd         /usr/bin/dockerd -H fd:// --containerd=/run/containerd/containerd.sock
  12028    6004 dkvlko   Ssl    1  1.6  0.3       00:42 do_poll.constprop.0            gnome-terminal- /usr/libexec/gnome-terminal-server
   8664       1 root     Ssl    0  1.6  0.2       02:13 -                              fwupd           /usr/libexec/fwupd/fwupd
  10528    3839 message+ S      0  1.6  0.6       01:17 -                              rspamd          rspamd: hs_helper process
  10023   10022 www-data S      1  1.4  0.4       01:29 -                              php             /usr/bin/php8.3 /var/www/moodle/admin/cli/cron.php (Sept 25, 12:40:04 Waiting for next scheduled task)
   3745    3719 root     Ssl    1  1.2  0.3       04:27 -                              python          python main.py
   8237    8236 www-data S      2  1.1  0.4       02:29 -                              php             /usr/bin/php8.3 /var/www/moodle/admin/cli/cron.php (Sept 25, 12:40:04 Waiting for next scheduled task)
      1       0 root     Ss     2  1.1  0.0       07:53 -                              systemd         /sbin/init splash
   6243    6241 dkvlko   Sl+    1  1.1  0.9       03:06 ep_poll                        Xorg            /usr/lib/xorg/Xorg vt2 -displayfd 3 -auth /run/user/1000/gdm/Xauthority -nolisten tcp -background none -noreset -keeptty -novtswitch -verbose 3
  10531    3839 message+ S      0  0.9  0.9       01:17 -                              rspamd          rspamd: controller process (/var/lib/rspamd/rspamd.sock mode=0666 owner=nobody)
   3937    3900 root     Ssl    2  0.9  0.0       04:25 -                              redis-server    redis-server *:6379
   3839    3814 root     Ss     0  0.6  0.6       04:26 -                              rspamd          rspamd: main process
   1244       1 root     Ssl    1  0.6  0.2       07:04 -                              snapd           /usr/lib/snapd/snapd
   1751       1 dkvlko   Ssl    2  0.6  0.2       06:35 ep_poll                        cloudflared     /usr/local/bin/cloudflared tunnel run noclass
   3465    3326 root     Ssl    2  0.6  0.2       04:28 -                              python          python -u /app/main.py nftables
   1945       1 root     SNs    0  0.6  0.1       06:09 -                              preload         /usr/sbin/preload -s /var/lib/preload/preload.state
   8887    8827 dkvlko   Sl     0  0.6  0.6       02:03 do_poll.constprop.0            snapd-desktop-i /snap/snapd-desktop-integration/391/usr/bin/snapd-desktop-integration
   1617       1 root     Ssl    3  0.5  0.3       06:38 -                              containerd      /usr/bin/containerd
  10532    3839 message+ S      2  0.5  0.9       01:17 -                              rspamd          rspamd: normal process (*:11333)

TOP MEMORY PROCESSES:
    PID    PPID USER     STAT PSR %CPU %MEM   RSS    VSZ     ELAPSED WCHAN                          COMMAND         COMMAND
   9030    4123 dhcpcd   SNl    1 16.7  6.3 1031180 1073452    01:53 -                              clamd           clamd
   7721    6974 dkvlko   Sl     1 11.0  2.0 330080 1288996     02:38 do_poll.constprop.0            gnome-software  /usr/bin/gnome-software --gapplication-service
   7236    6004 dkvlko   Ssl    0  3.4  1.9 324376 4253640     02:45 do_poll.constprop.0            gnome-shell     /usr/bin/gnome-shell
   1774       1 jellyfin Ssl    3  4.4  1.5 249248 35480952    06:35 -                              jellyfin        /usr/bin/jellyfin --webdir=/usr/share/jellyfin/web --ffmpeg=/usr/lib/jellyfin-ffmpeg/ffmpeg
   3610    3584 root     Ssl    2  0.1  1.3 215776 1435676     04:28 -                              ofelia          /usr/bin/ofelia daemon --docker -f label=com.docker.compose.project=mailcowdockerized
   6712       1 dkvlko   Dsl    1  4.2  1.0 176384 713524      02:50 folio_wait_bit_common          python          /home/dkvlko/python314_projects/venv_3.14/bin/python /home/dkvlko/Dheeraj-AI-programs-github/liv_code/SandasUrineServer/app/modules/newsanddays/utility.py
   6243    6241 dkvlko   Sl+    1  1.1  0.9 157224 6919656     03:06 ep_poll                        Xorg            /usr/lib/xorg/Xorg vt2 -displayfd 3 -auth /run/user/1000/gdm/Xauthority -nolisten tcp -background none -noreset -keeptty -novtswitch -verbose 3
  10532    3839 message+ S      2  0.5  0.9 154280 294872      01:17 -                              rspamd          rspamd: normal process (*:11333)
  10531    3839 message+ S      0  0.9  0.9 150872 302132      01:17 -                              rspamd          rspamd: controller process (/var/lib/rspamd/rspamd.sock mode=0666 owner=nobody)
   1707       1 mysql    Ssl    2  2.4  0.8 131412 1688320     06:36 -                              mariadbd        /usr/sbin/mariadbd
   7849    6004 dkvlko   Ssl    2  1.7  0.7 128840 1045272     02:37 do_poll.constprop.0            python          /home/dkvlko/python314_projects/venv_3.14/bin/python /home/dkvlko/Dheeraj-AI-programs-github/liv_code/SandasUrineServer/run_server.py
   5211       1 root     Ssl    1  6.7  0.7 121960 521580      03:35 -                              packagekitd     /usr/libexec/packagekitd
   2043       1 root     Ssl    0  1.6  0.7 115912 3838856     05:38 -                              dockerd         /usr/bin/dockerd -H fd:// --containerd=/run/containerd/containerd.sock
   3454    3281 dnsmasq  Ssl    3  0.3  0.6 113212 8591857532  04:28 -                              mariadbd        mariadbd
   3839    3814 root     Ss     0  0.6  0.6 111068 210176      04:26 -                              rspamd          rspamd: main process
   8245    6004 dkvlko   Ssl    3  0.2  0.6 109736 1014348     02:29 do_poll.constprop.0            xdg-desktop-por /usr/libexec/xdg-desktop-portal-gnome
  10528    3839 message+ S      0  1.6  0.6 104684 222912      01:17 -                              rspamd          rspamd: hs_helper process
   8887    8827 dkvlko   Sl     0  0.6  0.6 104092 706944      02:03 do_poll.constprop.0            snapd-desktop-i /snap/snapd-desktop-integration/391/usr/bin/snapd-desktop-integration
  10529    3839 message+ S      0  0.1  0.6 100524 211212      01:17 -                              rspamd          rspamd: fuzzy process (*:11445)
  10530    3839 message+ S      0  0.0  0.6 100336 211212      01:17 -                              rspamd          rspamd: rspamd_proxy process (rspamd:9900)
   7370    7236 dkvlko   Sl     3  0.2  0.6 98392 768780       02:44 do_poll.constprop.0            mutter-x11-fram /usr/libexec/mutter-x11-frames
   1817       1 debian-+ Ssl    2  0.5  0.5 96656 396680       06:30 -                              tor             /usr/bin/tor --defaults-torrc /usr/share/tor/tor-service-defaults-torrc -f /etc/tor/torrc --RunAsDaemon 0
  10023   10022 www-data S      1  1.4  0.4 69972 139148       01:29 -                              php             /usr/bin/php8.3 /var/www/moodle/admin/cli/cron.php (Sept 25, 12:40:04 Waiting for next scheduled task)
   8237    8236 www-data S      2  1.1  0.4 67208 137100       02:29 -                              php             /usr/bin/php8.3 /var/www/moodle/admin/cli/cron.php (Sept 25, 12:40:04 Waiting for next scheduled task)
  13475   13474 www-data S      3  2.5  0.4 65688 137100       00:30 -                              php             /usr/bin/php8.3 /var/www/moodle/admin/cli/cron.php (Sept 25, 12:40:04 Waiting for next scheduled task)
   3745    3719 root     Ssl    1  1.2  0.3 64996  74520       04:27 -                              python          python main.py
   1617       1 root     Ssl    3  0.5  0.3 64624 2270764      06:38 -                              containerd      /usr/bin/containerd
   7735    6974 dkvlko   Sl     2  0.1  0.3 64544 834968       02:38 do_poll.constprop.0            evolution-alarm /usr/libexec/evolution-data-server/evolution-alarm-notify
  12028    6004 dkvlko   Ssl    1  1.6  0.3 57680 847524       00:42 do_poll.constprop.0            gnome-terminal- /usr/libexec/gnome-terminal-server
   8664       1 root     Ssl    0  1.6  0.2 48844 408036       02:13 -                              fwupd           /usr/libexec/fwupd/fwupd

ALL D-STATE PROCESSES:
    PID    PPID USER     STAT PSR %CPU %MEM     ELAPSED WCHAN                                    COMMAND         COMMAND
   6712       1 dkvlko   Dsl    1  4.2  1.0       02:50 folio_wait_bit_common                    python          /home/dkvlko/python314_projects/venv_3.14/bin/python /home/dkvlko/Dheeraj-AI-programs-github/liv_code/SandasUrineServer/app/modules/newsanddays/utility.py
  10721    6004 dkvlko   DNsl   1  0.4  0.1       00:59 wait_on_buffer                           tracker-miner-f /usr/libexec/tracker-miner-fs-3

ZOMBIES:
    PID    PPID USER     STAT COMMAND         COMMAND

==============================================================
2026-09-25 12:42:04 +0530 CHECK=2
==============================================================

LOAD:
4.96 7.97 4.77 1/1368 20580

TOP CPU PROCESSES:
    PID    PPID USER     STAT PSR %CPU %MEM     ELAPSED WCHAN                          COMMAND         COMMAND
  20581   14866 dkvlko   R+     0  200  0.0       00:00 -                              ps              ps -eo pid,ppid,user,stat,psr,%cpu,%mem,etime,wchan:30,comm,args --sort=-%cpu
  20525   20524 www-data S      0 10.4  0.3       00:03 -                              php             /usr/bin/php8.3 /var/www/moodle/admin/cli/cron.php (Sept 25, 12:42:02 Waiting for next scheduled task)
   9030    4123 dhcpcd   SNl    2  9.1  6.3       03:27 -                              clamd           clamd
   6712       1 dkvlko   Dsl    3  7.6  3.8       04:24 wait_on_buffer                 python          /home/dkvlko/python314_projects/venv_3.14/bin/python /home/dkvlko/Dheeraj-AI-programs-github/liv_code/SandasUrineServer/app/modules/newsanddays/utility.py
   7721    6974 dkvlko   Sl     1  7.1  2.0       04:11 do_poll.constprop.0            gnome-software  /usr/bin/gnome-software --gapplication-service
   5211       1 root     Ssl    2  6.6  0.3       05:08 -                              packagekitd     /usr/libexec/packagekitd
   1774       1 jellyfin Ssl    3  3.6  1.5       08:09 -                              jellyfin        /usr/bin/jellyfin --webdir=/usr/share/jellyfin/web --ffmpeg=/usr/lib/jellyfin-ffmpeg/ffmpeg
   1707       1 mysql    Ssl    2  2.5  0.8       08:10 -                              mariadbd        /usr/sbin/mariadbd
   7236    6004 dkvlko   Ssl    1  2.2  1.9       04:19 do_poll.constprop.0            gnome-shell     /usr/bin/gnome-shell
  16749   16748 www-data S      0  1.7  0.3       01:03 -                              php             /usr/bin/php8.3 /var/www/moodle/admin/cli/cron.php (Sept 25, 12:42:02 Waiting for next scheduled task)
  13475   13474 www-data S      0  1.5  0.4       02:03 -                              php             /usr/bin/php8.3 /var/www/moodle/admin/cli/cron.php (Sept 25, 12:41:03 Waiting for next scheduled task)
   2043       1 root     Ssl    0  1.4  0.7       07:12 -                              dockerd         /usr/bin/dockerd -H fd:// --containerd=/run/containerd/containerd.sock
   7840    7663 dkvlko   Sl     2  1.1  0.1       04:11 do_poll.constprop.0            ibus-extension- /usr/libexec/ibus-extension-gtk3
   7849    6004 dkvlko   Ssl    2  1.0  0.7       04:11 do_poll.constprop.0            python          /home/dkvlko/python314_projects/venv_3.14/bin/python /home/dkvlko/Dheeraj-AI-programs-github/liv_code/SandasUrineServer/run_server.py
   3937    3900 root     Ssl    2  1.0  0.0       05:59 -                              redis-server    redis-server *:6379
   3745    3719 root     Ssl    2  1.0  0.3       06:00 -                              python          python main.py
      1       0 root     Ss     2  0.9  0.0       09:27 -                              systemd         /sbin/init splash
   8664       1 root     Ssl    0  0.9  0.2       03:47 -                              fwupd           /usr/libexec/fwupd/fwupd
   1945       1 root     SNs    0  0.8  0.1       07:42 -                              preload         /usr/sbin/preload -s /var/lib/preload/preload.state
   6243    6241 dkvlko   Sl+    1  0.7  0.9       04:40 ep_poll                        Xorg            /usr/lib/xorg/Xorg vt2 -displayfd 3 -auth /run/user/1000/gdm/Xauthority -nolisten tcp -background none -noreset -keeptty -novtswitch -verbose 3
  10528    3839 message+ S      2  0.7  0.6       02:50 -                              rspamd          rspamd: hs_helper process
  20360    6712 dkvlko   S      0  0.6  0.0       00:05 pipe_read                      python          /home/dkvlko/python314_projects/venv_3.14/bin/python -c from multiprocessing.resource_tracker import main;main(4)
   1751       1 dkvlko   Ssl    1  0.6  0.2       08:09 futex_wait_queue               cloudflared     /usr/local/bin/cloudflared tunnel run noclass
   1244       1 root     Ssl    1  0.5  0.2       08:38 -                              snapd           /usr/lib/snapd/snapd
  10531    3839 message+ S      2  0.5  0.9       02:50 -                              rspamd          rspamd: controller process (/var/lib/rspamd/rspamd.sock mode=0666 owner=nobody)
  12028    6004 dkvlko   Ssl    3  0.5  0.3       02:15 do_poll.constprop.0            gnome-terminal- /usr/libexec/gnome-terminal-server
   3839    3814 root     Ss     0  0.5  0.6       05:59 -                              rspamd          rspamd: main process
   1617       1 root     Ssl    3  0.5  0.3       08:12 -                              containerd      /usr/bin/containerd
   3465    3326 root     Ssl    3  0.4  0.2       06:02 -                              python          python -u /app/main.py nftables
  10721    6004 dkvlko   SNsl   3  0.4  0.2       02:33 do_poll.constprop.0            tracker-miner-f /usr/libexec/tracker-miner-fs-3

TOP MEMORY PROCESSES:
    PID    PPID USER     STAT PSR %CPU %MEM   RSS    VSZ     ELAPSED WCHAN                          COMMAND         COMMAND
   9030    4123 dhcpcd   SNl    2  9.1  6.3 1031180 1073452    03:27 -                              clamd           clamd
   6712       1 dkvlko   Dsl    3  7.6  3.8 634272 1959624     04:24 wait_on_buffer                 python          /home/dkvlko/python314_projects/venv_3.14/bin/python /home/dkvlko/Dheeraj-AI-programs-github/liv_code/SandasUrineServer/app/modules/newsanddays/utility.py
   7721    6974 dkvlko   Sl     1  7.1  2.0 330456 1362728     04:11 do_poll.constprop.0            gnome-software  /usr/bin/gnome-software --gapplication-service
   7236    6004 dkvlko   Ssl    1  2.2  1.9 324400 4253640     04:19 do_poll.constprop.0            gnome-shell     /usr/bin/gnome-shell
   1774       1 jellyfin Ssl    3  3.6  1.5 249468 35480924    08:09 -                              jellyfin        /usr/bin/jellyfin --webdir=/usr/share/jellyfin/web --ffmpeg=/usr/lib/jellyfin-ffmpeg/ffmpeg
   3610    3584 root     Ssl    2  0.1  1.3 223704 1567032     06:01 -                              ofelia          /usr/bin/ofelia daemon --docker -f label=com.docker.compose.project=mailcowdockerized
   6243    6241 dkvlko   Sl+    1  0.7  0.9 157224 6919656     04:40 ep_poll                        Xorg            /usr/lib/xorg/Xorg vt2 -displayfd 3 -auth /run/user/1000/gdm/Xauthority -nolisten tcp -background none -noreset -keeptty -novtswitch -verbose 3
  10532    3839 message+ S      1  0.3  0.9 153088 295064      02:50 -                              rspamd          rspamd: normal process (*:11333)
  10531    3839 message+ S      2  0.5  0.9 148924 302132      02:50 -                              rspamd          rspamd: controller process (/var/lib/rspamd/rspamd.sock mode=0666 owner=nobody)
   1707       1 mysql    Ssl    2  2.5  0.8 131588 1688320     08:10 -                              mariadbd        /usr/sbin/mariadbd
   7849    6004 dkvlko   Ssl    2  1.0  0.7 128840 1045272     04:11 do_poll.constprop.0            python          /home/dkvlko/python314_projects/venv_3.14/bin/python /home/dkvlko/Dheeraj-AI-programs-github/liv_code/SandasUrineServer/run_server.py
   3454    3281 dnsmasq  Ssl    0  0.2  0.7 120180 8591857532  06:02 -                              mariadbd        mariadbd
   2043       1 root     Ssl    0  1.4  0.7 116064 3838856     07:12 -                              dockerd         /usr/bin/dockerd -H fd:// --containerd=/run/containerd/containerd.sock
   3839    3814 root     Ss     0  0.5  0.6 111068 210176      06:00 -                              rspamd          rspamd: main process
   8245    6004 dkvlko   Ssl    3  0.1  0.6 109736 1014348     04:03 do_poll.constprop.0            xdg-desktop-por /usr/libexec/xdg-desktop-portal-gnome
  10528    3839 message+ S      2  0.7  0.6 104684 222912      02:50 -                              rspamd          rspamd: hs_helper process
   8887    8827 dkvlko   Sl     0  0.3  0.6 104092 706944      03:37 do_poll.constprop.0            snapd-desktop-i /snap/snapd-desktop-integration/391/usr/bin/snapd-desktop-integration
  10529    3839 message+ S      2  0.0  0.6 100524 211212      02:50 -                              rspamd          rspamd: fuzzy process (*:11445)
  10530    3839 message+ S      1  0.0  0.6 100336 211212      02:50 -                              rspamd          rspamd: rspamd_proxy process (rspamd:9900)
   7370    7236 dkvlko   Sl     2  0.1  0.6 98392 768780       04:18 do_poll.constprop.0            mutter-x11-fram /usr/libexec/mutter-x11-frames
   1817       1 debian-+ Ssl    2  0.4  0.5 96656 396680       08:04 -                              tor             /usr/bin/tor --defaults-torrc /usr/share/tor/tor-service-defaults-torrc -f /etc/tor/torrc --RunAsDaemon 0
  13475   13474 www-data S      0  1.5  0.4 69848 141196       02:04 -                              php             /usr/bin/php8.3 /var/www/moodle/admin/cli/cron.php (Sept 25, 12:41:03 Waiting for next scheduled task)
   3745    3719 root     Ssl    2  1.0  0.3 64996  74520       06:00 -                              python          python main.py
  16749   16748 www-data S      0  1.7  0.3 64988 137100       01:03 -                              php             /usr/bin/php8.3 /var/www/moodle/admin/cli/cron.php (Sept 25, 12:42:02 Waiting for next scheduled task)
   7735    6974 dkvlko   Sl     2  0.1  0.3 64544 834968       04:11 do_poll.constprop.0            evolution-alarm /usr/libexec/evolution-data-server/evolution-alarm-notify
  20525   20524 www-data S      0 10.3  0.3 63732 135052       00:03 -                              php             /usr/bin/php8.3 /var/www/moodle/admin/cli/cron.php (Sept 25, 12:42:02 Waiting for next scheduled task)
   1617       1 root     Ssl    3  0.5  0.3 59504 2270764      08:12 -                              containerd      /usr/bin/containerd
  12028    6004 dkvlko   Ssl    3  0.5  0.3 57700 847524       02:15 do_poll.constprop.0            gnome-terminal- /usr/libexec/gnome-terminal-server
   5211       1 root     Ssl    2  6.6  0.3 55648 455252       05:08 -                              packagekitd     /usr/libexec/packagekitd
   8664       1 root     Ssl    0  0.9  0.2 48844 408036       03:47 -                              fwupd           /usr/libexec/fwupd/fwupd

ALL D-STATE PROCESSES:
    PID    PPID USER     STAT PSR %CPU %MEM     ELAPSED WCHAN                                    COMMAND         COMMAND
   6712       1 dkvlko   Dsl    3  7.6  3.8       04:24 folio_wait_bit_common                    python          /home/dkvlko/python314_projects/venv_3.14/bin/python /home/dkvlko/Dheeraj-AI-programs-github/liv_code/SandasUrineServer/app/modules/newsanddays/utility.py

ZOMBIES:
    PID    PPID USER     STAT COMMAND         COMMAND

==============================================================
2026-09-25 12:43:08 +0530 CHECK=3
==============================================================

LOAD:
2.61 6.66 4.54 3/1369 25136

TOP CPU PROCESSES:
    PID    PPID USER     STAT PSR %CPU %MEM     ELAPSED WCHAN                          COMMAND         COMMAND
   6712       1 dkvlko   Rsl    2 16.7  5.3       05:28 -                              python          /home/dkvlko/python314_projects/venv_3.14/bin/python /home/dkvlko/Dheeraj-AI-programs-github/liv_code/SandasUrineServer/app/modules/newsanddays/utility.py
   9030    4123 dhcpcd   SNl    2  6.9  6.3       04:31 -                              clamd           clamd
   7721    6974 dkvlko   Sl     0  5.8  2.0       05:16 do_poll.constprop.0            gnome-software  /usr/bin/gnome-software --gapplication-service
  24133   24132 www-data S      3  5.4  0.4       00:08 -                              php             /usr/bin/php8.3 /var/www/moodle/admin/cli/cron.php (Sept 25, 12:43:02 Waiting for next scheduled task)
   5211       1 root     Ssl    3  5.4  0.3       06:13 -                              packagekitd     /usr/libexec/packagekitd
   1774       1 jellyfin Ssl    3  3.1  1.5       09:13 -                              jellyfin        /usr/bin/jellyfin --webdir=/usr/share/jellyfin/web --ffmpeg=/usr/lib/jellyfin-ffmpeg/ffmpeg
   1707       1 mysql    Ssl    2  2.5  0.8       09:15 -                              mariadbd        /usr/sbin/mariadbd
   7236    6004 dkvlko   Ssl    3  1.8  1.9       05:24 do_poll.constprop.0            gnome-shell     /usr/bin/gnome-shell
  20525   20524 www-data S      1  1.3  0.3       01:08 -                              php             /usr/bin/php8.3 /var/www/moodle/admin/cli/cron.php (Sept 25, 12:43:02 Waiting for next scheduled task)
  16749   16748 www-data S      3  1.3  0.4       02:07 -                              php             /usr/bin/php8.3 /var/www/moodle/admin/cli/cron.php (Sept 25, 12:43:02 Waiting for next scheduled task)
   2043       1 root     Ssl    0  1.3  0.7       08:17 -                              dockerd         /usr/bin/dockerd -H fd:// --containerd=/run/containerd/containerd.sock
   1945       1 root     SNs    3  1.0  0.1       08:47 -                              preload         /usr/sbin/preload -s /var/lib/preload/preload.state
   3937    3900 root     Ssl    3  1.0  0.0       07:03 -                              redis-server    redis-server *:6379
   3745    3719 root     Ssl    3  0.8  0.3       07:05 -                              python          python main.py
      1       0 root     Ss     3  0.8  0.0       10:31 -                              systemd         /sbin/init splash
   7849    6004 dkvlko   Ssl    2  0.8  0.7       05:15 do_poll.constprop.0            python          /home/dkvlko/python314_projects/venv_3.14/bin/python /home/dkvlko/Dheeraj-AI-programs-github/liv_code/SandasUrineServer/run_server.py
   7840    7663 dkvlko   Sl     2  0.8  0.1       05:15 do_poll.constprop.0            ibus-extension- /usr/libexec/ibus-extension-gtk3
   8664       1 root     Ssl    0  0.7  0.2       04:52 -                              fwupd           /usr/libexec/fwupd/fwupd
   6243    6241 dkvlko   Sl+    0  0.6  0.9       05:44 ep_poll                        Xorg            /usr/lib/xorg/Xorg vt2 -displayfd 3 -auth /run/user/1000/gdm/Xauthority -nolisten tcp -background none -noreset -keeptty -novtswitch -verbose 3
   1751       1 dkvlko   Ssl    1  0.5  0.2       09:13 ep_poll                        cloudflared     /usr/local/bin/cloudflared tunnel run noclass
  10528    3839 message+ S      1  0.5  0.6       03:55 -                              rspamd          rspamd: hs_helper process
   1244       1 root     Ssl    1  0.5  0.2       09:42 -                              snapd           /usr/lib/snapd/snapd
  10531    3839 message+ S      3  0.4  0.9       03:55 -                              rspamd          rspamd: controller process (/var/lib/rspamd/rspamd.sock mode=0666 owner=nobody)
   1617       1 root     Ssl    3  0.4  0.3       09:17 -                              containerd      /usr/bin/containerd
   3839    3814 root     Ss     2  0.4  0.6       07:04 -                              rspamd          rspamd: main process
   3465    3326 root     Ssl    3  0.4  0.2       07:07 -                              python          python -u /app/main.py nftables
   1817       1 debian-+ Ssl    2  0.3  0.5       09:08 -                              tor             /usr/bin/tor --defaults-torrc /usr/share/tor/tor-service-defaults-torrc -f /etc/tor/torrc --RunAsDaemon 0
   1212       1 message+ Ss     1  0.3  0.0       09:43 -                              dbus-daemon     @dbus-daemon --system --address=systemd: --nofork --nopidfile --systemd-activation --syslog-only
  12028    6004 dkvlko   Ssl    0  0.3  0.3       03:20 do_poll.constprop.0            gnome-terminal- /usr/libexec/gnome-terminal-server
  10721    6004 dkvlko   SNsl   2  0.3  0.2       03:37 do_poll.constprop.0            tracker-miner-f /usr/libexec/tracker-miner-fs-3

TOP MEMORY PROCESSES:
    PID    PPID USER     STAT PSR %CPU %MEM   RSS    VSZ     ELAPSED WCHAN                          COMMAND         COMMAND
   9030    4123 dhcpcd   SNl    2  6.9  6.3 1031180 1073452    04:31 -                              clamd           clamd
   6712       1 dkvlko   Rsl    1 16.7  5.3 870248 2342168     05:28 -                              python          /home/dkvlko/python314_projects/venv_3.14/bin/python /home/dkvlko/Dheeraj-AI-programs-github/liv_code/SandasUrineServer/app/modules/newsanddays/utility.py
   7721    6974 dkvlko   Sl     0  5.8  2.0 330448 1362728     05:16 do_poll.constprop.0            gnome-software  /usr/bin/gnome-software --gapplication-service
   7236    6004 dkvlko   Ssl    3  1.8  1.9 324368 4253640     05:24 do_poll.constprop.0            gnome-shell     /usr/bin/gnome-shell
   1774       1 jellyfin Ssl    3  3.1  1.5 249916 35480928    09:13 -                              jellyfin        /usr/bin/jellyfin --webdir=/usr/share/jellyfin/web --ffmpeg=/usr/lib/jellyfin-ffmpeg/ffmpeg
   3610    3584 root     Ssl    0  0.1  1.1 190704 1567032     07:06 -                              ofelia          /usr/bin/ofelia daemon --docker -f label=com.docker.compose.project=mailcowdockerized
   6243    6241 dkvlko   Sl+    0  0.6  0.9 157224 6919656     05:44 ep_poll                        Xorg            /usr/lib/xorg/Xorg vt2 -displayfd 3 -auth /run/user/1000/gdm/Xauthority -nolisten tcp -background none -noreset -keeptty -novtswitch -verbose 3
  10532    3839 message+ S      3  0.3  0.9 155972 295192      03:55 -                              rspamd          rspamd: normal process (*:11333)
  10531    3839 message+ S      3  0.4  0.9 150992 306100      03:55 -                              rspamd          rspamd: controller process (/var/lib/rspamd/rspamd.sock mode=0666 owner=nobody)
   1707       1 mysql    Ssl    2  2.5  0.8 134548 1688320     09:15 -                              mariadbd        /usr/sbin/mariadbd
   3454    3281 dnsmasq  Ssl    1  0.2  0.8 133964 8591857532  07:07 -                              mariadbd        mariadbd
   7849    6004 dkvlko   Ssl    2  0.8  0.7 129312 1192736     05:15 do_poll.constprop.0            python          /home/dkvlko/python314_projects/venv_3.14/bin/python /home/dkvlko/Dheeraj-AI-programs-github/liv_code/SandasUrineServer/run_server.py
   2043       1 root     Ssl    0  1.3  0.7 115352 3838856     08:17 -                              dockerd         /usr/bin/dockerd -H fd:// --containerd=/run/containerd/containerd.sock
   3839    3814 root     Ss     2  0.4  0.6 111068 210176      07:04 -                              rspamd          rspamd: main process
   8245    6004 dkvlko   Ssl    3  0.1  0.6 109736 1014348     05:07 do_poll.constprop.0            xdg-desktop-por /usr/libexec/xdg-desktop-portal-gnome
  10528    3839 message+ S      1  0.5  0.6 104684 222912      03:55 -                              rspamd          rspamd: hs_helper process
   8887    8827 dkvlko   Sl     0  0.2  0.6 104092 706944      04:41 do_poll.constprop.0            snapd-desktop-i /snap/snapd-desktop-integration/391/usr/bin/snapd-desktop-integration
  10529    3839 message+ S      2  0.0  0.6 100524 211212      03:55 -                              rspamd          rspamd: fuzzy process (*:11445)
  10530    3839 message+ S      1  0.0  0.6 100336 211212      03:55 -                              rspamd          rspamd: rspamd_proxy process (rspamd:9900)
   7370    7236 dkvlko   Sl     0  0.1  0.6 98392 768780       05:23 do_poll.constprop.0            mutter-x11-fram /usr/libexec/mutter-x11-frames
   1817       1 debian-+ Ssl    2  0.3  0.5 96656 396680       09:08 -                              tor             /usr/bin/tor --defaults-torrc /usr/share/tor/tor-service-defaults-torrc -f /etc/tor/torrc --RunAsDaemon 0
  24133   24132 www-data S      3  5.4  0.4 67756 139148       00:08 -                              php             /usr/bin/php8.3 /var/www/moodle/admin/cli/cron.php (Sept 25, 12:43:02 Waiting for next scheduled task)
  16749   16748 www-data S      3  1.3  0.4 66320 137100       02:07 -                              php             /usr/bin/php8.3 /var/www/moodle/admin/cli/cron.php (Sept 25, 12:43:02 Waiting for next scheduled task)
   3745    3719 root     Ssl    3  0.8  0.3 65036  74684       07:05 -                              python          python main.py
   7735    6974 dkvlko   Sl     0  0.0  0.3 64544 834968       05:16 do_poll.constprop.0            evolution-alarm /usr/libexec/evolution-data-server/evolution-alarm-notify
  20525   20524 www-data S      1  1.3  0.3 64204 135052       01:08 -                              php             /usr/bin/php8.3 /var/www/moodle/admin/cli/cron.php (Sept 25, 12:43:02 Waiting for next scheduled task)
   1978    1875 www-data S      0  0.2  0.3 61420 248184       08:39 -                              apache2         /usr/sbin/apache2 -k start
   1979    1875 www-data S      3  0.1  0.3 60080 246136       08:39 -                              apache2         /usr/sbin/apache2 -k start
   1617       1 root     Ssl    3  0.4  0.3 59340 2270764      09:17 -                              containerd      /usr/bin/containerd
  12028    6004 dkvlko   Ssl    0  0.3  0.3 57704 847524       03:20 do_poll.constprop.0            gnome-terminal- /usr/libexec/gnome-terminal-server

ALL D-STATE PROCESSES:
    PID    PPID USER     STAT PSR %CPU %MEM     ELAPSED WCHAN                                    COMMAND         COMMAND

ZOMBIES:
    PID    PPID USER     STAT COMMAND         COMMAND

==============================================================
2026-09-25 12:44:13 +0530 CHECK=4
==============================================================

LOAD:
1.87 5.69 4.34 1/1352 28604

TOP CPU PROCESSES:
    PID    PPID USER     STAT PSR %CPU %MEM     ELAPSED WCHAN                          COMMAND         COMMAND
  28605   14866 dkvlko   R+     3  300  0.0       00:00 -                              ps              ps -eo pid,ppid,user,stat,psr,%cpu,%mem,etime,wchan:30,comm,args --sort=-%cpu
   9030    4123 dhcpcd   SNl    2  5.6  6.3       05:36 -                              clamd           clamd
   7721    6974 dkvlko   Sl     3  4.8  2.0       06:20 do_poll.constprop.0            gnome-software  /usr/bin/gnome-software --gapplication-service
   5211       1 root     Ssl    2  4.6  0.3       07:18 -                              packagekitd     /usr/libexec/packagekitd
   1774       1 jellyfin Ssl    3  2.8  1.5       10:18 -                              jellyfin        /usr/bin/jellyfin --webdir=/usr/share/jellyfin/web --ffmpeg=/usr/lib/jellyfin-ffmpeg/ffmpeg
   1707       1 mysql    Ssl    2  2.5  0.8       10:19 -                              mariadbd        /usr/sbin/mariadbd
  27501   27500 www-data S      2  2.3  0.3       00:12 -                              php             /usr/bin/php /var/www/moodle/admin/cli/cron.php
   7236    6004 dkvlko   Ssl    2  1.5  1.9       06:28 do_poll.constprop.0            gnome-shell     /usr/bin/gnome-shell
  24133   24132 www-data S      2  1.4  0.4       01:13 -                              php             /usr/bin/php8.3 /var/www/moodle/admin/cli/cron.php (Sept 25, 12:44:02 Waiting for next scheduled task)
   2043       1 root     Ssl    0  1.1  0.7       09:21 -                              dockerd         /usr/bin/dockerd -H fd:// --containerd=/run/containerd/containerd.sock
  20525   20524 www-data S      0  1.1  0.4       02:12 -                              php             /usr/bin/php8.3 /var/www/moodle/admin/cli/cron.php (Sept 25, 12:44:02 Waiting for next scheduled task)
   1945       1 root     SNs    1  1.1  0.1       09:52 -                              preload         /usr/sbin/preload -s /var/lib/preload/preload.state
   3937    3900 root     Ssl    2  1.0  0.0       08:08 -                              redis-server    redis-server *:6379
   3745    3719 root     Ssl    1  0.8  0.3       08:10 -                              python          python main.py
      1       0 root     Ss     0  0.8  0.0       11:36 -                              systemd         /sbin/init splash
   7849    6004 dkvlko   Ssl    2  0.7  0.7       06:20 do_poll.constprop.0            python          /home/dkvlko/python314_projects/venv_3.14/bin/python /home/dkvlko/Dheeraj-AI-programs-github/liv_code/SandasUrineServer/run_server.py
   7840    7663 dkvlko   Sl     2  0.7  0.1       06:20 do_poll.constprop.0            ibus-extension- /usr/libexec/ibus-extension-gtk3
   8664       1 root     Ssl    0  0.6  0.2       05:56 -                              fwupd           /usr/libexec/fwupd/fwupd
   1751       1 dkvlko   Ssl    3  0.5  0.2       10:18 futex_wait_queue               cloudflared     /usr/local/bin/cloudflared tunnel run noclass
   6243    6241 dkvlko   Sl+    3  0.5  0.9       06:49 ep_poll                        Xorg            /usr/lib/xorg/Xorg vt2 -displayfd 3 -auth /run/user/1000/gdm/Xauthority -nolisten tcp -background none -noreset -keeptty -novtswitch -verbose 3
   1244       1 root     Ssl    1  0.4  0.2       10:47 -                              snapd           /usr/lib/snapd/snapd
   1617       1 root     Ssl    3  0.4  0.3       10:21 -                              containerd      /usr/bin/containerd
  10531    3839 message+ S      3  0.4  0.9       05:00 -                              rspamd          rspamd: controller process (/var/lib/rspamd/rspamd.sock mode=0666 owner=nobody)
  10528    3839 message+ S      1  0.4  0.6       05:00 -                              rspamd          rspamd: hs_helper process
   3465    3326 root     Ssl    3  0.3  0.2       08:11 -                              python          python -u /app/main.py nftables
   3839    3814 root     Ss     1  0.3  0.6       08:09 -                              rspamd          rspamd: main process
   1817       1 debian-+ Ssl    2  0.3  0.5       10:13 -                              tor             /usr/bin/tor --defaults-torrc /usr/share/tor/tor-service-defaults-torrc -f /etc/tor/torrc --RunAsDaemon 0
   1212       1 message+ Ss     1  0.3  0.0       10:48 -                              dbus-daemon     @dbus-daemon --system --address=systemd: --nofork --nopidfile --systemd-activation --syslog-only
  12028    6004 dkvlko   Ssl    0  0.2  0.3       04:25 do_poll.constprop.0            gnome-terminal- /usr/libexec/gnome-terminal-server
   1439       2 root     I<     0  0.2  0.0       10:31 -                              kworker/0:2H-kb [kworker/0:2H-kblockd]

TOP MEMORY PROCESSES:
    PID    PPID USER     STAT PSR %CPU %MEM   RSS    VSZ     ELAPSED WCHAN                          COMMAND         COMMAND
   9030    4123 dhcpcd   SNl    2  5.6  6.3 1031180 1073452    05:36 -                              clamd           clamd
   7721    6974 dkvlko   Sl     3  4.8  2.0 330448 1362728     06:21 do_poll.constprop.0            gnome-software  /usr/bin/gnome-software --gapplication-service
   7236    6004 dkvlko   Ssl    2  1.5  1.9 324332 4253640     06:28 do_poll.constprop.0            gnome-shell     /usr/bin/gnome-shell
   1774       1 jellyfin Ssl    3  2.8  1.5 248536 35480928    10:18 -                              jellyfin        /usr/bin/jellyfin --webdir=/usr/share/jellyfin/web --ffmpeg=/usr/lib/jellyfin-ffmpeg/ffmpeg
   3610    3584 root     Ssl    1  0.1  1.4 239872 1567032     08:11 -                              ofelia          /usr/bin/ofelia daemon --docker -f label=com.docker.compose.project=mailcowdockerized
   6243    6241 dkvlko   Sl+    3  0.5  0.9 157224 6919656     06:49 ep_poll                        Xorg            /usr/lib/xorg/Xorg vt2 -displayfd 3 -auth /run/user/1000/gdm/Xauthority -nolisten tcp -background none -noreset -keeptty -novtswitch -verbose 3
  10532    3839 message+ S      2  0.2  0.9 155996 295320      05:00 -                              rspamd          rspamd: normal process (*:11333)
  10531    3839 message+ S      2  0.4  0.9 155688 310708      05:00 -                              rspamd          rspamd: controller process (/var/lib/rspamd/rspamd.sock mode=0666 owner=nobody)
   1707       1 mysql    Ssl    2  2.5  0.8 135056 1688320     10:19 -                              mariadbd        /usr/sbin/mariadbd
   3454    3281 dnsmasq  Ssl    1  0.2  0.8 133984 8591857532  08:11 -                              mariadbd        mariadbd
   7849    6004 dkvlko   Ssl    2  0.7  0.7 129328 1192736     06:20 do_poll.constprop.0            python          /home/dkvlko/python314_projects/venv_3.14/bin/python /home/dkvlko/Dheeraj-AI-programs-github/liv_code/SandasUrineServer/run_server.py
   2043       1 root     Ssl    0  1.1  0.7 115384 3838856     09:21 -                              dockerd         /usr/bin/dockerd -H fd:// --containerd=/run/containerd/containerd.sock
   3839    3814 root     Ss     1  0.3  0.6 111068 210176      08:09 -                              rspamd          rspamd: main process
   8245    6004 dkvlko   Ssl    3  0.1  0.6 109736 1014348     06:12 do_poll.constprop.0            xdg-desktop-por /usr/libexec/xdg-desktop-portal-gnome
  10528    3839 message+ S      1  0.4  0.6 104684 222912      05:00 -                              rspamd          rspamd: hs_helper process
   8887    8827 dkvlko   Sl     0  0.2  0.6 104092 706944      05:46 do_poll.constprop.0            snapd-desktop-i /snap/snapd-desktop-integration/391/usr/bin/snapd-desktop-integration
  10529    3839 message+ S      1  0.0  0.6 100524 211212      05:00 -                              rspamd          rspamd: fuzzy process (*:11445)
  10530    3839 message+ S      2  0.0  0.6 100336 211212      05:00 -                              rspamd          rspamd: rspamd_proxy process (rspamd:9900)
   7370    7236 dkvlko   Sl     2  0.0  0.6 98392 768780       06:27 do_poll.constprop.0            mutter-x11-fram /usr/libexec/mutter-x11-frames
   1817       1 debian-+ Ssl    2  0.3  0.5 96656 396680       10:13 -                              tor             /usr/bin/tor --defaults-torrc /usr/share/tor/tor-service-defaults-torrc -f /etc/tor/torrc --RunAsDaemon 0
  20525   20524 www-data S      0  1.1  0.4 70032 141196       02:12 -                              php             /usr/bin/php8.3 /var/www/moodle/admin/cli/cron.php (Sept 25, 12:44:02 Waiting for next scheduled task)
  24133   24132 www-data S      2  1.4  0.4 68972 139148       01:13 -                              php             /usr/bin/php8.3 /var/www/moodle/admin/cli/cron.php (Sept 25, 12:44:02 Waiting for next scheduled task)
   3745    3719 root     Ssl    1  0.8  0.3 65036  74684       08:10 -                              python          python main.py
   7735    6974 dkvlko   Sl     0  0.0  0.3 64544 834968       06:21 do_poll.constprop.0            evolution-alarm /usr/libexec/evolution-data-server/evolution-alarm-notify
   1978    1875 www-data S      0  0.1  0.3 61420 248184       09:43 -                              apache2         /usr/sbin/apache2 -k start
   1979    1875 www-data S      3  0.1  0.3 60080 246136       09:43 -                              apache2         /usr/sbin/apache2 -k start
   1617       1 root     Ssl    3  0.4  0.3 59368 2270764      10:21 -                              containerd      /usr/bin/containerd
  12028    6004 dkvlko   Ssl    0  0.2  0.3 57712 847524       04:25 do_poll.constprop.0            gnome-terminal- /usr/libexec/gnome-terminal-server
   5211       1 root     Ssl    2  4.6  0.3 55648 455252       07:18 -                              packagekitd     /usr/libexec/packagekitd
  27501   27500 www-data S      2  2.3  0.3 51696 127980       00:12 -                              php             /usr/bin/php /var/www/moodle/admin/cli/cron.php

ALL D-STATE PROCESSES:
    PID    PPID USER     STAT PSR %CPU %MEM     ELAPSED WCHAN                                    COMMAND         COMMAND

ZOMBIES:
    PID    PPID USER     STAT COMMAND         COMMAND

==============================================================
2026-09-25 12:45:17 +0530 CHECK=5
==============================================================

LOAD:
0.91 4.67 4.08 1/1356 32507

TOP CPU PROCESSES:
    PID    PPID USER     STAT PSR %CPU %MEM     ELAPSED WCHAN                          COMMAND         COMMAND
   9030    4123 dhcpcd   SNl    3  4.7  6.3       06:40 -                              clamd           clamd
   7721    6974 dkvlko   Sl     2  4.1  2.0       07:25 do_poll.constprop.0            gnome-software  /usr/bin/gnome-software --gapplication-service
   5211       1 root     Ssl    0  4.0  0.3       08:22 -                              packagekitd     /usr/libexec/packagekitd
  31286   31285 www-data S      1  3.5  0.4       00:17 -                              php             /usr/bin/php8.3 /var/www/moodle/admin/cli/cron.php (Sept 25, 12:45:02 Waiting for next scheduled task)
   1707       1 mysql    Ssl    2  2.6  0.8       11:24 -                              mariadbd        /usr/sbin/mariadbd
   1774       1 jellyfin Ssl    3  2.5  1.5       11:22 -                              jellyfin        /usr/bin/jellyfin --webdir=/usr/share/jellyfin/web --ffmpeg=/usr/lib/jellyfin-ffmpeg/ffmpeg
  27501   27500 www-data S      2  1.7  0.4       01:16 -                              php             /usr/bin/php8.3 /var/www/moodle/admin/cli/cron.php (Sept 25, 12:45:02 Waiting for next scheduled task)
  24133   24132 www-data S      3  1.4  0.4       02:17 -                              php             /usr/bin/php8.3 /var/www/moodle/admin/cli/cron.php (Sept 25, 12:45:02 Waiting for next scheduled task)
   7236    6004 dkvlko   Ssl    0  1.3  1.9       07:33 do_poll.constprop.0            gnome-shell     /usr/bin/gnome-shell
   1945       1 root     SNs    3  1.2  0.1       10:56 -                              preload         /usr/sbin/preload -s /var/lib/preload/preload.state
   2043       1 root     Ssl    0  1.1  0.7       10:26 -                              dockerd         /usr/bin/dockerd -H fd:// --containerd=/run/containerd/containerd.sock
   3937    3900 root     Ssl    2  1.0  0.0       09:12 -                              redis-server    redis-server *:6379
   3745    3719 root     Ssl    1  0.7  0.3       09:14 -                              python          python main.py
      1       0 root     Ss     2  0.7  0.0       12:40 -                              systemd         /sbin/init splash
   7849    6004 dkvlko   Ssl    1  0.6  0.7       07:25 do_poll.constprop.0            python          /home/dkvlko/python314_projects/venv_3.14/bin/python /home/dkvlko/Dheeraj-AI-programs-github/liv_code/SandasUrineServer/run_server.py
   7840    7663 dkvlko   Sl     2  0.6  0.1       07:25 do_poll.constprop.0            ibus-extension- /usr/libexec/ibus-extension-gtk3
   1751       1 dkvlko   Ssl    0  0.5  0.2       11:22 futex_wait_queue               cloudflared     /usr/local/bin/cloudflared tunnel run noclass
   8664       1 root     Ssl    0  0.5  0.2       07:01 -                              fwupd           /usr/libexec/fwupd/fwupd
   6243    6241 dkvlko   Sl+    0  0.4  0.9       07:53 ep_poll                        Xorg            /usr/lib/xorg/Xorg vt2 -displayfd 3 -auth /run/user/1000/gdm/Xauthority -nolisten tcp -background none -noreset -keeptty -novtswitch -verbose 3
   1244       1 root     Ssl    1  0.4  0.2       11:52 -                              snapd           /usr/lib/snapd/snapd
   1617       1 root     Ssl    3  0.4  0.3       11:26 -                              containerd      /usr/bin/containerd
  10531    3839 message+ S      0  0.4  0.9       06:04 -                              rspamd          rspamd: controller process (/var/lib/rspamd/rspamd.sock mode=0666 owner=nobody)
   3465    3326 root     Ssl    0  0.3  0.2       09:16 -                              python          python -u /app/main.py nftables
  10528    3839 message+ S      2  0.3  0.6       06:04 -                              rspamd          rspamd: hs_helper process
   3839    3814 root     Ss     3  0.3  0.6       09:13 -                              rspamd          rspamd: main process
   1212       1 message+ Ss     0  0.3  0.0       11:52 -                              dbus-daemon     @dbus-daemon --system --address=systemd: --nofork --nopidfile --systemd-activation --syslog-only
   1817       1 debian-+ Ssl    2  0.3  0.5       11:17 -                              tor             /usr/bin/tor --defaults-torrc /usr/share/tor/tor-service-defaults-torrc -f /etc/tor/torrc --RunAsDaemon 0
   1822       1 root     Sl     1  0.2  0.1       11:16 -                              teamviewerd     /opt/teamviewer/tv_bin/teamviewerd -d
  10532    3839 message+ S      2  0.2  0.9       06:04 -                              rspamd          rspamd: normal process (*:11333)
   1439       2 root     I<     0  0.2  0.0       11:36 -                              kworker/0:2H-kb [kworker/0:2H-kblockd]

TOP MEMORY PROCESSES:
    PID    PPID USER     STAT PSR %CPU %MEM   RSS    VSZ     ELAPSED WCHAN                          COMMAND         COMMAND
   9030    4123 dhcpcd   SNl    3  4.7  6.3 1031180 1073452    06:40 -                              clamd           clamd
   7721    6974 dkvlko   Sl     2  4.1  2.0 330448 1362728     07:25 do_poll.constprop.0            gnome-software  /usr/bin/gnome-software --gapplication-service
   7236    6004 dkvlko   Ssl    0  1.3  1.9 324300 4253640     07:33 do_poll.constprop.0            gnome-shell     /usr/bin/gnome-shell
   1774       1 jellyfin Ssl    3  2.5  1.5 248656 35480928    11:22 -                              jellyfin        /usr/bin/jellyfin --webdir=/usr/share/jellyfin/web --ffmpeg=/usr/lib/jellyfin-ffmpeg/ffmpeg
   3610    3584 root     Ssl    1  0.1  1.4 237296 1567032     09:15 -                              ofelia          /usr/bin/ofelia daemon --docker -f label=com.docker.compose.project=mailcowdockerized
   6243    6241 dkvlko   Sl+    0  0.4  0.9 157224 6919656     07:53 ep_poll                        Xorg            /usr/lib/xorg/Xorg vt2 -displayfd 3 -auth /run/user/1000/gdm/Xauthority -nolisten tcp -background none -noreset -keeptty -novtswitch -verbose 3
  10532    3839 message+ S      2  0.2  0.9 154880 299672      06:04 -                              rspamd          rspamd: normal process (*:11333)
  10531    3839 message+ S      0  0.4  0.9 153752 310836      06:04 -                              rspamd          rspamd: controller process (/var/lib/rspamd/rspamd.sock mode=0666 owner=nobody)
   1707       1 mysql    Ssl    2  2.6  0.8 136244 1688320     11:24 -                              mariadbd        /usr/sbin/mariadbd
   3454    3281 dnsmasq  Ssl    3  0.2  0.8 134028 8591857532  09:16 -                              mariadbd        mariadbd
   7849    6004 dkvlko   Ssl    1  0.6  0.7 129328 1192736     07:25 do_poll.constprop.0            python          /home/dkvlko/python314_projects/venv_3.14/bin/python /home/dkvlko/Dheeraj-AI-programs-github/liv_code/SandasUrineServer/run_server.py
   2043       1 root     Ssl    0  1.1  0.7 115452 3838856     10:26 -                              dockerd         /usr/bin/dockerd -H fd:// --containerd=/run/containerd/containerd.sock
   3839    3814 root     Ss     3  0.3  0.6 111068 210176      09:13 -                              rspamd          rspamd: main process
   8245    6004 dkvlko   Ssl    3  0.0  0.6 109736 1014348     07:16 do_poll.constprop.0            xdg-desktop-por /usr/libexec/xdg-desktop-portal-gnome
  10528    3839 message+ S      2  0.3  0.6 104684 222912      06:04 -                              rspamd          rspamd: hs_helper process
   8887    8827 dkvlko   Sl     0  0.1  0.6 104092 706944      06:50 do_poll.constprop.0            snapd-desktop-i /snap/snapd-desktop-integration/391/usr/bin/snapd-desktop-integration
  10529    3839 message+ S      0  0.0  0.6 100524 211212      06:04 -                              rspamd          rspamd: fuzzy process (*:11445)
  10530    3839 message+ S      3  0.0  0.6 100336 211212      06:04 -                              rspamd          rspamd: rspamd_proxy process (rspamd:9900)
   7370    7236 dkvlko   Sl     0  0.0  0.6 98392 768780       07:32 do_poll.constprop.0            mutter-x11-fram /usr/libexec/mutter-x11-frames
   1817       1 debian-+ Ssl    2  0.3  0.5 96656 396680       11:17 -                              tor             /usr/bin/tor --defaults-torrc /usr/share/tor/tor-service-defaults-torrc -f /etc/tor/torrc --RunAsDaemon 0
  24133   24132 www-data S      3  1.4  0.4 70244 141196       02:17 -                              php             /usr/bin/php8.3 /var/www/moodle/admin/cli/cron.php (Sept 25, 12:45:02 Waiting for next scheduled task)
  27501   27500 www-data S      2  1.7  0.4 68084 139148       01:16 -                              php             /usr/bin/php8.3 /var/www/moodle/admin/cli/cron.php (Sept 25, 12:45:02 Waiting for next scheduled task)
  31286   31285 www-data S      1  3.5  0.4 67196 137100       00:17 -                              php             /usr/bin/php8.3 /var/www/moodle/admin/cli/cron.php (Sept 25, 12:45:02 Waiting for next scheduled task)
   3745    3719 root     Ssl    1  0.7  0.3 65036  74684       09:14 -                              python          python main.py
   7735    6974 dkvlko   Sl     2  0.0  0.3 64544 834968       07:25 do_poll.constprop.0            evolution-alarm /usr/libexec/evolution-data-server/evolution-alarm-notify
   1978    1875 www-data S      0  0.1  0.3 61420 248184       10:48 -                              apache2         /usr/sbin/apache2 -k start
   1979    1875 www-data S      3  0.1  0.3 60080 246136       10:48 -                              apache2         /usr/sbin/apache2 -k start
   1617       1 root     Ssl    3  0.4  0.3 59428 2270764      11:26 -                              containerd      /usr/bin/containerd
  12028    6004 dkvlko   Ssl    2  0.2  0.3 57712 847524       05:29 do_poll.constprop.0            gnome-terminal- /usr/libexec/gnome-terminal-server
   5211       1 root     Ssl    0  4.0  0.3 55648 455252       08:22 -                              packagekitd     /usr/libexec/packagekitd

ALL D-STATE PROCESSES:
    PID    PPID USER     STAT PSR %CPU %MEM     ELAPSED WCHAN                                    COMMAND         COMMAND

ZOMBIES:
    PID    PPID USER     STAT COMMAND         COMMAND

==============================================================
2026-09-25 12:46:22 +0530 CHECK=6
==============================================================

LOAD:
0.64 3.84 3.83 1/1355 36184

TOP CPU PROCESSES:
    PID    PPID USER     STAT PSR %CPU %MEM     ELAPSED WCHAN                          COMMAND         COMMAND
   9030    4123 dhcpcd   SNl    3  4.0  6.3       07:45 -                              clamd           clamd
   7721    6974 dkvlko   Sl     1  3.6  2.0       08:29 do_poll.constprop.0            gnome-software  /usr/bin/gnome-software --gapplication-service
   5211       1 root     Ssl    0  3.6  0.3       09:26 -                              packagekitd     /usr/libexec/packagekitd
   1707       1 mysql    Ssl    1  2.6  0.8       12:28 -                              mariadbd        /usr/sbin/mariadbd
   1774       1 jellyfin Ssl    3  2.3  1.5       12:27 -                              jellyfin        /usr/bin/jellyfin --webdir=/usr/share/jellyfin/web --ffmpeg=/usr/lib/jellyfin-ffmpeg/ffmpeg
  34988   34987 www-data S      1  1.9  0.3       00:21 -                              php             /usr/bin/php /var/www/moodle/admin/cli/cron.php
  31286   31285 www-data S      1  1.7  0.4       01:22 -                              php             /usr/bin/php8.3 /var/www/moodle/admin/cli/cron.php (Sept 25, 12:46:02 Waiting for next scheduled task)
  27501   27500 www-data S      0  1.5  0.4       02:21 -                              php             /usr/bin/php8.3 /var/www/moodle/admin/cli/cron.php (Sept 25, 12:46:02 Waiting for next scheduled task)
   1945       1 root     SNs    3  1.2  0.1       12:01 -                              preload         /usr/sbin/preload -s /var/lib/preload/preload.state
   7236    6004 dkvlko   Ssl    0  1.1  1.9       08:37 do_poll.constprop.0            gnome-shell     /usr/bin/gnome-shell
   3937    3900 root     Ssl    3  1.0  0.0       10:17 -                              redis-server    redis-server *:6379
   2043       1 root     Ssl    0  1.0  0.7       11:30 -                              dockerd         /usr/bin/dockerd -H fd:// --containerd=/run/containerd/containerd.sock
   3745    3719 root     Ssl    1  0.7  0.3       10:19 -                              python          python main.py
      1       0 root     Ss     0  0.6  0.0       13:45 -                              systemd         /sbin/init splash
   7849    6004 dkvlko   Ssl    0  0.5  0.7       08:29 do_poll.constprop.0            python          /home/dkvlko/python314_projects/venv_3.14/bin/python /home/dkvlko/Dheeraj-AI-programs-github/liv_code/SandasUrineServer/run_server.py
   1751       1 dkvlko   Ssl    2  0.5  0.2       12:27 futex_wait_queue               cloudflared     /usr/local/bin/cloudflared tunnel run noclass
   7840    7663 dkvlko   Sl     1  0.5  0.1       08:29 do_poll.constprop.0            ibus-extension- /usr/libexec/ibus-extension-gtk3
   8664       1 root     Ssl    0  0.4  0.2       08:05 -                              fwupd           /usr/libexec/fwupd/fwupd
   6243    6241 dkvlko   Sl+    1  0.4  0.9       08:58 ep_poll                        Xorg            /usr/lib/xorg/Xorg vt2 -displayfd 3 -auth /run/user/1000/gdm/Xauthority -nolisten tcp -background none -noreset -keeptty -novtswitch -verbose 3
   1617       1 root     Ssl    3  0.3  0.3       12:30 -                              containerd      /usr/bin/containerd
   1244       1 root     Ssl    1  0.3  0.2       12:56 -                              snapd           /usr/lib/snapd/snapd
  10531    3839 message+ S      1  0.3  0.9       07:09 -                              rspamd          rspamd: controller process (/var/lib/rspamd/rspamd.sock mode=0666 owner=nobody)
   3465    3326 root     Ssl    1  0.3  0.2       10:20 -                              python          python -u /app/main.py nftables
   3839    3814 root     Ss     3  0.3  0.6       10:18 -                              rspamd          rspamd: main process
  10528    3839 message+ S      0  0.2  0.6       07:09 -                              rspamd          rspamd: hs_helper process
   1212       1 message+ Ss     0  0.2  0.0       12:57 -                              dbus-daemon     @dbus-daemon --system --address=systemd: --nofork --nopidfile --systemd-activation --syslog-only
   1817       1 debian-+ Ssl    2  0.2  0.5       12:22 -                              tor             /usr/bin/tor --defaults-torrc /usr/share/tor/tor-service-defaults-torrc -f /etc/tor/torrc --RunAsDaemon 0
   1822       1 root     Sl     1  0.2  0.1       12:20 -                              teamviewerd     /opt/teamviewer/tv_bin/teamviewerd -d
  10532    3839 message+ S      0  0.2  0.9       07:09 -                              rspamd          rspamd: normal process (*:11333)
   1439       2 root     I<     0  0.2  0.0       12:40 -                              kworker/0:2H-kb [kworker/0:2H-kblockd]

TOP MEMORY PROCESSES:
    PID    PPID USER     STAT PSR %CPU %MEM   RSS    VSZ     ELAPSED WCHAN                          COMMAND         COMMAND
   9030    4123 dhcpcd   SNl    3  4.0  6.3 1031180 1073452    07:45 -                              clamd           clamd
   7721    6974 dkvlko   Sl     1  3.6  2.0 330448 1362728     08:29 do_poll.constprop.0            gnome-software  /usr/bin/gnome-software --gapplication-service
   7236    6004 dkvlko   Ssl    0  1.1  1.9 324336 4253640     08:37 do_poll.constprop.0            gnome-shell     /usr/bin/gnome-shell
   3610    3584 root     Ssl    2  0.1  1.8 298948 1567032     10:20 -                              ofelia          /usr/bin/ofelia daemon --docker -f label=com.docker.compose.project=mailcowdockerized
   1774       1 jellyfin Ssl    3  2.3  1.5 248832 35480928    12:27 -                              jellyfin        /usr/bin/jellyfin --webdir=/usr/share/jellyfin/web --ffmpeg=/usr/lib/jellyfin-ffmpeg/ffmpeg
   6243    6241 dkvlko   Sl+    1  0.4  0.9 157224 6919656     08:58 ep_poll                        Xorg            /usr/lib/xorg/Xorg vt2 -displayfd 3 -auth /run/user/1000/gdm/Xauthority -nolisten tcp -background none -noreset -keeptty -novtswitch -verbose 3
  10532    3839 message+ S      0  0.2  0.9 155228 299800      07:09 -                              rspamd          rspamd: normal process (*:11333)
  10531    3839 message+ S      1  0.3  0.9 152532 310772      07:09 -                              rspamd          rspamd: controller process (/var/lib/rspamd/rspamd.sock mode=0666 owner=nobody)
   1707       1 mysql    Ssl    1  2.6  0.8 137112 1688320     12:28 -                              mariadbd        /usr/sbin/mariadbd
   3454    3281 dnsmasq  Ssl    3  0.1  0.8 134184 8591857532  10:20 -                              mariadbd        mariadbd
   7849    6004 dkvlko   Ssl    0  0.5  0.7 129328 1192736     08:29 do_poll.constprop.0            python          /home/dkvlko/python314_projects/venv_3.14/bin/python /home/dkvlko/Dheeraj-AI-programs-github/liv_code/SandasUrineServer/run_server.py
   2043       1 root     Ssl    0  1.0  0.7 115472 3838856     11:30 -                              dockerd         /usr/bin/dockerd -H fd:// --containerd=/run/containerd/containerd.sock
   3839    3814 root     Ss     3  0.3  0.6 111068 210176      10:18 -                              rspamd          rspamd: main process
   8245    6004 dkvlko   Ssl    3  0.0  0.6 109736 1014348     08:21 do_poll.constprop.0            xdg-desktop-por /usr/libexec/xdg-desktop-portal-gnome
  10528    3839 message+ S      0  0.2  0.6 104684 222912      07:09 -                              rspamd          rspamd: hs_helper process
   8887    8827 dkvlko   Sl     0  0.1  0.6 104092 706944      07:55 do_poll.constprop.0            snapd-desktop-i /snap/snapd-desktop-integration/391/usr/bin/snapd-desktop-integration
  10529    3839 message+ S      0  0.0  0.6 100524 211212      07:09 -                              rspamd          rspamd: fuzzy process (*:11445)
  10530    3839 message+ S      3  0.0  0.6 100336 211212      07:09 -                              rspamd          rspamd: rspamd_proxy process (rspamd:9900)
   7370    7236 dkvlko   Sl     1  0.0  0.6 98392 768780       08:36 do_poll.constprop.0            mutter-x11-fram /usr/libexec/mutter-x11-frames
   1817       1 debian-+ Ssl    2  0.2  0.5 96656 396680       12:22 -                              tor             /usr/bin/tor --defaults-torrc /usr/share/tor/tor-service-defaults-torrc -f /etc/tor/torrc --RunAsDaemon 0
  27501   27500 www-data S      0  1.5  0.4 70212 139148       02:21 -                              php             /usr/bin/php8.3 /var/www/moodle/admin/cli/cron.php (Sept 25, 12:46:02 Waiting for next scheduled task)
  31286   31285 www-data S      1  1.7  0.4 68800 139148       01:22 -                              php             /usr/bin/php8.3 /var/www/moodle/admin/cli/cron.php (Sept 25, 12:46:02 Waiting for next scheduled task)
   3745    3719 root     Ssl    1  0.7  0.3 65036  74684       10:19 -                              python          python main.py
   7735    6974 dkvlko   Sl     2  0.0  0.3 64544 834968       08:29 do_poll.constprop.0            evolution-alarm /usr/libexec/evolution-data-server/evolution-alarm-notify
   1978    1875 www-data S      0  0.1  0.3 61420 248184       11:52 -                              apache2         /usr/sbin/apache2 -k start
   1979    1875 www-data S      3  0.1  0.3 60080 246136       11:52 -                              apache2         /usr/sbin/apache2 -k start
   1617       1 root     Ssl    3  0.3  0.3 59716 2270764      12:30 -                              containerd      /usr/bin/containerd
  12028    6004 dkvlko   Ssl    0  0.2  0.3 57712 847524       06:33 do_poll.constprop.0            gnome-terminal- /usr/libexec/gnome-terminal-server
   5211       1 root     Ssl    0  3.6  0.3 55648 455252       09:27 -                              packagekitd     /usr/libexec/packagekitd
  34988   34987 www-data S      1  1.9  0.3 51568 127980       00:21 -                              php             /usr/bin/php /var/www/moodle/admin/cli/cron.php

ALL D-STATE PROCESSES:
    PID    PPID USER     STAT PSR %CPU %MEM     ELAPSED WCHAN                                    COMMAND         COMMAND

ZOMBIES:
    PID    PPID USER     STAT COMMAND         COMMAND

==============================================================
2026-09-25 12:47:26 +0530 CHECK=7
==============================================================

LOAD:
0.34 3.17 3.60 1/1348 39870

TOP CPU PROCESSES:
    PID    PPID USER     STAT PSR %CPU %MEM     ELAPSED WCHAN                          COMMAND         COMMAND
   9030    4123 dhcpcd   SNl    0  3.5  6.3       08:49 -                              clamd           clamd
   7721    6974 dkvlko   Sl     2  3.2  2.0       09:34 do_poll.constprop.0            gnome-software  /usr/bin/gnome-software --gapplication-service
   1707       1 mysql    Ssl    2  2.7  0.8       13:33 -                              mariadbd        /usr/sbin/mariadbd
  38635   38634 www-data S      1  2.5  0.3       00:26 -                              php             /usr/bin/php8.3 /var/www/moodle/admin/cli/cron.php (Sept 25, 12:47:01 Waiting for next scheduled task)
   1774       1 jellyfin Ssl    3  2.1  1.5       13:31 -                              jellyfin        /usr/bin/jellyfin --webdir=/usr/share/jellyfin/web --ffmpeg=/usr/lib/jellyfin-ffmpeg/ffmpeg
  34988   34987 www-data S      2  1.5  0.3       01:26 -                              php             /usr/bin/php8.3 /var/www/moodle/admin/cli/cron.php (Sept 25, 12:47:01 Waiting for next scheduled task)
  31286   31285 www-data S      3  1.5  0.4       02:26 -                              php             /usr/bin/php8.3 /var/www/moodle/admin/cli/cron.php (Sept 25, 12:47:01 Waiting for next scheduled task)
   1945       1 root     SNs    0  1.3  0.1       13:05 -                              preload         /usr/sbin/preload -s /var/lib/preload/preload.state
   3937    3900 root     Ssl    3  1.1  0.0       11:21 -                              redis-server    redis-server *:6379
   7236    6004 dkvlko   Ssl    3  1.0  1.9       09:42 do_poll.constprop.0            gnome-shell     /usr/bin/gnome-shell
   2043       1 root     Ssl    0  1.0  0.7       12:35 -                              dockerd         /usr/bin/dockerd -H fd:// --containerd=/run/containerd/containerd.sock
   3745    3719 root     Ssl    2  0.6  0.3       11:23 -                              python          python main.py
      1       0 root     Ss     0  0.6  0.0       14:49 -                              systemd         /sbin/init splash
   1751       1 dkvlko   Ssl    3  0.5  0.2       13:31 futex_wait_queue               cloudflared     /usr/local/bin/cloudflared tunnel run noclass
   7849    6004 dkvlko   Ssl    1  0.4  0.7       09:33 do_poll.constprop.0            python          /home/dkvlko/python314_projects/venv_3.14/bin/python /home/dkvlko/Dheeraj-AI-programs-github/liv_code/SandasUrineServer/run_server.py
   7840    7663 dkvlko   Sl     0  0.4  0.1       09:33 do_poll.constprop.0            ibus-extension- /usr/libexec/ibus-extension-gtk3
   8664       1 root     Ssl    0  0.3  0.2       09:10 -                              fwupd           /usr/libexec/fwupd/fwupd
   6243    6241 dkvlko   Sl+    2  0.3  0.9       10:02 ep_poll                        Xorg            /usr/lib/xorg/Xorg vt2 -displayfd 3 -auth /run/user/1000/gdm/Xauthority -nolisten tcp -background none -noreset -keeptty -novtswitch -verbose 3
   1617       1 root     Ssl    3  0.3  0.3       13:35 -                              containerd      /usr/bin/containerd
  10531    3839 message+ S      1  0.3  0.9       08:13 -                              rspamd          rspamd: controller process (/var/lib/rspamd/rspamd.sock mode=0666 owner=nobody)
   1244       1 root     Ssl    1  0.3  0.2       14:00 -                              snapd           /usr/lib/snapd/snapd
   3465    3326 root     Ssl    0  0.3  0.2       11:25 -                              python          python -u /app/main.py nftables
   3839    3814 root     Ss     2  0.2  0.6       11:22 -                              rspamd          rspamd: main process
   1212       1 message+ Ss     3  0.2  0.0       14:01 -                              dbus-daemon     @dbus-daemon --system --address=systemd: --nofork --nopidfile --systemd-activation --syslog-only
   1817       1 debian-+ Ssl    2  0.2  0.5       13:26 -                              tor             /usr/bin/tor --defaults-torrc /usr/share/tor/tor-service-defaults-torrc -f /etc/tor/torrc --RunAsDaemon 0
   1822       1 root     Sl     0  0.2  0.1       13:25 -                              teamviewerd     /opt/teamviewer/tv_bin/teamviewerd -d
  10528    3839 message+ S      1  0.2  0.6       08:13 -                              rspamd          rspamd: hs_helper process
  10532    3839 message+ S      2  0.2  0.9       08:13 -                              rspamd          rspamd: normal process (*:11333)
   1439       2 root     I<     0  0.2  0.0       13:44 -                              kworker/0:2H-ac [kworker/0:2H-acpi_thermal_pm]
   1221       1 root     Ssl    2  0.2  0.1       14:01 -                              martin          /usr/bin/martin --config /usr/local/etc/martin/config.yaml

TOP MEMORY PROCESSES:
    PID    PPID USER     STAT PSR %CPU %MEM   RSS    VSZ     ELAPSED WCHAN                          COMMAND         COMMAND
   9030    4123 dhcpcd   SNl    0  3.5  6.3 1031180 1073452    08:49 -                              clamd           clamd
   7721    6974 dkvlko   Sl     2  3.2  2.0 330448 1362728     09:34 do_poll.constprop.0            gnome-software  /usr/bin/gnome-software --gapplication-service
   7236    6004 dkvlko   Ssl    3  1.0  1.9 324304 4253640     09:42 do_poll.constprop.0            gnome-shell     /usr/bin/gnome-shell
   3610    3584 root     Ssl    3  0.1  1.7 284412 1567032     11:24 -                              ofelia          /usr/bin/ofelia daemon --docker -f label=com.docker.compose.project=mailcowdockerized
   1774       1 jellyfin Ssl    3  2.1  1.5 249276 35480928    13:31 -                              jellyfin        /usr/bin/jellyfin --webdir=/usr/share/jellyfin/web --ffmpeg=/usr/lib/jellyfin-ffmpeg/ffmpeg
   6243    6241 dkvlko   Sl+    2  0.3  0.9 157224 6919656     10:02 ep_poll                        Xorg            /usr/lib/xorg/Xorg vt2 -displayfd 3 -auth /run/user/1000/gdm/Xauthority -nolisten tcp -background none -noreset -keeptty -novtswitch -verbose 3
  10532    3839 message+ S      2  0.2  0.9 155744 299928      08:13 -                              rspamd          rspamd: normal process (*:11333)
  10531    3839 message+ S      1  0.3  0.9 152392 310772      08:13 -                              rspamd          rspamd: controller process (/var/lib/rspamd/rspamd.sock mode=0666 owner=nobody)
   1707       1 mysql    Ssl    2  2.7  0.8 137368 1688320     13:33 -                              mariadbd        /usr/sbin/mariadbd
   3454    3281 dnsmasq  Ssl    1  0.1  0.8 134184 8591857532  11:25 -                              mariadbd        mariadbd
   7849    6004 dkvlko   Ssl    1  0.4  0.7 129328 1192736     09:33 do_poll.constprop.0            python          /home/dkvlko/python314_projects/venv_3.14/bin/python /home/dkvlko/Dheeraj-AI-programs-github/liv_code/SandasUrineServer/run_server.py
   2043       1 root     Ssl    0  1.0  0.7 115500 3838856     12:35 -                              dockerd         /usr/bin/dockerd -H fd:// --containerd=/run/containerd/containerd.sock
   3839    3814 root     Ss     2  0.2  0.6 111068 210176      11:22 -                              rspamd          rspamd: main process
   8245    6004 dkvlko   Ssl    3  0.0  0.6 109736 1014348     09:25 do_poll.constprop.0            xdg-desktop-por /usr/libexec/xdg-desktop-portal-gnome
  10528    3839 message+ S      1  0.2  0.6 104684 222912      08:13 -                              rspamd          rspamd: hs_helper process
   8887    8827 dkvlko   Sl     0  0.1  0.6 104092 706944      08:59 do_poll.constprop.0            snapd-desktop-i /snap/snapd-desktop-integration/391/usr/bin/snapd-desktop-integration
  10529    3839 message+ S      0  0.0  0.6 100524 211212      08:13 -                              rspamd          rspamd: fuzzy process (*:11445)
  10530    3839 message+ S      3  0.0  0.6 100336 211212      08:13 -                              rspamd          rspamd: rspamd_proxy process (rspamd:9900)
   7370    7236 dkvlko   Sl     0  0.0  0.6 98392 768780       09:41 do_poll.constprop.0            mutter-x11-fram /usr/libexec/mutter-x11-frames
   1817       1 debian-+ Ssl    2  0.2  0.5 96656 396680       13:26 -                              tor             /usr/bin/tor --defaults-torrc /usr/share/tor/tor-service-defaults-torrc -f /etc/tor/torrc --RunAsDaemon 0
  31286   31285 www-data S      3  1.5  0.4 69224 139148       02:26 -                              php             /usr/bin/php8.3 /var/www/moodle/admin/cli/cron.php (Sept 25, 12:47:01 Waiting for next scheduled task)
   3745    3719 root     Ssl    2  0.6  0.3 65036  74684       11:23 -                              python          python main.py
   7735    6974 dkvlko   Sl     2  0.0  0.3 64544 834968       09:34 do_poll.constprop.0            evolution-alarm /usr/libexec/evolution-data-server/evolution-alarm-notify
  38635   38634 www-data S      1  2.5  0.3 64136 135052       00:26 -                              php             /usr/bin/php8.3 /var/www/moodle/admin/cli/cron.php (Sept 25, 12:47:01 Waiting for next scheduled task)
  34988   34987 www-data S      2  1.5  0.3 63024 133004       01:26 -                              php             /usr/bin/php8.3 /var/www/moodle/admin/cli/cron.php (Sept 25, 12:47:01 Waiting for next scheduled task)
   1978    1875 www-data S      0  0.1  0.3 61420 248184       12:57 -                              apache2         /usr/sbin/apache2 -k start
   1979    1875 www-data S      3  0.1  0.3 60080 246136       12:57 -                              apache2         /usr/sbin/apache2 -k start
   1617       1 root     Ssl    3  0.3  0.3 59728 2270764      13:35 -                              containerd      /usr/bin/containerd
  12028    6004 dkvlko   Ssl    0  0.1  0.3 57716 847524       07:38 do_poll.constprop.0            gnome-terminal- /usr/libexec/gnome-terminal-server
   8664       1 root     Ssl    0  0.3  0.2 48844 408036       09:10 -                              fwupd           /usr/libexec/fwupd/fwupd

ALL D-STATE PROCESSES:
    PID    PPID USER     STAT PSR %CPU %MEM     ELAPSED WCHAN                                    COMMAND         COMMAND

ZOMBIES:
    PID    PPID USER     STAT COMMAND         COMMAND

==============================================================
2026-09-25 12:48:31 +0530 CHECK=8
==============================================================

LOAD:
0.34 2.61 3.37 1/1352 43636

TOP CPU PROCESSES:
    PID    PPID USER     STAT PSR %CPU %MEM     ELAPSED WCHAN                          COMMAND         COMMAND
  43637   14866 dkvlko   R+     1  200  0.0       00:00 -                              ps              ps -eo pid,ppid,user,stat,psr,%cpu,%mem,etime,wchan:30,comm,args --sort=-%cpu
   9030    4123 dhcpcd   SNl    0  3.1  6.3       09:54 -                              clamd           clamd
   7721    6974 dkvlko   Sl     1  2.8  2.0       10:38 do_poll.constprop.0            gnome-software  /usr/bin/gnome-software --gapplication-service
   1707       1 mysql    Ssl    2  2.8  0.8       14:37 -                              mariadbd        /usr/sbin/mariadbd
   1774       1 jellyfin Ssl    3  2.0  1.5       14:36 -                              jellyfin        /usr/bin/jellyfin --webdir=/usr/share/jellyfin/web --ffmpeg=/usr/lib/jellyfin-ffmpeg/ffmpeg
  41349   41348 www-data S      0  1.8  0.3       00:30 -                              php             /usr/bin/php /var/www/moodle/admin/cli/cron.php
  38635   38634 www-data S      1  1.6  0.4       01:31 -                              php             /usr/bin/php8.3 /var/www/moodle/admin/cli/cron.php (Sept 25, 12:48:01 Waiting for next scheduled task)
  34988   34987 www-data S      2  1.4  0.4       02:30 -                              php             /usr/bin/php8.3 /var/www/moodle/admin/cli/cron.php (Sept 25, 12:48:01 Waiting for next scheduled task)
   1945       1 root     SNs    1  1.3  0.1       14:09 -                              preload         /usr/sbin/preload -s /var/lib/preload/preload.state
   3937    3900 root     Ssl    1  1.1  0.0       12:26 -                              redis-server    redis-server *:6379
   2043       1 root     Ssl    0  1.0  0.7       13:39 -                              dockerd         /usr/bin/dockerd -H fd:// --containerd=/run/containerd/containerd.sock
   7236    6004 dkvlko   Ssl    1  0.9  2.1       10:46 do_poll.constprop.0            gnome-shell     /usr/bin/gnome-shell
   3745    3719 root     Ssl    3  0.6  0.3       12:27 -                              python          python main.py
      1       0 root     Ss     1  0.5  0.0       15:54 -                              systemd         /sbin/init splash
   1751       1 dkvlko   Ssl    1  0.5  0.2       14:36 futex_wait_queue               cloudflared     /usr/local/bin/cloudflared tunnel run noclass
   7849    6004 dkvlko   Ssl    2  0.4  0.7       10:38 do_poll.constprop.0            python          /home/dkvlko/python314_projects/venv_3.14/bin/python /home/dkvlko/Dheeraj-AI-programs-github/liv_code/SandasUrineServer/run_server.py
   7840    7663 dkvlko   Sl     1  0.4  0.1       10:38 do_poll.constprop.0            ibus-extension- /usr/libexec/ibus-extension-gtk3
  10531    3839 message+ S      0  0.3  0.9       09:17 -                              rspamd          rspamd: controller process (/var/lib/rspamd/rspamd.sock mode=0666 owner=nobody)
   1617       1 root     Ssl    3  0.3  0.3       14:39 -                              containerd      /usr/bin/containerd
   6243    6241 dkvlko   Sl+    0  0.3  0.9       11:07 ep_poll                        Xorg            /usr/lib/xorg/Xorg vt2 -displayfd 3 -auth /run/user/1000/gdm/Xauthority -nolisten tcp -background none -noreset -keeptty -novtswitch -verbose 3
   8664       1 root     Ssl    0  0.3  0.2       10:14 -                              fwupd           /usr/libexec/fwupd/fwupd
   1244       1 root     Ssl    1  0.3  0.2       15:05 -                              snapd           /usr/lib/snapd/snapd
   3465    3326 root     Ssl    2  0.2  0.2       12:29 -                              python          python -u /app/main.py nftables
   1822       1 root     Sl     2  0.2  0.1       14:29 -                              teamviewerd     /opt/teamviewer/tv_bin/teamviewerd -d
   1212       1 message+ Ss     3  0.2  0.0       15:06 -                              dbus-daemon     @dbus-daemon --system --address=systemd: --nofork --nopidfile --systemd-activation --syslog-only
   3839    3814 root     Ss     2  0.2  0.6       12:27 -                              rspamd          rspamd: main process
   1817       1 debian-+ Ssl    2  0.2  0.5       14:31 -                              tor             /usr/bin/tor --defaults-torrc /usr/share/tor/tor-service-defaults-torrc -f /etc/tor/torrc --RunAsDaemon 0
  10532    3839 message+ S      0  0.2  0.9       09:17 -                              rspamd          rspamd: normal process (*:11333)
  10528    3839 message+ S      2  0.2  0.6       09:17 -                              rspamd          rspamd: hs_helper process
   1221       1 root     Ssl    2  0.2  0.1       15:06 -                              martin          /usr/bin/martin --config /usr/local/etc/martin/config.yaml

TOP MEMORY PROCESSES:
    PID    PPID USER     STAT PSR %CPU %MEM   RSS    VSZ     ELAPSED WCHAN                          COMMAND         COMMAND
   9030    4123 dhcpcd   SNl    0  3.1  6.3 1031180 1073452    09:54 -                              clamd           clamd
   7236    6004 dkvlko   Ssl    1  0.9  2.1 354028 4265992     10:46 do_poll.constprop.0            gnome-shell     /usr/bin/gnome-shell
   7721    6974 dkvlko   Sl     1  2.8  2.0 330448 1362728     10:38 do_poll.constprop.0            gnome-software  /usr/bin/gnome-software --gapplication-service
   3610    3584 root     Ssl    0  0.1  1.5 251788 1567032     12:28 -                              ofelia          /usr/bin/ofelia daemon --docker -f label=com.docker.compose.project=mailcowdockerized
   1774       1 jellyfin Ssl    3  2.0  1.5 249724 35480928    14:36 -                              jellyfin        /usr/bin/jellyfin --webdir=/usr/share/jellyfin/web --ffmpeg=/usr/lib/jellyfin-ffmpeg/ffmpeg
  10532    3839 message+ S      0  0.2  0.9 158632 300056      09:17 -                              rspamd          rspamd: normal process (*:11333)
   6243    6241 dkvlko   Sl+    0  0.3  0.9 157224 6919656     11:07 ep_poll                        Xorg            /usr/lib/xorg/Xorg vt2 -displayfd 3 -auth /run/user/1000/gdm/Xauthority -nolisten tcp -background none -noreset -keeptty -novtswitch -verbose 3
  10531    3839 message+ S      0  0.3  0.9 154348 311156      09:17 -                              rspamd          rspamd: controller process (/var/lib/rspamd/rspamd.sock mode=0666 owner=nobody)
   3454    3281 dnsmasq  Ssl    1  0.1  0.8 141332 8591857532  12:29 -                              mariadbd        mariadbd
   1707       1 mysql    Ssl    2  2.8  0.8 137432 1688320     14:37 -                              mariadbd        /usr/sbin/mariadbd
   7849    6004 dkvlko   Ssl    2  0.4  0.7 129328 1192736     10:38 do_poll.constprop.0            python          /home/dkvlko/python314_projects/venv_3.14/bin/python /home/dkvlko/Dheeraj-AI-programs-github/liv_code/SandasUrineServer/run_server.py
   2043       1 root     Ssl    0  1.0  0.7 115528 3838856     13:39 -                              dockerd         /usr/bin/dockerd -H fd:// --containerd=/run/containerd/containerd.sock
   3839    3814 root     Ss     2  0.2  0.6 111068 210176      12:27 -                              rspamd          rspamd: main process
   8245    6004 dkvlko   Ssl    3  0.0  0.6 109736 1014348     10:30 do_poll.constprop.0            xdg-desktop-por /usr/libexec/xdg-desktop-portal-gnome
  10528    3839 message+ S      2  0.2  0.6 104684 222912      09:18 -                              rspamd          rspamd: hs_helper process
   8887    8827 dkvlko   Sl     0  0.1  0.6 104092 706944      10:04 do_poll.constprop.0            snapd-desktop-i /snap/snapd-desktop-integration/391/usr/bin/snapd-desktop-integration
  10529    3839 message+ S      0  0.0  0.6 100524 211212      09:18 -                              rspamd          rspamd: fuzzy process (*:11445)
  10530    3839 message+ S      2  0.0  0.6 100336 211212      09:18 -                              rspamd          rspamd: rspamd_proxy process (rspamd:9900)
   7370    7236 dkvlko   Sl     3  0.0  0.6 98392 768780       10:45 do_poll.constprop.0            mutter-x11-fram /usr/libexec/mutter-x11-frames
   1817       1 debian-+ Ssl    2  0.2  0.5 96656 396680       14:31 -                              tor             /usr/bin/tor --defaults-torrc /usr/share/tor/tor-service-defaults-torrc -f /etc/tor/torrc --RunAsDaemon 0
  34988   34987 www-data S      2  1.4  0.4 69752 139148       02:30 -                              php             /usr/bin/php8.3 /var/www/moodle/admin/cli/cron.php (Sept 25, 12:48:01 Waiting for next scheduled task)
  38635   38634 www-data S      1  1.6  0.4 68016 137100       01:31 -                              php             /usr/bin/php8.3 /var/www/moodle/admin/cli/cron.php (Sept 25, 12:48:01 Waiting for next scheduled task)
   3745    3719 root     Ssl    2  0.6  0.3 65036  74684       12:28 -                              python          python main.py
   7735    6974 dkvlko   Sl     0  0.0  0.3 64544 834968       10:38 do_poll.constprop.0            evolution-alarm /usr/libexec/evolution-data-server/evolution-alarm-notify
   1978    1875 www-data S      0  0.1  0.3 61420 248184       14:01 -                              apache2         /usr/sbin/apache2 -k start
   1979    1875 www-data S      3  0.1  0.3 60080 246136       14:01 -                              apache2         /usr/sbin/apache2 -k start
   1617       1 root     Ssl    3  0.3  0.3 59772 2270764      14:39 -                              containerd      /usr/bin/containerd
  12028    6004 dkvlko   Ssl    2  0.1  0.3 57716 847524       08:42 do_poll.constprop.0            gnome-terminal- /usr/libexec/gnome-terminal-server
  41349   41348 www-data S      0  1.8  0.3 51568 127980       00:30 -                              php             /usr/bin/php /var/www/moodle/admin/cli/cron.php
   8664       1 root     Ssl    0  0.3  0.2 48844 408036       10:14 -                              fwupd           /usr/libexec/fwupd/fwupd

ALL D-STATE PROCESSES:
    PID    PPID USER     STAT PSR %CPU %MEM     ELAPSED WCHAN                                    COMMAND         COMMAND

ZOMBIES:
    PID    PPID USER     STAT COMMAND         COMMAND

==============================================================
2026-09-25 12:49:35 +0530 CHECK=9
==============================================================

LOAD:
0.40 2.20 3.18 1/1349 47638

TOP CPU PROCESSES:
    PID    PPID USER     STAT PSR %CPU %MEM     ELAPSED WCHAN                          COMMAND         COMMAND
   9030    4123 dhcpcd   SNl    3  5.7  6.3       10:58 -                              clamd           clamd
   1707       1 mysql    Ssl    3  2.7  0.8       15:41 -                              mariadbd        /usr/sbin/mariadbd
   7721    6974 dkvlko   Sl     2  2.6  2.0       11:43 do_poll.constprop.0            gnome-software  /usr/bin/gnome-software --gapplication-service
   1774       1 jellyfin Ssl    3  1.8  1.5       15:40 -                              jellyfin        /usr/bin/jellyfin --webdir=/usr/share/jellyfin/web --ffmpeg=/usr/lib/jellyfin-ffmpeg/ffmpeg
  45304   45303 www-data S      1  1.7  0.3       00:34 -                              php             /usr/bin/php /var/www/moodle/admin/cli/cron.php
  38635   38634 www-data S      3  1.4  0.4       02:35 -                              php             /usr/bin/php8.3 /var/www/moodle/admin/cli/cron.php (Sept 25, 12:49:02 Waiting for next scheduled task)
   1945       1 root     SNs    3  1.4  0.1       15:14 -                              preload         /usr/sbin/preload -s /var/lib/preload/preload.state
  41349   41348 www-data S      2  1.3  0.3       01:35 -                              php             /usr/bin/php8.3 /var/www/moodle/admin/cli/cron.php (Sept 25, 12:49:02 Waiting for next scheduled task)
   3937    3900 root     Rsl    0  1.1  0.0       13:30 -                              redis-server    redis-server *:6379
   2043       1 root     Ssl    0  0.9  0.7       14:44 -                              dockerd         /usr/bin/dockerd -H fd:// --containerd=/run/containerd/containerd.sock
   7236    6004 dkvlko   Ssl    1  0.9  2.1       11:51 do_poll.constprop.0            gnome-shell     /usr/bin/gnome-shell
   3745    3719 root     Ssl    2  0.6  0.3       13:32 -                              python          python main.py
      1       0 root     Ss     0  0.5  0.0       16:58 -                              systemd         /sbin/init splash
   1751       1 dkvlko   Ssl    2  0.5  0.2       15:40 futex_wait_queue               cloudflared     /usr/local/bin/cloudflared tunnel run noclass
   7849    6004 dkvlko   Ssl    3  0.4  0.7       11:42 do_poll.constprop.0            python          /home/dkvlko/python314_projects/venv_3.14/bin/python /home/dkvlko/Dheeraj-AI-programs-github/liv_code/SandasUrineServer/run_server.py
   7840    7663 dkvlko   Sl     0  0.3  0.1       11:42 do_poll.constprop.0            ibus-extension- /usr/libexec/ibus-extension-gtk3
  10531    3839 message+ S      2  0.3  0.9       10:22 -                              rspamd          rspamd: controller process (/var/lib/rspamd/rspamd.sock mode=0666 owner=nobody)
   1617       1 root     Ssl    3  0.3  0.3       15:44 -                              containerd      /usr/bin/containerd
   6243    6241 dkvlko   Sl+    3  0.3  0.9       12:11 ep_poll                        Xorg            /usr/lib/xorg/Xorg vt2 -displayfd 3 -auth /run/user/1000/gdm/Xauthority -nolisten tcp -background none -noreset -keeptty -novtswitch -verbose 3
   8664       1 root     Ssl    0  0.3  0.2       11:19 -                              fwupd           /usr/libexec/fwupd/fwupd
   1244       1 root     Ssl    1  0.3  0.2       16:09 -                              snapd           /usr/lib/snapd/snapd
   3465    3326 root     Ssl    0  0.2  0.2       13:34 -                              python          python -u /app/main.py nftables
   1822       1 root     Sl     3  0.2  0.1       15:34 -                              teamviewerd     /opt/teamviewer/tv_bin/teamviewerd -d
   1212       1 message+ Ss     1  0.2  0.0       16:10 -                              dbus-daemon     @dbus-daemon --system --address=systemd: --nofork --nopidfile --systemd-activation --syslog-only
  10532    3839 message+ S      1  0.2  0.9       10:22 -                              rspamd          rspamd: normal process (*:11333)
   3839    3814 root     Ss     3  0.2  0.6       13:31 -                              rspamd          rspamd: main process
   1817       1 debian-+ Ssl    2  0.2  0.5       15:35 -                              tor             /usr/bin/tor --defaults-torrc /usr/share/tor/tor-service-defaults-torrc -f /etc/tor/torrc --RunAsDaemon 0
   1221       1 root     Ssl    2  0.2  0.1       16:10 -                              martin          /usr/bin/martin --config /usr/local/etc/martin/config.yaml
  10528    3839 message+ S      2  0.2  0.6       10:22 -                              rspamd          rspamd: hs_helper process
   1439       2 root     I<     0  0.1  0.0       15:53 -                              kworker/0:2H-kb [kworker/0:2H-kblockd]

TOP MEMORY PROCESSES:
    PID    PPID USER     STAT PSR %CPU %MEM   RSS    VSZ     ELAPSED WCHAN                          COMMAND         COMMAND
   9030    4123 dhcpcd   SNl    3  5.7  6.3 1031300 1073548    10:58 -                              clamd           clamd
   7236    6004 dkvlko   Ssl    1  0.9  2.1 354060 4265992     11:51 do_poll.constprop.0            gnome-shell     /usr/bin/gnome-shell
   7721    6974 dkvlko   Sl     2  2.6  2.0 330448 1362728     11:43 do_poll.constprop.0            gnome-software  /usr/bin/gnome-software --gapplication-service
   1774       1 jellyfin Ssl    3  1.8  1.5 249724 35480928    15:40 -                              jellyfin        /usr/bin/jellyfin --webdir=/usr/share/jellyfin/web --ffmpeg=/usr/lib/jellyfin-ffmpeg/ffmpeg
   3610    3584 root     Ssl    1  0.1  1.4 244436 1567032     13:33 -                              ofelia          /usr/bin/ofelia daemon --docker -f label=com.docker.compose.project=mailcowdockerized
  10532    3839 message+ S      1  0.2  0.9 158744 300184      10:22 -                              rspamd          rspamd: normal process (*:11333)
   6243    6241 dkvlko   Sl+    3  0.3  0.9 157224 6919656     12:11 ep_poll                        Xorg            /usr/lib/xorg/Xorg vt2 -displayfd 3 -auth /run/user/1000/gdm/Xauthority -nolisten tcp -background none -noreset -keeptty -novtswitch -verbose 3
  10531    3839 message+ S      2  0.3  0.9 152536 311156      10:22 -                              rspamd          rspamd: controller process (/var/lib/rspamd/rspamd.sock mode=0666 owner=nobody)
   3454    3281 dnsmasq  Ssl    1  0.1  0.8 141460 8591857532  13:34 -                              mariadbd        mariadbd
   1707       1 mysql    Ssl    3  2.8  0.8 137884 1688320     15:42 -                              mariadbd        /usr/sbin/mariadbd
   7849    6004 dkvlko   Ssl    3  0.4  0.7 129328 1192736     11:42 do_poll.constprop.0            python          /home/dkvlko/python314_projects/venv_3.14/bin/python /home/dkvlko/Dheeraj-AI-programs-github/liv_code/SandasUrineServer/run_server.py
   2043       1 root     Ssl    0  0.9  0.7 115584 3838856     14:44 -                              dockerd         /usr/bin/dockerd -H fd:// --containerd=/run/containerd/containerd.sock
   3839    3814 root     Ss     3  0.2  0.6 111068 210176      13:31 -                              rspamd          rspamd: main process
   8245    6004 dkvlko   Ssl    3  0.0  0.6 109736 1014348     11:34 do_poll.constprop.0            xdg-desktop-por /usr/libexec/xdg-desktop-portal-gnome
  10528    3839 message+ S      2  0.2  0.6 104684 222912      10:22 -                              rspamd          rspamd: hs_helper process
   8887    8827 dkvlko   Sl     0  0.1  0.6 104092 706944      11:08 do_poll.constprop.0            snapd-desktop-i /snap/snapd-desktop-integration/391/usr/bin/snapd-desktop-integration
  10529    3839 message+ S      1  0.0  0.6 100524 211212      10:22 -                              rspamd          rspamd: fuzzy process (*:11445)
  10530    3839 message+ S      2  0.0  0.6 100336 211212      10:22 -                              rspamd          rspamd: rspamd_proxy process (rspamd:9900)
   7370    7236 dkvlko   Sl     3  0.0  0.6 98392 768780       11:50 do_poll.constprop.0            mutter-x11-fram /usr/libexec/mutter-x11-frames
   1817       1 debian-+ Ssl    2  0.2  0.5 96656 396680       15:35 -                              tor             /usr/bin/tor --defaults-torrc /usr/share/tor/tor-service-defaults-torrc -f /etc/tor/torrc --RunAsDaemon 0
  38635   38634 www-data S      3  1.4  0.4 71008 141196       02:35 -                              php             /usr/bin/php8.3 /var/www/moodle/admin/cli/cron.php (Sept 25, 12:49:02 Waiting for next scheduled task)
   3745    3719 root     Ssl    2  0.6  0.3 65036  74684       13:32 -                              python          python main.py
  41349   41348 www-data S      2  1.3  0.3 64956 137100       01:35 -                              php             /usr/bin/php8.3 /var/www/moodle/admin/cli/cron.php (Sept 25, 12:49:02 Waiting for next scheduled task)
   7735    6974 dkvlko   Sl     2  0.0  0.3 64544 834968       11:43 do_poll.constprop.0            evolution-alarm /usr/libexec/evolution-data-server/evolution-alarm-notify
   1978    1875 www-data S      0  0.1  0.3 61420 248184       15:06 -                              apache2         /usr/sbin/apache2 -k start
   1979    1875 www-data S      3  0.0  0.3 60080 246136       15:06 -                              apache2         /usr/sbin/apache2 -k start
   1617       1 root     Ssl    3  0.3  0.3 59776 2270764      15:44 -                              containerd      /usr/bin/containerd
  12028    6004 dkvlko   Ssl    2  0.1  0.3 57716 847524       09:47 do_poll.constprop.0            gnome-terminal- /usr/libexec/gnome-terminal-server
  45304   45303 www-data S      1  1.7  0.3 51480 127980       00:34 -                              php             /usr/bin/php /var/www/moodle/admin/cli/cron.php
   8664       1 root     Ssl    0  0.3  0.2 48844 408036       11:19 -                              fwupd           /usr/libexec/fwupd/fwupd

ALL D-STATE PROCESSES:
    PID    PPID USER     STAT PSR %CPU %MEM     ELAPSED WCHAN                                    COMMAND         COMMAND

ZOMBIES:
    PID    PPID USER     STAT COMMAND         COMMAND

==============================================================
2026-09-25 12:50:40 +0530 CHECK=10
==============================================================

LOAD:
0.43 1.87 3.00 1/1352 51412

TOP CPU PROCESSES:
    PID    PPID USER     STAT PSR %CPU %MEM     ELAPSED WCHAN                          COMMAND         COMMAND
   9030    4123 dhcpcd   SNl    1  5.1  6.3       12:03 -                              clamd           clamd
   1707       1 mysql    Ssl    3  2.8  0.8       16:46 -                              mariadbd        /usr/sbin/mariadbd
  49045   49044 www-data S      3  2.7  0.4       00:39 -                              php             /usr/bin/php8.3 /var/www/moodle/admin/cli/cron.php (Sept 25, 12:50:03 Waiting for next scheduled task)
   7721    6974 dkvlko   Sl     2  2.4  2.0       12:47 do_poll.constprop.0            gnome-software  /usr/bin/gnome-software --gapplication-service
   1774       1 jellyfin Ssl    3  1.7  1.5       16:45 -                              jellyfin        /usr/bin/jellyfin --webdir=/usr/share/jellyfin/web --ffmpeg=/usr/lib/jellyfin-ffmpeg/ffmpeg
  45304   45303 www-data S      3  1.6  0.4       01:39 -                              php             /usr/bin/php8.3 /var/www/moodle/admin/cli/cron.php (Sept 25, 12:50:04 Waiting for next scheduled task)
   1945       1 root     SNs    0  1.4  0.1       16:18 -                              preload         /usr/sbin/preload -s /var/lib/preload/preload.state
  41349   41348 www-data S      0  1.2  0.4       02:39 -                              php             /usr/bin/php8.3 /var/www/moodle/admin/cli/cron.php (Sept 25, 12:49:02 Waiting for next scheduled task)
   3937    3900 root     Ssl    1  1.1  0.0       14:35 -                              redis-server    redis-server *:6379
   2043       1 root     Ssl    0  0.9  0.7       15:48 -                              dockerd         /usr/bin/dockerd -H fd:// --containerd=/run/containerd/containerd.sock
   7236    6004 dkvlko   Ssl    1  0.8  2.1       12:55 do_poll.constprop.0            gnome-shell     /usr/bin/gnome-shell
   3745    3719 root     Ssl    2  0.6  0.3       14:36 -                              python          python main.py
   1751       1 dkvlko   Ssl    1  0.5  0.2       16:45 futex_wait_queue               cloudflared     /usr/local/bin/cloudflared tunnel run noclass
      1       0 root     Ss     3  0.5  0.0       18:03 -                              systemd         /sbin/init splash
   7849    6004 dkvlko   Ssl    0  0.3  0.7       12:47 do_poll.constprop.0            python          /home/dkvlko/python314_projects/venv_3.14/bin/python /home/dkvlko/Dheeraj-AI-programs-github/liv_code/SandasUrineServer/run_server.py
   7840    7663 dkvlko   Sl     1  0.3  0.1       12:47 do_poll.constprop.0            ibus-extension- /usr/libexec/ibus-extension-gtk3
  10531    3839 message+ S      3  0.3  0.9       11:26 -                              rspamd          rspamd: controller process (/var/lib/rspamd/rspamd.sock mode=0666 owner=nobody)
   1617       1 root     Ssl    3  0.3  0.3       16:48 -                              containerd      /usr/bin/containerd
   6243    6241 dkvlko   Sl+    1  0.3  0.9       13:16 ep_poll                        Xorg            /usr/lib/xorg/Xorg vt2 -displayfd 3 -auth /run/user/1000/gdm/Xauthority -nolisten tcp -background none -noreset -keeptty -novtswitch -verbose 3
   1244       1 root     Ssl    1  0.2  0.2       17:14 -                              snapd           /usr/lib/snapd/snapd
   8664       1 root     Ssl    0  0.2  0.2       12:23 -                              fwupd           /usr/libexec/fwupd/fwupd
   3465    3326 root     Ssl    2  0.2  0.2       14:38 -                              python          python -u /app/main.py nftables
   1822       1 root     Sl     1  0.2  0.1       16:38 -                              teamviewerd     /opt/teamviewer/tv_bin/teamviewerd -d
  10532    3839 message+ S      3  0.2  0.9       11:26 -                              rspamd          rspamd: normal process (*:11333)
   1212       1 message+ Ss     2  0.2  0.0       17:15 -                              dbus-daemon     @dbus-daemon --system --address=systemd: --nofork --nopidfile --systemd-activation --syslog-only
   3839    3814 root     Ss     0  0.2  0.6       14:35 -                              rspamd          rspamd: main process
   1817       1 debian-+ Ssl    2  0.2  0.5       16:40 -                              tor             /usr/bin/tor --defaults-torrc /usr/share/tor/tor-service-defaults-torrc -f /etc/tor/torrc --RunAsDaemon 0
   1221       1 root     Ssl    2  0.2  0.1       17:14 -                              martin          /usr/bin/martin --config /usr/local/etc/martin/config.yaml
  10528    3839 message+ S      0  0.1  0.6       11:26 -                              rspamd          rspamd: hs_helper process
    556       2 root     S      2  0.1  0.0       17:37 -                              irq/52-nvidia   [irq/52-nvidia]

TOP MEMORY PROCESSES:
    PID    PPID USER     STAT PSR %CPU %MEM   RSS    VSZ     ELAPSED WCHAN                          COMMAND         COMMAND
   9030    4123 dhcpcd   SNl    1  5.1  6.3 1031300 1073548    12:03 -                              clamd           clamd
   7236    6004 dkvlko   Ssl    1  0.8  2.1 354100 4265992     12:55 do_poll.constprop.0            gnome-shell     /usr/bin/gnome-shell
   7721    6974 dkvlko   Sl     2  2.4  2.0 330448 1362728     12:47 do_poll.constprop.0            gnome-software  /usr/bin/gnome-software --gapplication-service
   1774       1 jellyfin Ssl    3  1.7  1.5 249724 35480928    16:45 -                              jellyfin        /usr/bin/jellyfin --webdir=/usr/share/jellyfin/web --ffmpeg=/usr/lib/jellyfin-ffmpeg/ffmpeg
   3610    3584 root     Ssl    3  0.1  1.4 239864 1567032     14:37 -                              ofelia          /usr/bin/ofelia daemon --docker -f label=com.docker.compose.project=mailcowdockerized
  10532    3839 message+ S      3  0.2  0.9 157668 300312      11:26 -                              rspamd          rspamd: normal process (*:11333)
   6243    6241 dkvlko   Sl+    1  0.3  0.9 157224 6919656     13:16 ep_poll                        Xorg            /usr/lib/xorg/Xorg vt2 -displayfd 3 -auth /run/user/1000/gdm/Xauthority -nolisten tcp -background none -noreset -keeptty -novtswitch -verbose 3
  10531    3839 message+ S      3  0.3  0.9 152824 311156      11:26 -                              rspamd          rspamd: controller process (/var/lib/rspamd/rspamd.sock mode=0666 owner=nobody)
   3454    3281 dnsmasq  Ssl    0  0.1  0.8 141472 8591857532  14:38 -                              mariadbd        mariadbd
   1707       1 mysql    Ssl    3  2.8  0.8 138112 1688320     16:46 -                              mariadbd        /usr/sbin/mariadbd
   7849    6004 dkvlko   Ssl    0  0.3  0.7 129328 1192736     12:47 do_poll.constprop.0            python          /home/dkvlko/python314_projects/venv_3.14/bin/python /home/dkvlko/Dheeraj-AI-programs-github/liv_code/SandasUrineServer/run_server.py
   2043       1 root     Ssl    0  0.9  0.7 115628 3838856     15:48 -                              dockerd         /usr/bin/dockerd -H fd:// --containerd=/run/containerd/containerd.sock
   3839    3814 root     Ss     0  0.2  0.6 111068 210176      14:35 -                              rspamd          rspamd: main process
   8245    6004 dkvlko   Ssl    3  0.0  0.6 109736 1014348     12:39 do_poll.constprop.0            xdg-desktop-por /usr/libexec/xdg-desktop-portal-gnome
  10528    3839 message+ S      0  0.1  0.6 104684 222912      11:26 -                              rspamd          rspamd: hs_helper process
   8887    8827 dkvlko   Sl     0  0.1  0.6 104092 706944      12:13 do_poll.constprop.0            snapd-desktop-i /snap/snapd-desktop-integration/391/usr/bin/snapd-desktop-integration
  10529    3839 message+ S      1  0.0  0.6 100524 211212      11:26 -                              rspamd          rspamd: fuzzy process (*:11445)
  10530    3839 message+ S      1  0.0  0.6 100336 211212      11:26 -                              rspamd          rspamd: rspamd_proxy process (rspamd:9900)
   7370    7236 dkvlko   Sl     2  0.0  0.6 98392 768780       12:54 do_poll.constprop.0            mutter-x11-fram /usr/libexec/mutter-x11-frames
   1817       1 debian-+ Ssl    2  0.2  0.5 96656 396680       16:40 -                              tor             /usr/bin/tor --defaults-torrc /usr/share/tor/tor-service-defaults-torrc -f /etc/tor/torrc --RunAsDaemon 0
  45304   45303 www-data S      3  1.6  0.4 76160 147852       01:39 -                              php             /usr/bin/php8.3 /var/www/moodle/admin/cli/cron.php (Sept 25, 12:50:04 Waiting for next scheduled task)
  49045   49044 www-data S      3  2.7  0.4 69984 139148       00:39 -                              php             /usr/bin/php8.3 /var/www/moodle/admin/cli/cron.php (Sept 25, 12:50:03 Waiting for next scheduled task)
  41349   41348 www-data S      0  1.2  0.4 65304 137100       02:39 -                              php             /usr/bin/php8.3 /var/www/moodle/admin/cli/cron.php (Sept 25, 12:49:02 Waiting for next scheduled task)
   3745    3719 root     Ssl    0  0.6  0.3 65036  74684       14:36 -                              python          python main.py
   7735    6974 dkvlko   Sl     3  0.0  0.3 64544 834968       12:47 do_poll.constprop.0            evolution-alarm /usr/libexec/evolution-data-server/evolution-alarm-notify
   1978    1875 www-data S      0  0.1  0.3 61420 248184       16:10 -                              apache2         /usr/sbin/apache2 -k start
   1979    1875 www-data S      3  0.0  0.3 60080 246136       16:10 -                              apache2         /usr/sbin/apache2 -k start
   1617       1 root     Ssl    3  0.3  0.3 59780 2270764      16:48 -                              containerd      /usr/bin/containerd
  12028    6004 dkvlko   Ssl    2  0.1  0.3 57716 847524       10:51 do_poll.constprop.0            gnome-terminal- /usr/libexec/gnome-terminal-server
   8664       1 root     Ssl    0  0.2  0.2 48844 408036       12:23 -                              fwupd           /usr/libexec/fwupd/fwupd

ALL D-STATE PROCESSES:
    PID    PPID USER     STAT PSR %CPU %MEM     ELAPSED WCHAN                                    COMMAND         COMMAND

ZOMBIES:
    PID    PPID USER     STAT COMMAND         COMMAND

==============================================================
2026-09-25 12:51:44 +0530 CHECK=11
==============================================================

LOAD:
0.34 1.55 2.81 1/1351 55062

TOP CPU PROCESSES:
    PID    PPID USER     STAT PSR %CPU %MEM     ELAPSED WCHAN                          COMMAND         COMMAND
   9030    4123 dhcpcd   SNl    3  4.7  6.3       13:07 -                              clamd           clamd
   1707       1 mysql    Ssl    3  2.8  0.8       17:50 -                              mariadbd        /usr/sbin/mariadbd
   7721    6974 dkvlko   Sl     2  2.2  2.0       13:52 do_poll.constprop.0            gnome-software  /usr/bin/gnome-software --gapplication-service
  52717   52716 www-data S      1  2.0  0.3       00:44 -                              php             /usr/bin/php8.3 /var/www/moodle/admin/cli/cron.php (Sept 25, 12:51:01 Waiting for next scheduled task)
  49045   49044 www-data S      0  1.8  0.4       01:44 -                              php             /usr/bin/php8.3 /var/www/moodle/admin/cli/cron.php (Sept 25, 12:51:01 Waiting for next scheduled task)
   1774       1 jellyfin Ssl    3  1.6  1.5       17:49 -                              jellyfin        /usr/bin/jellyfin --webdir=/usr/share/jellyfin/web --ffmpeg=/usr/lib/jellyfin-ffmpeg/ffmpeg
  45304   45303 www-data S      0  1.5  0.4       02:43 -                              php             /usr/bin/php8.3 /var/www/moodle/admin/cli/cron.php (Sept 25, 12:51:01 Waiting for next scheduled task)
   1945       1 root     SNs    0  1.4  0.1       17:23 -                              preload         /usr/sbin/preload -s /var/lib/preload/preload.state
   3937    3900 root     Ssl    3  1.1  0.0       15:39 -                              redis-server    redis-server *:6379
   2043       1 root     Ssl    0  0.9  0.7       16:53 -                              dockerd         /usr/bin/dockerd -H fd:// --containerd=/run/containerd/containerd.sock
   7236    6004 dkvlko   Ssl    0  0.7  2.1       13:59 do_poll.constprop.0            gnome-shell     /usr/bin/gnome-shell
   3745    3719 root     Ssl    0  0.5  0.3       15:41 -                              python          python main.py
   1751       1 dkvlko   Ssl    0  0.5  0.2       17:49 futex_wait_queue               cloudflared     /usr/local/bin/cloudflared tunnel run noclass
      1       0 root     Ss     3  0.4  0.0       19:07 -                              systemd         /sbin/init splash
   7849    6004 dkvlko   Ssl    1  0.3  0.7       13:51 do_poll.constprop.0            python          /home/dkvlko/python314_projects/venv_3.14/bin/python /home/dkvlko/Dheeraj-AI-programs-github/liv_code/SandasUrineServer/run_server.py
  10531    3839 message+ S      1  0.3  0.9       12:31 -                              rspamd          rspamd: controller process (/var/lib/rspamd/rspamd.sock mode=0666 owner=nobody)
   7840    7663 dkvlko   Sl     2  0.3  0.1       13:51 do_poll.constprop.0            ibus-extension- /usr/libexec/ibus-extension-gtk3
   1617       1 root     Ssl    3  0.3  0.3       17:53 -                              containerd      /usr/bin/containerd
   6243    6241 dkvlko   Sl+    2  0.2  0.9       14:20 ep_poll                        Xorg            /usr/lib/xorg/Xorg vt2 -displayfd 3 -auth /run/user/1000/gdm/Xauthority -nolisten tcp -background none -noreset -keeptty -novtswitch -verbose 3
   1244       1 root     Ssl    1  0.2  0.2       18:18 -                              snapd           /usr/lib/snapd/snapd
   8664       1 root     Ssl    0  0.2  0.2       13:28 -                              fwupd           /usr/libexec/fwupd/fwupd
   3465    3326 root     Ssl    0  0.2  0.2       15:43 -                              python          python -u /app/main.py nftables
   1822       1 root     Sl     0  0.2  0.1       17:43 -                              teamviewerd     /opt/teamviewer/tv_bin/teamviewerd -d
  10532    3839 message+ S      1  0.2  0.9       12:31 -                              rspamd          rspamd: normal process (*:11333)
   1221       1 root     Ssl    2  0.2  0.1       18:19 -                              martin          /usr/bin/martin --config /usr/local/etc/martin/config.yaml
   1212       1 message+ Ss     3  0.2  0.0       18:19 -                              dbus-daemon     @dbus-daemon --system --address=systemd: --nofork --nopidfile --systemd-activation --syslog-only
   3839    3814 root     Ss     3  0.1  0.6       15:40 -                              rspamd          rspamd: main process
   1817       1 debian-+ Ssl    2  0.1  0.5       17:44 -                              tor             /usr/bin/tor --defaults-torrc /usr/share/tor/tor-service-defaults-torrc -f /etc/tor/torrc --RunAsDaemon 0
    556       2 root     S      2  0.1  0.0       18:42 -                              irq/52-nvidia   [irq/52-nvidia]
  10528    3839 message+ S      0  0.1  0.6       12:31 -                              rspamd          rspamd: hs_helper process

TOP MEMORY PROCESSES:
    PID    PPID USER     STAT PSR %CPU %MEM   RSS    VSZ     ELAPSED WCHAN                          COMMAND         COMMAND
   9030    4123 dhcpcd   SNl    3  4.7  6.3 1031300 1073548    13:07 -                              clamd           clamd
   7236    6004 dkvlko   Ssl    0  0.7  2.1 354068 4265992     13:59 do_poll.constprop.0            gnome-shell     /usr/bin/gnome-shell
   7721    6974 dkvlko   Sl     2  2.2  2.0 330448 1362728     13:52 do_poll.constprop.0            gnome-software  /usr/bin/gnome-software --gapplication-service
   1774       1 jellyfin Ssl    3  1.6  1.5 248772 35480928    17:49 -                              jellyfin        /usr/bin/jellyfin --webdir=/usr/share/jellyfin/web --ffmpeg=/usr/lib/jellyfin-ffmpeg/ffmpeg
   3610    3584 root     Ssl    0  0.1  1.3 223484 1567032     15:42 -                              ofelia          /usr/bin/ofelia daemon --docker -f label=com.docker.compose.project=mailcowdockerized
  10532    3839 message+ S      1  0.2  0.9 158248 300440      12:31 -                              rspamd          rspamd: normal process (*:11333)
   6243    6241 dkvlko   Sl+    2  0.2  0.9 157224 6919656     14:20 ep_poll                        Xorg            /usr/lib/xorg/Xorg vt2 -displayfd 3 -auth /run/user/1000/gdm/Xauthority -nolisten tcp -background none -noreset -keeptty -novtswitch -verbose 3
  10531    3839 message+ S      1  0.3  0.9 153392 311156      12:31 -                              rspamd          rspamd: controller process (/var/lib/rspamd/rspamd.sock mode=0666 owner=nobody)
   3454    3281 dnsmasq  Ssl    0  0.1  0.9 148212 8591857532  15:43 -                              mariadbd        mariadbd
   1707       1 mysql    Ssl    3  2.8  0.8 138176 1688320     17:50 -                              mariadbd        /usr/sbin/mariadbd
   7849    6004 dkvlko   Ssl    1  0.3  0.7 129328 1192736     13:51 do_poll.constprop.0            python          /home/dkvlko/python314_projects/venv_3.14/bin/python /home/dkvlko/Dheeraj-AI-programs-github/liv_code/SandasUrineServer/run_server.py
   2043       1 root     Ssl    0  0.9  0.7 115720 3838856     16:53 -                              dockerd         /usr/bin/dockerd -H fd:// --containerd=/run/containerd/containerd.sock
   3839    3814 root     Ss     3  0.1  0.6 111068 210176      15:40 -                              rspamd          rspamd: main process
   8245    6004 dkvlko   Ssl    3  0.0  0.6 109736 1014348     13:43 do_poll.constprop.0            xdg-desktop-por /usr/libexec/xdg-desktop-portal-gnome
  10528    3839 message+ S      0  0.1  0.6 104684 222912      12:31 -                              rspamd          rspamd: hs_helper process
   8887    8827 dkvlko   Sl     0  0.0  0.6 104092 706944      13:17 do_poll.constprop.0            snapd-desktop-i /snap/snapd-desktop-integration/391/usr/bin/snapd-desktop-integration
  10529    3839 message+ S      0  0.0  0.6 100524 211212      12:31 -                              rspamd          rspamd: fuzzy process (*:11445)
  10530    3839 message+ S      2  0.0  0.6 100336 211212      12:31 -                              rspamd          rspamd: rspamd_proxy process (rspamd:9900)
   7370    7236 dkvlko   Sl     0  0.0  0.6 98392 768780       13:59 do_poll.constprop.0            mutter-x11-fram /usr/libexec/mutter-x11-frames
   1817       1 debian-+ Ssl    2  0.1  0.5 96656 396680       17:44 -                              tor             /usr/bin/tor --defaults-torrc /usr/share/tor/tor-service-defaults-torrc -f /etc/tor/torrc --RunAsDaemon 0
  45304   45303 www-data S      0  1.5  0.4 78932 149900       02:43 -                              php             /usr/bin/php8.3 /var/www/moodle/admin/cli/cron.php (Sept 25, 12:51:01 Waiting for next scheduled task)
  49045   49044 www-data S      0  1.8  0.4 70484 141196       01:44 -                              php             /usr/bin/php8.3 /var/www/moodle/admin/cli/cron.php (Sept 25, 12:51:01 Waiting for next scheduled task)
   3745    3719 root     Ssl    0  0.5  0.3 65036  74684       15:41 -                              python          python main.py
   7735    6974 dkvlko   Sl     2  0.0  0.3 64544 834968       13:52 do_poll.constprop.0            evolution-alarm /usr/libexec/evolution-data-server/evolution-alarm-notify
  52717   52716 www-data S      1  2.0  0.3 63856 135052       00:44 -                              php             /usr/bin/php8.3 /var/www/moodle/admin/cli/cron.php (Sept 25, 12:51:01 Waiting for next scheduled task)
   1978    1875 www-data S      0  0.1  0.3 61420 248184       17:14 -                              apache2         /usr/sbin/apache2 -k start
   1979    1875 www-data S      3  0.0  0.3 60080 246136       17:14 -                              apache2         /usr/sbin/apache2 -k start
   1617       1 root     Ssl    3  0.3  0.3 59800 2270764      17:53 -                              containerd      /usr/bin/containerd
  12028    6004 dkvlko   Ssl    1  0.1  0.3 57716 847524       11:56 do_poll.constprop.0            gnome-terminal- /usr/libexec/gnome-terminal-server
   8664       1 root     Ssl    0  0.2  0.2 48844 408036       13:28 -                              fwupd           /usr/libexec/fwupd/fwupd

ALL D-STATE PROCESSES:
    PID    PPID USER     STAT PSR %CPU %MEM     ELAPSED WCHAN                                    COMMAND         COMMAND

ZOMBIES:
    PID    PPID USER     STAT COMMAND         COMMAND

==============================================================
2026-09-25 12:52:48 +0530 CHECK=12
==============================================================

LOAD:
0.26 1.29 2.63 1/1350 58724

TOP CPU PROCESSES:
    PID    PPID USER     STAT PSR %CPU %MEM     ELAPSED WCHAN                          COMMAND         COMMAND
   9030    4123 dhcpcd   SNl    3  4.4  6.3       14:12 -                              clamd           clamd
   1707       1 mysql    Ssl    3  2.9  0.8       18:55 -                              mariadbd        /usr/sbin/mariadbd
   7721    6974 dkvlko   Sl     1  2.0  2.0       14:56 do_poll.constprop.0            gnome-software  /usr/bin/gnome-software --gapplication-service
  49045   49044 www-data S      1  1.6  0.4       02:48 -                              php             /usr/bin/php8.3 /var/www/moodle/admin/cli/cron.php (Sept 25, 12:52:01 Waiting for next scheduled task)
   1774       1 jellyfin Ssl    3  1.5  1.5       18:53 -                              jellyfin        /usr/bin/jellyfin --webdir=/usr/share/jellyfin/web --ffmpeg=/usr/lib/jellyfin-ffmpeg/ffmpeg
  52717   52716 www-data S      3  1.5  0.3       01:49 -                              php             /usr/bin/php8.3 /var/www/moodle/admin/cli/cron.php (Sept 25, 12:52:01 Waiting for next scheduled task)
   1945       1 root     SNs    3  1.4  0.1       18:27 -                              preload         /usr/sbin/preload -s /var/lib/preload/preload.state
  56329   56328 www-data S      0  1.4  0.3       00:48 -                              php             /usr/bin/php /var/www/moodle/admin/cli/cron.php
   3937    3900 root     Ssl    1  1.1  0.0       16:44 -                              redis-server    redis-server *:6379
   2043       1 root     Ssl    0  0.8  0.7       17:57 -                              dockerd         /usr/bin/dockerd -H fd:// --containerd=/run/containerd/containerd.sock
   7236    6004 dkvlko   Ssl    1  0.7  2.1       15:04 do_poll.constprop.0            gnome-shell     /usr/bin/gnome-shell
   3745    3719 root     Ssl    0  0.5  0.3       16:45 -                              python          python main.py
   1751       1 dkvlko   Ssl    0  0.5  0.2       18:54 futex_wait_queue               cloudflared     /usr/local/bin/cloudflared tunnel run noclass
      1       0 root     Ss     3  0.4  0.0       20:11 -                              systemd         /sbin/init splash
  10531    3839 message+ S      2  0.3  0.9       13:35 -                              rspamd          rspamd: controller process (/var/lib/rspamd/rspamd.sock mode=0666 owner=nobody)
   7849    6004 dkvlko   Ssl    0  0.3  0.7       14:56 do_poll.constprop.0            python          /home/dkvlko/python314_projects/venv_3.14/bin/python /home/dkvlko/Dheeraj-AI-programs-github/liv_code/SandasUrineServer/run_server.py
   1617       1 root     Ssl    3  0.3  0.3       18:57 -                              containerd      /usr/bin/containerd
   7840    7663 dkvlko   Sl     2  0.3  0.1       14:56 do_poll.constprop.0            ibus-extension- /usr/libexec/ibus-extension-gtk3
   6243    6241 dkvlko   Sl+    2  0.2  0.9       15:25 ep_poll                        Xorg            /usr/lib/xorg/Xorg vt2 -displayfd 3 -auth /run/user/1000/gdm/Xauthority -nolisten tcp -background none -noreset -keeptty -novtswitch -verbose 3
   1244       1 root     Ssl    1  0.2  0.2       19:23 -                              snapd           /usr/lib/snapd/snapd
   8664       1 root     Ssl    0  0.2  0.2       14:32 -                              fwupd           /usr/libexec/fwupd/fwupd
   3465    3326 root     Ssl    1  0.2  0.2       16:47 -                              python          python -u /app/main.py nftables
   1822       1 root     Sl     0  0.2  0.1       18:47 -                              teamviewerd     /opt/teamviewer/tv_bin/teamviewerd -d
  10532    3839 message+ S      0  0.2  0.9       13:35 -                              rspamd          rspamd: normal process (*:11333)
   1221       1 root     Ssl    2  0.2  0.1       19:23 -                              martin          /usr/bin/martin --config /usr/local/etc/martin/config.yaml
   1212       1 message+ Ss     1  0.1  0.0       19:23 -                              dbus-daemon     @dbus-daemon --system --address=systemd: --nofork --nopidfile --systemd-activation --syslog-only
   1817       1 debian-+ Ssl    2  0.1  0.5       18:48 -                              tor             /usr/bin/tor --defaults-torrc /usr/share/tor/tor-service-defaults-torrc -f /etc/tor/torrc --RunAsDaemon 0
   3839    3814 root     Ss     0  0.1  0.6       16:44 -                              rspamd          rspamd: main process
    556       2 root     S      2  0.1  0.0       19:46 -                              irq/52-nvidia   [irq/52-nvidia]
   1439       2 root     I<     0  0.1  0.0       19:07 -                              kworker/0:2H-kb [kworker/0:2H-kblockd]

TOP MEMORY PROCESSES:
    PID    PPID USER     STAT PSR %CPU %MEM   RSS    VSZ     ELAPSED WCHAN                          COMMAND         COMMAND
   9030    4123 dhcpcd   SNl    3  4.4  6.3 1031300 1073548    14:12 -                              clamd           clamd
   7236    6004 dkvlko   Ssl    1  0.7  2.1 354040 4265992     15:04 do_poll.constprop.0            gnome-shell     /usr/bin/gnome-shell
   7721    6974 dkvlko   Sl     1  2.0  2.0 330448 1362728     14:56 do_poll.constprop.0            gnome-software  /usr/bin/gnome-software --gapplication-service
   3610    3584 root     Ssl    2  0.1  1.6 261140 1567032     16:46 -                              ofelia          /usr/bin/ofelia daemon --docker -f label=com.docker.compose.project=mailcowdockerized
   1774       1 jellyfin Ssl    3  1.5  1.5 248504 35480928    18:53 -                              jellyfin        /usr/bin/jellyfin --webdir=/usr/share/jellyfin/web --ffmpeg=/usr/lib/jellyfin-ffmpeg/ffmpeg
  10532    3839 message+ S      0  0.2  0.9 159172 300824      13:35 -                              rspamd          rspamd: normal process (*:11333)
   6243    6241 dkvlko   Sl+    2  0.2  0.9 157224 6919656     15:25 ep_poll                        Xorg            /usr/lib/xorg/Xorg vt2 -displayfd 3 -auth /run/user/1000/gdm/Xauthority -nolisten tcp -background none -noreset -keeptty -novtswitch -verbose 3
  10531    3839 message+ S      2  0.3  0.9 153924 311092      13:35 -                              rspamd          rspamd: controller process (/var/lib/rspamd/rspamd.sock mode=0666 owner=nobody)
   3454    3281 dnsmasq  Ssl    0  0.1  0.9 148320 8591857532  16:47 -                              mariadbd        mariadbd
   1707       1 mysql    Ssl    3  2.9  0.8 138564 1688320     18:55 -                              mariadbd        /usr/sbin/mariadbd
   7849    6004 dkvlko   Ssl    0  0.3  0.7 129328 1192736     14:56 do_poll.constprop.0            python          /home/dkvlko/python314_projects/venv_3.14/bin/python /home/dkvlko/Dheeraj-AI-programs-github/liv_code/SandasUrineServer/run_server.py
   2043       1 root     Ssl    0  0.8  0.7 115728 3838856     17:57 -                              dockerd         /usr/bin/dockerd -H fd:// --containerd=/run/containerd/containerd.sock
   3839    3814 root     Ss     0  0.1  0.6 111068 210176      16:44 -                              rspamd          rspamd: main process
   8245    6004 dkvlko   Ssl    3  0.0  0.6 109736 1014348     14:48 do_poll.constprop.0            xdg-desktop-por /usr/libexec/xdg-desktop-portal-gnome
  10528    3839 message+ S      2  0.1  0.6 104684 222912      13:35 -                              rspamd          rspamd: hs_helper process
   8887    8827 dkvlko   Sl     0  0.0  0.6 104092 706944      14:22 do_poll.constprop.0            snapd-desktop-i /snap/snapd-desktop-integration/391/usr/bin/snapd-desktop-integration
  10529    3839 message+ S      1  0.0  0.6 100524 211212      13:35 -                              rspamd          rspamd: fuzzy process (*:11445)
  10530    3839 message+ S      3  0.0  0.6 100336 211212      13:35 -                              rspamd          rspamd: rspamd_proxy process (rspamd:9900)
   7370    7236 dkvlko   Sl     2  0.0  0.6 98392 768780       15:03 do_poll.constprop.0            mutter-x11-fram /usr/libexec/mutter-x11-frames
   1817       1 debian-+ Ssl    2  0.1  0.5 96656 396680       18:49 -                              tor             /usr/bin/tor --defaults-torrc /usr/share/tor/tor-service-defaults-torrc -f /etc/tor/torrc --RunAsDaemon 0
  49045   49044 www-data S      1  1.6  0.4 71004 141196       02:48 -                              php             /usr/bin/php8.3 /var/www/moodle/admin/cli/cron.php (Sept 25, 12:52:01 Waiting for next scheduled task)
   3745    3719 root     Ssl    0  0.5  0.3 65036  74684       16:45 -                              python          python main.py
  52717   52716 www-data S      3  1.5  0.3 64752 135052       01:49 -                              php             /usr/bin/php8.3 /var/www/moodle/admin/cli/cron.php (Sept 25, 12:52:01 Waiting for next scheduled task)
   7735    6974 dkvlko   Sl     2  0.0  0.3 64544 834968       14:56 do_poll.constprop.0            evolution-alarm /usr/libexec/evolution-data-server/evolution-alarm-notify
   1978    1875 www-data S      0  0.1  0.3 61420 248184       18:19 -                              apache2         /usr/sbin/apache2 -k start
   1979    1875 www-data S      3  0.0  0.3 60080 246136       18:19 -                              apache2         /usr/sbin/apache2 -k start
   1617       1 root     Ssl    3  0.3  0.3 59804 2270764      18:57 -                              containerd      /usr/bin/containerd
  12028    6004 dkvlko   Ssl    3  0.1  0.3 57716 847524       13:00 do_poll.constprop.0            gnome-terminal- /usr/libexec/gnome-terminal-server
  56329   56328 www-data S      0  1.4  0.3 51488 127980       00:48 -                              php             /usr/bin/php /var/www/moodle/admin/cli/cron.php
   8664       1 root     Ssl    0  0.2  0.2 48844 408036       14:32 -                              fwupd           /usr/libexec/fwupd/fwupd

ALL D-STATE PROCESSES:
    PID    PPID USER     STAT PSR %CPU %MEM     ELAPSED WCHAN                                    COMMAND         COMMAND

ZOMBIES:
    PID    PPID USER     STAT COMMAND         COMMAND

==============================================================
2026-09-25 12:53:53 +0530 CHECK=13
==============================================================

LOAD:
0.33 1.12 2.48 1/1353 62442

TOP CPU PROCESSES:
    PID    PPID USER     STAT PSR %CPU %MEM     ELAPSED WCHAN                          COMMAND         COMMAND
   9030    4123 dhcpcd   SNl    2  4.1  6.3       15:16 -                              clamd           clamd
   1707       1 mysql    Ssl    3  2.9  0.8       19:59 -                              mariadbd        /usr/sbin/mariadbd
   7721    6974 dkvlko   Sl     2  1.9  2.0       16:01 do_poll.constprop.0            gnome-software  /usr/bin/gnome-software --gapplication-service
  56329   56328 www-data S      3  1.5  0.4       01:52 -                              php             /usr/bin/php8.3 /var/www/moodle/admin/cli/cron.php (Sept 25, 12:53:02 Waiting for next scheduled task)
  59997   59996 www-data S      3  1.5  0.3       00:52 -                              php             /usr/bin/php8.3 /var/www/moodle/admin/cli/cron.php (Sept 25, 12:53:02 Waiting for next scheduled task)
   1945       1 root     SNs    3  1.5  0.1       19:32 -                              preload         /usr/sbin/preload -s /var/lib/preload/preload.state
   1774       1 jellyfin Ssl    3  1.4  1.5       19:58 -                              jellyfin        /usr/bin/jellyfin --webdir=/usr/share/jellyfin/web --ffmpeg=/usr/lib/jellyfin-ffmpeg/ffmpeg
  52717   52716 www-data S      1  1.4  0.3       02:53 -                              php             /usr/bin/php8.3 /var/www/moodle/admin/cli/cron.php (Sept 25, 12:53:02 Waiting for next scheduled task)
   3937    3900 root     Ssl    0  1.1  0.0       17:48 -                              redis-server    redis-server *:6379
   2043       1 root     Ssl    0  0.8  0.7       19:01 -                              dockerd         /usr/bin/dockerd -H fd:// --containerd=/run/containerd/containerd.sock
   7236    6004 dkvlko   Ssl    3  0.6  2.1       16:08 do_poll.constprop.0            gnome-shell     /usr/bin/gnome-shell
   3745    3719 root     Ssl    1  0.5  0.3       17:50 -                              python          python main.py
   1751       1 dkvlko   Ssl    1  0.5  0.2       19:58 futex_wait_queue               cloudflared     /usr/local/bin/cloudflared tunnel run noclass
      1       0 root     Ss     3  0.4  0.0       21:16 -                              systemd         /sbin/init splash
  10531    3839 message+ S      3  0.3  0.9       14:40 -                              rspamd          rspamd: controller process (/var/lib/rspamd/rspamd.sock mode=0666 owner=nobody)
   1617       1 root     Ssl    3  0.3  0.3       20:02 -                              containerd      /usr/bin/containerd
   7849    6004 dkvlko   Ssl    1  0.3  0.7       16:00 do_poll.constprop.0            python          /home/dkvlko/python314_projects/venv_3.14/bin/python /home/dkvlko/Dheeraj-AI-programs-github/liv_code/SandasUrineServer/run_server.py
   7840    7663 dkvlko   Sl     3  0.2  0.1       16:00 do_poll.constprop.0            ibus-extension- /usr/libexec/ibus-extension-gtk3
   6243    6241 dkvlko   Sl+    0  0.2  0.9       16:29 ep_poll                        Xorg            /usr/lib/xorg/Xorg vt2 -displayfd 3 -auth /run/user/1000/gdm/Xauthority -nolisten tcp -background none -noreset -keeptty -novtswitch -verbose 3
   1244       1 root     Ssl    1  0.2  0.2       20:27 -                              snapd           /usr/lib/snapd/snapd
   3465    3326 root     Ssl    2  0.2  0.2       17:52 -                              python          python -u /app/main.py nftables
   1822       1 root     Sl     0  0.2  0.1       19:52 -                              teamviewerd     /opt/teamviewer/tv_bin/teamviewerd -d
   8664       1 root     Ssl    0  0.2  0.2       15:36 -                              fwupd           /usr/libexec/fwupd/fwupd
   1221       1 root     Ssl    2  0.2  0.1       20:28 -                              martin          /usr/bin/martin --config /usr/local/etc/martin/config.yaml
  10532    3839 message+ S      1  0.2  0.9       14:40 -                              rspamd          rspamd: normal process (*:11333)
   1212       1 message+ Ss     0  0.1  0.0       20:28 -                              dbus-daemon     @dbus-daemon --system --address=systemd: --nofork --nopidfile --systemd-activation --syslog-only
   1817       1 debian-+ Ssl    2  0.1  0.5       19:53 -                              tor             /usr/bin/tor --defaults-torrc /usr/share/tor/tor-service-defaults-torrc -f /etc/tor/torrc --RunAsDaemon 0
   3839    3814 root     Ss     2  0.1  0.6       17:49 -                              rspamd          rspamd: main process
    556       2 root     S      2  0.1  0.0       20:51 -                              irq/52-nvidia   [irq/52-nvidia]
   3610    3584 root     Ssl    1  0.1  1.6       17:51 -                              ofelia          /usr/bin/ofelia daemon --docker -f label=com.docker.compose.project=mailcowdockerized

TOP MEMORY PROCESSES:
    PID    PPID USER     STAT PSR %CPU %MEM   RSS    VSZ     ELAPSED WCHAN                          COMMAND         COMMAND
   9030    4123 dhcpcd   SNl    2  4.1  6.3 1031300 1073548    15:16 -                              clamd           clamd
   7236    6004 dkvlko   Ssl    3  0.6  2.1 354076 4265992     16:08 do_poll.constprop.0            gnome-shell     /usr/bin/gnome-shell
   7721    6974 dkvlko   Sl     2  1.9  2.0 330448 1362728     16:01 do_poll.constprop.0            gnome-software  /usr/bin/gnome-software --gapplication-service
   3610    3584 root     Ssl    1  0.1  1.6 261232 1567032     17:51 -                              ofelia          /usr/bin/ofelia daemon --docker -f label=com.docker.compose.project=mailcowdockerized
   1774       1 jellyfin Ssl    3  1.4  1.5 248564 35480928    19:58 -                              jellyfin        /usr/bin/jellyfin --webdir=/usr/share/jellyfin/web --ffmpeg=/usr/lib/jellyfin-ffmpeg/ffmpeg
  10532    3839 message+ S      1  0.2  0.9 159820 301336      14:40 -                              rspamd          rspamd: normal process (*:11333)
   6243    6241 dkvlko   Sl+    0  0.2  0.9 157224 6919656     16:29 ep_poll                        Xorg            /usr/lib/xorg/Xorg vt2 -displayfd 3 -auth /run/user/1000/gdm/Xauthority -nolisten tcp -background none -noreset -keeptty -novtswitch -verbose 3
   3454    3281 dnsmasq  Ssl    0  0.1  0.9 155200 8591857532  17:52 -                              mariadbd        mariadbd
  10531    3839 message+ S      3  0.3  0.9 153960 311156      14:40 -                              rspamd          rspamd: controller process (/var/lib/rspamd/rspamd.sock mode=0666 owner=nobody)
   1707       1 mysql    Ssl    3  2.9  0.8 138656 1688320     19:59 -                              mariadbd        /usr/sbin/mariadbd
   7849    6004 dkvlko   Ssl    1  0.3  0.7 129328 1192736     16:00 do_poll.constprop.0            python          /home/dkvlko/python314_projects/venv_3.14/bin/python /home/dkvlko/Dheeraj-AI-programs-github/liv_code/SandasUrineServer/run_server.py
   2043       1 root     Ssl    0  0.8  0.7 114996 3838856     19:01 -                              dockerd         /usr/bin/dockerd -H fd:// --containerd=/run/containerd/containerd.sock
   3839    3814 root     Ss     2  0.1  0.6 111068 210176      17:49 -                              rspamd          rspamd: main process
   8245    6004 dkvlko   Ssl    3  0.0  0.6 109736 1014348     15:52 do_poll.constprop.0            xdg-desktop-por /usr/libexec/xdg-desktop-portal-gnome
  10528    3839 message+ S      0  0.1  0.6 104684 222912      14:40 -                              rspamd          rspamd: hs_helper process
   8887    8827 dkvlko   Sl     0  0.0  0.6 104092 706944      15:26 do_poll.constprop.0            snapd-desktop-i /snap/snapd-desktop-integration/391/usr/bin/snapd-desktop-integration
  10529    3839 message+ S      0  0.0  0.6 100524 211212      14:40 -                              rspamd          rspamd: fuzzy process (*:11445)
  10530    3839 message+ S      0  0.0  0.6 100336 211212      14:40 -                              rspamd          rspamd: rspamd_proxy process (rspamd:9900)
   7370    7236 dkvlko   Sl     1  0.0  0.6 98392 768780       16:08 do_poll.constprop.0            mutter-x11-fram /usr/libexec/mutter-x11-frames
   1817       1 debian-+ Ssl    2  0.1  0.5 96656 396680       19:53 -                              tor             /usr/bin/tor --defaults-torrc /usr/share/tor/tor-service-defaults-torrc -f /etc/tor/torrc --RunAsDaemon 0
  56329   56328 www-data S      3  1.5  0.4 69800 141196       01:52 -                              php             /usr/bin/php8.3 /var/www/moodle/admin/cli/cron.php (Sept 25, 12:53:02 Waiting for next scheduled task)
  52717   52716 www-data S      1  1.4  0.3 65160 135052       02:53 -                              php             /usr/bin/php8.3 /var/www/moodle/admin/cli/cron.php (Sept 25, 12:53:02 Waiting for next scheduled task)
   3745    3719 root     Ssl    1  0.5  0.3 65036  74684       17:50 -                              python          python main.py
   7735    6974 dkvlko   Sl     3  0.0  0.3 64544 834968       16:01 do_poll.constprop.0            evolution-alarm /usr/libexec/evolution-data-server/evolution-alarm-notify
  59997   59996 www-data S      3  1.5  0.3 61560 130956       00:52 -                              php             /usr/bin/php8.3 /var/www/moodle/admin/cli/cron.php (Sept 25, 12:53:02 Waiting for next scheduled task)
   1978    1875 www-data S      0  0.0  0.3 61420 248184       19:23 -                              apache2         /usr/sbin/apache2 -k start
   1979    1875 www-data S      3  0.0  0.3 60080 246136       19:23 -                              apache2         /usr/sbin/apache2 -k start
   1617       1 root     Ssl    3  0.3  0.3 59820 2270764      20:02 -                              containerd      /usr/bin/containerd
  12028    6004 dkvlko   Ssl    2  0.1  0.3 57716 847524       14:05 do_poll.constprop.0            gnome-terminal- /usr/libexec/gnome-terminal-server
   8664       1 root     Ssl    0  0.2  0.2 48844 408036       15:36 -                              fwupd           /usr/libexec/fwupd/fwupd

ALL D-STATE PROCESSES:
    PID    PPID USER     STAT PSR %CPU %MEM     ELAPSED WCHAN                                    COMMAND         COMMAND

ZOMBIES:
    PID    PPID USER     STAT COMMAND         COMMAND

==============================================================
2026-09-25 12:54:57 +0530 CHECK=14
==============================================================

LOAD:
0.19 0.91 2.31 1/1365 66140

TOP CPU PROCESSES:
    PID    PPID USER     STAT PSR %CPU %MEM     ELAPSED WCHAN                          COMMAND         COMMAND
  66060    6004 dkvlko   Dl     0  4.2  0.4       00:03 folio_wait_bit_common          chrome          /opt/google/chrome/chrome
   9030    4123 dhcpcd   SNl    3  3.8  6.3       16:20 -                              clamd           clamd
   1707       1 mysql    Ssl    3  2.9  0.8       21:04 -                              mariadbd        /usr/sbin/mariadbd
   7721    6974 dkvlko   Sl     2  1.7  2.0       17:05 do_poll.constprop.0            gnome-software  /usr/bin/gnome-software --gapplication-service
   1945       1 root     SNs    0  1.5  0.1       20:36 -                              preload         /usr/sbin/preload -s /var/lib/preload/preload.state
  56329   56328 www-data S      2  1.4  0.4       02:57 -                              php             /usr/bin/php8.3 /var/www/moodle/admin/cli/cron.php (Sept 25, 12:54:01 Waiting for next scheduled task)
   1774       1 jellyfin Ssl    3  1.4  1.5       21:02 -                              jellyfin        /usr/bin/jellyfin --webdir=/usr/share/jellyfin/web --ffmpeg=/usr/lib/jellyfin-ffmpeg/ffmpeg
  59997   59996 www-data S      1  1.4  0.3       01:57 -                              php             /usr/bin/php8.3 /var/www/moodle/admin/cli/cron.php (Sept 25, 12:54:01 Waiting for next scheduled task)
  63704   63703 www-data S      3  1.3  0.3       00:57 -                              php             /usr/bin/php /var/www/moodle/admin/cli/cron.php
   3937    3900 root     Ssl    1  1.1  0.0       18:53 -                              redis-server    redis-server *:6379
   2043       1 root     Ssl    0  0.8  0.7       20:06 -                              dockerd         /usr/bin/dockerd -H fd:// --containerd=/run/containerd/containerd.sock
   7236    6004 dkvlko   Ssl    3  0.7  2.1       17:13 do_poll.constprop.0            gnome-shell     /usr/bin/gnome-shell
   3745    3719 root     Ssl    2  0.5  0.3       18:54 -                              python          python main.py
   1751       1 dkvlko   Ssl    1  0.5  0.2       21:03 futex_wait_queue               cloudflared     /usr/local/bin/cloudflared tunnel run noclass
      1       0 root     Ss     0  0.4  0.0       22:20 -                              systemd         /sbin/init splash
   6243    6241 dkvlko   Sl+    1  0.4  0.9       17:34 ep_poll                        Xorg            /usr/lib/xorg/Xorg vt2 -displayfd 3 -auth /run/user/1000/gdm/Xauthority -nolisten tcp -background none -noreset -keeptty -novtswitch -verbose 3
  10531    3839 message+ S      1  0.3  0.9       15:44 -                              rspamd          rspamd: controller process (/var/lib/rspamd/rspamd.sock mode=0666 owner=nobody)
   1617       1 root     Ssl    3  0.3  0.3       21:06 -                              containerd      /usr/bin/containerd
   7849    6004 dkvlko   Ssl    2  0.2  0.7       17:05 do_poll.constprop.0            python          /home/dkvlko/python314_projects/venv_3.14/bin/python /home/dkvlko/Dheeraj-AI-programs-github/liv_code/SandasUrineServer/run_server.py
   7840    7663 dkvlko   Sl     3  0.2  0.1       17:05 do_poll.constprop.0            ibus-extension- /usr/libexec/ibus-extension-gtk3
   1244       1 root     Ssl    1  0.2  0.2       21:32 -                              snapd           /usr/lib/snapd/snapd
  12028    6004 dkvlko   Ssl    0  0.2  0.3       15:09 do_poll.constprop.0            gnome-terminal- /usr/libexec/gnome-terminal-server
   1822       1 root     Sl     0  0.2  0.1       20:56 -                              teamviewerd     /opt/teamviewer/tv_bin/teamviewerd -d
   3465    3326 root     Ssl    1  0.2  0.2       18:56 -                              python          python -u /app/main.py nftables
   8664       1 root     Ssl    0  0.2  0.2       16:41 -                              fwupd           /usr/libexec/fwupd/fwupd
   1221       1 root     Ssl    2  0.2  0.1       21:32 -                              martin          /usr/bin/martin --config /usr/local/etc/martin/config.yaml
  10532    3839 message+ S      1  0.2  0.9       15:44 -                              rspamd          rspamd: normal process (*:11333)
    556       2 root     S      2  0.1  0.0       21:55 -                              irq/52-nvidia   [irq/52-nvidia]
   1212       1 message+ Ss     3  0.1  0.0       21:32 -                              dbus-daemon     @dbus-daemon --system --address=systemd: --nofork --nopidfile --systemd-activation --syslog-only
   1817       1 debian-+ Ssl    2  0.1  0.5       20:57 -                              tor             /usr/bin/tor --defaults-torrc /usr/share/tor/tor-service-defaults-torrc -f /etc/tor/torrc --RunAsDaemon 0

TOP MEMORY PROCESSES:
    PID    PPID USER     STAT PSR %CPU %MEM   RSS    VSZ     ELAPSED WCHAN                          COMMAND         COMMAND
   9030    4123 dhcpcd   SNl    3  3.8  6.3 1031300 1073548    16:20 -                              clamd           clamd
   7236    6004 dkvlko   Ssl    3  0.7  2.1 354256 4265992     17:13 do_poll.constprop.0            gnome-shell     /usr/bin/gnome-shell
   7721    6974 dkvlko   Sl     2  1.7  2.0 330448 1362728     17:05 do_poll.constprop.0            gnome-software  /usr/bin/gnome-software --gapplication-service
   3610    3584 root     Ssl    3  0.1  1.5 252480 1567032     18:55 -                              ofelia          /usr/bin/ofelia daemon --docker -f label=com.docker.compose.project=mailcowdockerized
   1774       1 jellyfin Ssl    3  1.4  1.5 248668 35480928    21:02 -                              jellyfin        /usr/bin/jellyfin --webdir=/usr/share/jellyfin/web --ffmpeg=/usr/lib/jellyfin-ffmpeg/ffmpeg
  10532    3839 message+ S      1  0.2  0.9 160848 301848      15:44 -                              rspamd          rspamd: normal process (*:11333)
   6243    6241 dkvlko   Sl+    0  0.4  0.9 157412 6919656     17:34 ep_poll                        Xorg            /usr/lib/xorg/Xorg vt2 -displayfd 3 -auth /run/user/1000/gdm/Xauthority -nolisten tcp -background none -noreset -keeptty -novtswitch -verbose 3
   3454    3281 dnsmasq  Ssl    2  0.1  0.9 155300 8591857532  18:56 -                              mariadbd        mariadbd
  10531    3839 message+ S      1  0.3  0.9 153960 311156      15:44 -                              rspamd          rspamd: controller process (/var/lib/rspamd/rspamd.sock mode=0666 owner=nobody)
   1707       1 mysql    Ssl    3  2.9  0.8 138732 1688320     21:04 -                              mariadbd        /usr/sbin/mariadbd
   7849    6004 dkvlko   Ssl    2  0.2  0.7 129328 1192736     17:05 do_poll.constprop.0            python          /home/dkvlko/python314_projects/venv_3.14/bin/python /home/dkvlko/Dheeraj-AI-programs-github/liv_code/SandasUrineServer/run_server.py
   2043       1 root     Ssl    0  0.8  0.7 115000 3838856     20:06 -                              dockerd         /usr/bin/dockerd -H fd:// --containerd=/run/containerd/containerd.sock
   3839    3814 root     Ss     3  0.1  0.6 111068 210176      18:53 -                              rspamd          rspamd: main process
   8245    6004 dkvlko   Ssl    1  0.0  0.6 109740 1014348     16:57 do_poll.constprop.0            xdg-desktop-por /usr/libexec/xdg-desktop-portal-gnome
  10528    3839 message+ S      1  0.1  0.6 104684 222912      15:44 -                              rspamd          rspamd: hs_helper process
   8887    8827 dkvlko   Sl     3  0.0  0.6 104096 707244      16:30 do_poll.constprop.0            snapd-desktop-i /snap/snapd-desktop-integration/391/usr/bin/snapd-desktop-integration
  10529    3839 message+ S      1  0.0  0.6 100524 211212      15:44 -                              rspamd          rspamd: fuzzy process (*:11445)
  10530    3839 message+ S      0  0.0  0.6 100336 211212      15:44 -                              rspamd          rspamd: rspamd_proxy process (rspamd:9900)
   7370    7236 dkvlko   Sl     0  0.0  0.6 98396 769080       17:12 do_poll.constprop.0            mutter-x11-fram /usr/libexec/mutter-x11-frames
   1817       1 debian-+ Ssl    2  0.1  0.5 96656 396680       20:57 -                              tor             /usr/bin/tor --defaults-torrc /usr/share/tor/tor-service-defaults-torrc -f /etc/tor/torrc --RunAsDaemon 0
  56329   56328 www-data S      2  1.4  0.4 70016 141196       02:57 -                              php             /usr/bin/php8.3 /var/www/moodle/admin/cli/cron.php (Sept 25, 12:54:01 Waiting for next scheduled task)
  66060    6004 dkvlko   Dl     0  4.1  0.4 67280 54882128     00:03 folio_wait_bit_common          chrome          /opt/google/chrome/chrome
   3745    3719 root     Ssl    3  0.5  0.3 65036  74684       18:54 -                              python          python main.py
  59997   59996 www-data S      1  1.4  0.3 64868 135052       01:57 -                              php             /usr/bin/php8.3 /var/www/moodle/admin/cli/cron.php (Sept 25, 12:54:01 Waiting for next scheduled task)
   7735    6974 dkvlko   Sl     0  0.0  0.3 64544 834968       17:05 do_poll.constprop.0            evolution-alarm /usr/libexec/evolution-data-server/evolution-alarm-notify
   1978    1875 www-data S      0  0.0  0.3 61420 248184       20:28 -                              apache2         /usr/sbin/apache2 -k start
   1979    1875 www-data S      3  0.0  0.3 60080 246136       20:28 -                              apache2         /usr/sbin/apache2 -k start
   1617       1 root     Ssl    3  0.3  0.3 59864 2270764      21:06 -                              containerd      /usr/bin/containerd
  12028    6004 dkvlko   Ssl    3  0.2  0.3 58152 848020       15:09 do_poll.constprop.0            gnome-terminal- /usr/libexec/gnome-terminal-server
  63704   63703 www-data S      3  1.3  0.3 51800 127980       00:57 -                              php             /usr/bin/php /var/www/moodle/admin/cli/cron.php

ALL D-STATE PROCESSES:
    PID    PPID USER     STAT PSR %CPU %MEM     ELAPSED WCHAN                                    COMMAND         COMMAND
    594       2 root     D<     0  0.0  0.0       21:53 -                                        kworker/u9:1+i9 [kworker/u9:1+i915_flip]
  63776       2 root     D<     2  0.1  0.0       00:45 -                                        kworker/u9:2+i9 [kworker/u9:2+i915_flip]
  66145   66060 dkvlko   D      1 66.6  0.3       00:00 folio_wait_bit_common                    chrome          /opt/google/chrome/chrome --type=zygote --no-zygote-sandbox --crashpad-handler-pid=66113 --enable-crash-reporter=3106315f-a103-4027-ab33-1be6c3a1003d, --change-stack-guard-on-fork=enable

ZOMBIES:
    PID    PPID USER     STAT COMMAND         COMMAND
