[2026-09-25 12:19:17 +0530] ==============================================================
[2026-09-25 12:19:17 +0530] Linux System Performance Monitor
[2026-09-25 12:19:17 +0530] ==============================================================
[2026-09-25 12:19:17 +0530] Script directory : /home/dkvlko/live_code/GUIFreezeMonitor
[2026-09-25 12:19:17 +0530] Log directory    : /home/dkvlko/live_code/GUIFreezeMonitor/system_monitor_logs
[2026-09-25 12:19:17 +0530] Main log         : /home/dkvlko/live_code/GUIFreezeMonitor/system_monitor_logs/system_monitor_2026-09-25_12-19-17.log
[2026-09-25 12:19:17 +0530] Interval         : 60s
[2026-09-25 12:19:17 +0530] Hostname         : dkvlko-HP-ENVY-15-Notebook-PC
[2026-09-25 12:19:17 +0530] Kernel           : Linux dkvlko-HP-ENVY-15-Notebook-PC 6.8.0-139-generic #139-Ubuntu SMP PREEMPT_DYNAMIC Sat Aug  1 03:52:05 UTC 2026 x86_64 x86_64 x86_64 GNU/Linux
[2026-09-25 12:19:17 +0530] Started          : 2026-09-25 12:19:17 +0530
[2026-09-25 12:19:17 +0530] ==============================================================


================================================================
SYSTEM INFORMATION
================================================================
TIME: 2026-09-25 12:19:17 +0530
DATE:
Friday 25 September 2026 12:19:17 PM IST

UPTIME:
 12:19:17 up 20:23,  1 user,  load average: 3.02, 2.06, 3.61

KERNEL:
Linux dkvlko-HP-ENVY-15-Notebook-PC 6.8.0-139-generic #139-Ubuntu SMP PREEMPT_DYNAMIC Sat Aug  1 03:52:05 UTC 2026 x86_64 x86_64 x86_64 GNU/Linux

OS:
PRETTY_NAME="Ubuntu 24.04.5 LTS"
NAME="Ubuntu"
VERSION_ID="24.04"
VERSION="24.04.5 LTS (Noble Numbat)"
VERSION_CODENAME=noble
ID=ubuntu
ID_LIKE=debian
HOME_URL="https://www.ubuntu.com/"
SUPPORT_URL="https://help.ubuntu.com/"
BUG_REPORT_URL="https://bugs.launchpad.net/ubuntu/"
PRIVACY_POLICY_URL="https://www.ubuntu.com/legal/terms-and-policies/privacy-policy"
UBUNTU_CODENAME=noble
LOGO=ubuntu-logo

CPU:
Architecture:                            x86_64
CPU op-mode(s):                          32-bit, 64-bit
Address sizes:                           39 bits physical, 48 bits virtual
Byte Order:                              Little Endian
CPU(s):                                  4
On-line CPU(s) list:                     0-3
Vendor ID:                               GenuineIntel
Model name:                              Intel(R) Core(TM) i5-4210U CPU @ 1.70GHz
CPU family:                              6
Model:                                   69
Thread(s) per core:                      2
Core(s) per socket:                      2
Socket(s):                               1
Stepping:                                1
CPU(s) scaling MHz:                      72%
CPU max MHz:                             2700.0000
CPU min MHz:                             800.0000
BogoMIPS:                                4788.65
Flags:                                   fpu vme de pse tsc msr pae mce cx8 apic sep mtrr pge mca cmov pat pse36 clflush dts acpi mmx fxsr sse sse2 ss ht tm pbe syscall nx pdpe1gb rdtscp lm constant_tsc arch_perfmon pebs bts rep_good nopl xtopology nonstop_tsc cpuid aperfmperf pni pclmulqdq dtes64 monitor ds_cpl est tm2 ssse3 sdbg fma cx16 xtpr pdcm pcid sse4_1 sse4_2 movbe popcnt tsc_deadline_timer aes xsave avx f16c rdrand lahf_lm abm cpuid_fault epb pti ssbd ibrs ibpb stibp fsgsbase tsc_adjust bmi1 avx2 smep bmi2 erms invpcid xsaveopt dtherm ida arat pln pts md_clear flush_l1d ibpb_exit_to_user
L1d cache:                               64 KiB (2 instances)
L1i cache:                               64 KiB (2 instances)
L2 cache:                                512 KiB (2 instances)
L3 cache:                                3 MiB (1 instance)
NUMA node(s):                            1
NUMA node0 CPU(s):                       0-3
Vulnerability Gather data sampling:      Not affected
Vulnerability Indirect target selection: Not affected
Vulnerability Itlb multihit:             KVM: Mitigation: VMX unsupported
Vulnerability L1tf:                      Mitigation; PTE Inversion
Vulnerability Mds:                       Mitigation; Clear CPU buffers; SMT vulnerable
Vulnerability Meltdown:                  Mitigation; PTI
Vulnerability Mmio stale data:           Unknown: No mitigations
Vulnerability Reg file data sampling:    Not affected
Vulnerability Retbleed:                  Not affected
Vulnerability Spec rstack overflow:      Not affected
Vulnerability Spec store bypass:         Mitigation; Speculative Store Bypass disabled via prctl
Vulnerability Spectre v1:                Mitigation; usercopy/swapgs barriers and __user pointer sanitization
Vulnerability Spectre v2:                Mitigation; Retpolines; IBPB conditional; IBRS_FW; STIBP conditional; RSB filling; PBRSB-eIBRS Not affected; BHI Not affected
Vulnerability Srbds:                     Mitigation; Microcode
Vulnerability Tsa:                       Not affected
Vulnerability Tsx async abort:           Not affected
Vulnerability Vmscape:                   Mitigation; IBPB before exit to userspace

MEMORY:
               total        used        free      shared  buff/cache   available
Mem:            15Gi       3.3Gi       2.2Gi        30Mi        10Gi        12Gi
Swap:          4.0Gi       2.3Gi       1.7Gi

BLOCK DEVICES:
NAME   MODEL                SERIAL            SIZE TYPE FSTYPE   MOUNTPOINTS
loop0                                           4K loop squashfs /snap/bare/5
loop1                                        13.5M loop squashfs /snap/canonical-livepatch/406
loop2                                        13.1M loop squashfs /snap/canonical-livepatch/414
loop3                                        55.5M loop squashfs /snap/core18/2999
loop4                                        55.5M loop squashfs /snap/core18/3084
loop5                                        63.8M loop squashfs /snap/core20/2866
loop6                                        63.8M loop squashfs /snap/core20/2922
loop7                                          74M loop squashfs /snap/core22/2437
loop8                                          74M loop squashfs /snap/core22/2955
loop9                                        66.8M loop squashfs /snap/core24/1643
loop10                                       66.8M loop squashfs /snap/core24/2124
loop11                                       16.5M loop squashfs /snap/firmware-updater/226
loop12                                       12.7M loop squashfs /snap/firmware-updater/258
loop13                                      164.8M loop squashfs /snap/gnome-3-28-1804/198
loop14                                      531.4M loop squashfs /snap/gnome-42-2204/247
loop15                                      531.5M loop squashfs /snap/gnome-42-2204/263
loop16                                      606.1M loop squashfs /snap/gnome-46-2404/153
loop17                                      614.5M loop squashfs /snap/gnome-46-2404/164
loop18                                       91.7M loop squashfs /snap/gtk-common-themes/1535
loop19                                      437.3M loop squashfs /snap/kde-frameworks-5-99-qt-5-15-7-core20/7
loop20                                        1.6G loop squashfs /snap/kf6-core24/64
loop21                                        402M loop squashfs /snap/mesa-2404/1781
loop22                                        402M loop squashfs /snap/mesa-2404/1839
loop23                                       11.8M loop squashfs /snap/snap-store/1390
loop24                                       11.8M loop squashfs /snap/snap-store/1419
loop25                                       50.1M loop squashfs /snap/snapd/27710
loop26                                       50.3M loop squashfs /snap/snapd/27738
loop27                                        828K loop squashfs /snap/snapd-desktop-integration/387
loop28                                        828K loop squashfs /snap/snapd-desktop-integration/391
loop29                                      321.1M loop squashfs /snap/vlc/3777
loop30                                      264.8M loop squashfs /snap/vlc/4472
sda    HGST HTS541010A9E680 JA10021F2V07LN  931.5G disk          
├─sda1                                        650M part ntfs     
├─sda2                                        260M part vfat     /boot/efi
├─sda3                                         16M part          
├─sda4                                      129.2G part ntfs     
├─sda5                                        668M part ntfs     
├─sda6                                      400.4G part ntfs     /media/eclipse
├─sda7                                      246.5G part ext4     /data
└─sda8                                      153.9G part ext4     /
sdd    WDC WD20NMVW-11EDZS6 WD-WXQ1AC51RZLR   1.8T disk          
└─sdd1                                        1.8T part ntfs     
sde    WDC WD20JDRW-11C7VS0 WD-WX72A168PXZX   1.8T disk          
└─sde1                                        1.8T part ntfs     
sr0    hp DVDRAM GU90N      KL3Z8264215      1024M rom           

FILESYSTEMS:
Filesystem     Type      Size  Used Avail Use% Mounted on
tmpfs          tmpfs     1.6G  4.3M  1.6G   1% /run
/dev/sda8      ext4      151G   70G   73G  50% /
tmpfs          tmpfs     7.8G  4.0K  7.8G   1% /dev/shm
tmpfs          tmpfs     5.0M   12K  5.0M   1% /run/lock
efivarfs       efivarfs   84K   71K  8.6K  90% /sys/firmware/efi/efivars
/dev/sda6      fuseblk   401G  244G  158G  61% /media/eclipse
/dev/sda2      vfat      256M  130M  127M  51% /boot/efi
/dev/sda7      ext4      242G  148G   82G  65% /data
tmpfs          tmpfs     1.6G  2.7M  1.6G   1% /run/user/1000
/dev/sdb1      fuseblk   1.9T  1.5T  352G  82% /media/Elements
/dev/sdc1      fuseblk   1.9T  1.6T  253G  87% /media/My Passport

MOUNTS:
sysfs on /sys type sysfs (rw,nosuid,nodev,noexec,relatime)
proc on /proc type proc (rw,nosuid,nodev,noexec,relatime)
udev on /dev type devtmpfs (rw,nosuid,relatime,size=8084276k,nr_inodes=2021069,mode=755,inode64)
devpts on /dev/pts type devpts (rw,nosuid,noexec,relatime,gid=5,mode=620,ptmxmode=000)
tmpfs on /run type tmpfs (rw,nosuid,nodev,noexec,relatime,size=1630592k,mode=755,inode64)
/dev/sda8 on / type ext4 (rw,relatime)
securityfs on /sys/kernel/security type securityfs (rw,nosuid,nodev,noexec,relatime)
tmpfs on /dev/shm type tmpfs (rw,nosuid,nodev,inode64)
tmpfs on /run/lock type tmpfs (rw,nosuid,nodev,noexec,relatime,size=5120k,inode64)
cgroup2 on /sys/fs/cgroup type cgroup2 (rw,nosuid,nodev,noexec,relatime,nsdelegate,memory_recursiveprot)
pstore on /sys/fs/pstore type pstore (rw,nosuid,nodev,noexec,relatime)
efivarfs on /sys/firmware/efi/efivars type efivarfs (rw,nosuid,nodev,noexec,relatime)
bpf on /sys/fs/bpf type bpf (rw,nosuid,nodev,noexec,relatime,mode=700)
systemd-1 on /proc/sys/fs/binfmt_misc type autofs (rw,relatime,fd=32,pgrp=1,timeout=0,minproto=5,maxproto=5,direct,pipe_ino=2572)
mqueue on /dev/mqueue type mqueue (rw,nosuid,nodev,noexec,relatime)
debugfs on /sys/kernel/debug type debugfs (rw,nosuid,nodev,noexec,relatime)
tracefs on /sys/kernel/tracing type tracefs (rw,nosuid,nodev,noexec,relatime)
hugetlbfs on /dev/hugepages type hugetlbfs (rw,nosuid,nodev,relatime,pagesize=2M)
fusectl on /sys/fs/fuse/connections type fusectl (rw,nosuid,nodev,noexec,relatime)
configfs on /sys/kernel/config type configfs (rw,nosuid,nodev,noexec,relatime)
/var/lib/snapd/snaps/bare_5.snap on /snap/bare/5 type squashfs (ro,nodev,relatime,errors=continue,threads=single,x-gdu.hide,x-gvfs-hide)
/var/lib/snapd/snaps/core18_2999.snap on /snap/core18/2999 type squashfs (ro,nodev,relatime,errors=continue,threads=single,x-gdu.hide,x-gvfs-hide)
/var/lib/snapd/snaps/canonical-livepatch_414.snap on /snap/canonical-livepatch/414 type squashfs (ro,nodev,relatime,errors=continue,threads=single,x-gdu.hide,x-gvfs-hide)
/var/lib/snapd/snaps/canonical-livepatch_406.snap on /snap/canonical-livepatch/406 type squashfs (ro,nodev,relatime,errors=continue,threads=single,x-gdu.hide,x-gvfs-hide)
/var/lib/snapd/snaps/core18_3084.snap on /snap/core18/3084 type squashfs (ro,nodev,relatime,errors=continue,threads=single,x-gdu.hide,x-gvfs-hide)
/var/lib/snapd/snaps/core20_2866.snap on /snap/core20/2866 type squashfs (ro,nodev,relatime,errors=continue,threads=single,x-gdu.hide,x-gvfs-hide)
/var/lib/snapd/snaps/core20_2922.snap on /snap/core20/2922 type squashfs (ro,nodev,relatime,errors=continue,threads=single,x-gdu.hide,x-gvfs-hide)
/var/lib/snapd/snaps/core22_2437.snap on /snap/core22/2437 type squashfs (ro,nodev,relatime,errors=continue,threads=single,x-gdu.hide,x-gvfs-hide)
/var/lib/snapd/snaps/core22_2955.snap on /snap/core22/2955 type squashfs (ro,nodev,relatime,errors=continue,threads=single,x-gdu.hide,x-gvfs-hide)
/var/lib/snapd/snaps/core24_2124.snap on /snap/core24/2124 type squashfs (ro,nodev,relatime,errors=continue,threads=single,x-gdu.hide,x-gvfs-hide)
/var/lib/snapd/snaps/firmware-updater_226.snap on /snap/firmware-updater/226 type squashfs (ro,nodev,relatime,errors=continue,threads=single,x-gdu.hide,x-gvfs-hide)
/var/lib/snapd/snaps/firmware-updater_258.snap on /snap/firmware-updater/258 type squashfs (ro,nodev,relatime,errors=continue,threads=single,x-gdu.hide,x-gvfs-hide)
/var/lib/snapd/snaps/core24_1643.snap on /snap/core24/1643 type squashfs (ro,nodev,relatime,errors=continue,threads=single,x-gdu.hide,x-gvfs-hide)
/var/lib/snapd/snaps/gnome-3-28-1804_198.snap on /snap/gnome-3-28-1804/198 type squashfs (ro,nodev,relatime,errors=continue,threads=single,x-gdu.hide,x-gvfs-hide)
/var/lib/snapd/snaps/gnome-42-2204_247.snap on /snap/gnome-42-2204/247 type squashfs (ro,nodev,relatime,errors=continue,threads=single,x-gdu.hide,x-gvfs-hide)
/var/lib/snapd/snaps/gnome-42-2204_263.snap on /snap/gnome-42-2204/263 type squashfs (ro,nodev,relatime,errors=continue,threads=single,x-gdu.hide,x-gvfs-hide)
/var/lib/snapd/snaps/gtk-common-themes_1535.snap on /snap/gtk-common-themes/1535 type squashfs (ro,nodev,relatime,errors=continue,threads=single,x-gdu.hide,x-gvfs-hide)
/var/lib/snapd/snaps/gnome-46-2404_153.snap on /snap/gnome-46-2404/153 type squashfs (ro,nodev,relatime,errors=continue,threads=single,x-gdu.hide,x-gvfs-hide)
/var/lib/snapd/snaps/kde-frameworks-5-99-qt-5-15-7-core20_7.snap on /snap/kde-frameworks-5-99-qt-5-15-7-core20/7 type squashfs (ro,nodev,relatime,errors=continue,threads=single,x-gdu.hide,x-gvfs-hide)
/var/lib/snapd/snaps/gnome-46-2404_164.snap on /snap/gnome-46-2404/164 type squashfs (ro,nodev,relatime,errors=continue,threads=single,x-gdu.hide,x-gvfs-hide)
/var/lib/snapd/snaps/mesa-2404_1781.snap on /snap/mesa-2404/1781 type squashfs (ro,nodev,relatime,errors=continue,threads=single,x-gdu.hide,x-gvfs-hide)
/var/lib/snapd/snaps/kf6-core24_64.snap on /snap/kf6-core24/64 type squashfs (ro,nodev,relatime,errors=continue,threads=single,x-gdu.hide,x-gvfs-hide)
/var/lib/snapd/snaps/snap-store_1390.snap on /snap/snap-store/1390 type squashfs (ro,nodev,relatime,errors=continue,threads=single,x-gdu.hide,x-gvfs-hide)
/var/lib/snapd/snaps/mesa-2404_1839.snap on /snap/mesa-2404/1839 type squashfs (ro,nodev,relatime,errors=continue,threads=single,x-gdu.hide,x-gvfs-hide)
/var/lib/snapd/snaps/snap-store_1419.snap on /snap/snap-store/1419 type squashfs (ro,nodev,relatime,errors=continue,threads=single,x-gdu.hide,x-gvfs-hide)
/var/lib/snapd/snaps/snapd_27710.snap on /snap/snapd/27710 type squashfs (ro,nodev,relatime,errors=continue,threads=single,x-gdu.hide,x-gvfs-hide)
/var/lib/snapd/snaps/snapd-desktop-integration_387.snap on /snap/snapd-desktop-integration/387 type squashfs (ro,nodev,relatime,errors=continue,threads=single,x-gdu.hide,x-gvfs-hide)
/var/lib/snapd/snaps/snapd_27738.snap on /snap/snapd/27738 type squashfs (ro,nodev,relatime,errors=continue,threads=single,x-gdu.hide,x-gvfs-hide)
/var/lib/snapd/snaps/snapd-desktop-integration_391.snap on /snap/snapd-desktop-integration/391 type squashfs (ro,nodev,relatime,errors=continue,threads=single,x-gdu.hide,x-gvfs-hide)
/var/lib/snapd/snaps/vlc_3777.snap on /snap/vlc/3777 type squashfs (ro,nodev,relatime,errors=continue,threads=single,x-gdu.hide,x-gvfs-hide)
/var/lib/snapd/snaps/vlc_4472.snap on /snap/vlc/4472 type squashfs (ro,nodev,relatime,errors=continue,threads=single,x-gdu.hide,x-gvfs-hide)
/dev/sda6 on /media/eclipse type fuseblk (rw,relatime,user_id=0,group_id=0,default_permissions,allow_other,blksize=4096)
/dev/sda2 on /boot/efi type vfat (rw,relatime,fmask=0022,dmask=0022,codepage=437,iocharset=iso8859-1,shortname=mixed,errors=remount-ro)
/dev/sda7 on /data type ext4 (rw,noatime)
binfmt_misc on /proc/sys/fs/binfmt_misc type binfmt_misc (rw,nosuid,nodev,noexec,relatime)
tmpfs on /run/snapd/ns type tmpfs (rw,nosuid,nodev,noexec,relatime,size=1630592k,mode=755,inode64)
nsfs on /run/snapd/ns/canonical-livepatch.mnt type nsfs (rw)
nsfs on /run/snapd/ns/snapd-desktop-integration.mnt type nsfs (rw)
overlay on /var/lib/docker/rootfs/overlayfs/99fcbf85dbd19947d502e207141ff54310aabe84397ba6a3918404fc912e67d9 type overlay (rw,relatime,lowerdir=/var/lib/containerd/io.containerd.snapshotter.v1.overlayfs/snapshots/214/fs:/var/lib/containerd/io.containerd.snapshotter.v1.overlayfs/snapshots/131/fs:/var/lib/containerd/io.containerd.snapshotter.v1.overlayfs/snapshots/130/fs:/var/lib/containerd/io.containerd.snapshotter.v1.overlayfs/snapshots/129/fs:/var/lib/containerd/io.containerd.snapshotter.v1.overlayfs/snapshots/128/fs:/var/lib/containerd/io.containerd.snapshotter.v1.overlayfs/snapshots/122/fs:/var/lib/containerd/io.containerd.snapshotter.v1.overlayfs/snapshots/77/fs:/var/lib/containerd/io.containerd.snapshotter.v1.overlayfs/snapshots/19/fs,upperdir=/var/lib/containerd/io.containerd.snapshotter.v1.overlayfs/snapshots/220/fs,workdir=/var/lib/containerd/io.containerd.snapshotter.v1.overlayfs/snapshots/220/work,nouserxattr)
nsfs on /run/docker/netns/default type nsfs (rw)
overlay on /var/lib/docker/rootfs/overlayfs/97a0f54309f29858e44ae860068ed9a9b4d2df269b99239e04957b6e53dd6a1e type overlay (rw,relatime,lowerdir=/var/lib/containerd/io.containerd.snapshotter.v1.overlayfs/snapshots/236/fs:/var/lib/containerd/io.containerd.snapshotter.v1.overlayfs/snapshots/100/fs:/var/lib/containerd/io.containerd.snapshotter.v1.overlayfs/snapshots/79/fs:/var/lib/containerd/io.containerd.snapshotter.v1.overlayfs/snapshots/19/fs,upperdir=/var/lib/containerd/io.containerd.snapshotter.v1.overlayfs/snapshots/238/fs,workdir=/var/lib/containerd/io.containerd.snapshotter.v1.overlayfs/snapshots/238/work,nouserxattr)
overlay on /var/lib/docker/rootfs/overlayfs/de4aaffd06871acbea19f658b9fc611d6d2742ddf5983b10bc7d4b22653f1576 type overlay (rw,relatime,lowerdir=/var/lib/containerd/io.containerd.snapshotter.v1.overlayfs/snapshots/237/fs:/var/lib/containerd/io.containerd.snapshotter.v1.overlayfs/snapshots/127/fs:/var/lib/containerd/io.containerd.snapshotter.v1.overlayfs/snapshots/126/fs:/var/lib/containerd/io.containerd.snapshotter.v1.overlayfs/snapshots/125/fs:/var/lib/containerd/io.containerd.snapshotter.v1.overlayfs/snapshots/124/fs:/var/lib/containerd/io.containerd.snapshotter.v1.overlayfs/snapshots/18/fs,upperdir=/var/lib/containerd/io.containerd.snapshotter.v1.overlayfs/snapshots/239/fs,workdir=/var/lib/containerd/io.containerd.snapshotter.v1.overlayfs/snapshots/239/work,nouserxattr)
overlay on /var/lib/docker/rootfs/overlayfs/56b7f888e944893f49ecb950404deacf96c09f19fce05926d643755b4413ef5f type overlay (rw,relatime,lowerdir=/var/lib/containerd/io.containerd.snapshotter.v1.overlayfs/snapshots/244/fs:/var/lib/containerd/io.containerd.snapshotter.v1.overlayfs/snapshots/99/fs:/var/lib/containerd/io.containerd.snapshotter.v1.overlayfs/snapshots/98/fs:/var/lib/containerd/io.containerd.snapshotter.v1.overlayfs/snapshots/97/fs:/var/lib/containerd/io.containerd.snapshotter.v1.overlayfs/snapshots/96/fs:/var/lib/containerd/io.containerd.snapshotter.v1.overlayfs/snapshots/78/fs:/var/lib/containerd/io.containerd.snapshotter.v1.overlayfs/snapshots/19/fs,upperdir=/var/lib/containerd/io.containerd.snapshotter.v1.overlayfs/snapshots/245/fs,workdir=/var/lib/containerd/io.containerd.snapshotter.v1.overlayfs/snapshots/245/work,nouserxattr)
overlay on /var/lib/docker/rootfs/overlayfs/2680ef266a2402cf7df17139a1863789730d1a70acab770c286e392d3f3e5faf type overlay (rw,relatime,lowerdir=/var/lib/containerd/io.containerd.snapshotter.v1.overlayfs/snapshots/212/fs:/var/lib/containerd/io.containerd.snapshotter.v1.overlayfs/snapshots/139/fs:/var/lib/containerd/io.containerd.snapshotter.v1.overlayfs/snapshots/137/fs:/var/lib/containerd/io.containerd.snapshotter.v1.overlayfs/snapshots/136/fs:/var/lib/containerd/io.containerd.snapshotter.v1.overlayfs/snapshots/135/fs:/var/lib/containerd/io.containerd.snapshotter.v1.overlayfs/snapshots/121/fs:/var/lib/containerd/io.containerd.snapshotter.v1.overlayfs/snapshots/77/fs:/var/lib/containerd/io.containerd.snapshotter.v1.overlayfs/snapshots/19/fs,upperdir=/var/lib/containerd/io.containerd.snapshotter.v1.overlayfs/snapshots/218/fs,workdir=/var/lib/containerd/io.containerd.snapshotter.v1.overlayfs/snapshots/218/work,nouserxattr)
overlay on /var/lib/docker/rootfs/overlayfs/559feb3bc2844a8df27a247205a5a484b305d8d5dd5efe515a069232cc35f66d type overlay (rw,relatime,lowerdir=/var/lib/containerd/io.containerd.snapshotter.v1.overlayfs/snapshots/210/fs:/var/lib/containerd/io.containerd.snapshotter.v1.overlayfs/snapshots/85/fs:/var/lib/containerd/io.containerd.snapshotter.v1.overlayfs/snapshots/83/fs:/var/lib/containerd/io.containerd.snapshotter.v1.overlayfs/snapshots/76/fs:/var/lib/containerd/io.containerd.snapshotter.v1.overlayfs/snapshots/75/fs:/var/lib/containerd/io.containerd.snapshotter.v1.overlayfs/snapshots/11/fs,upperdir=/var/lib/containerd/io.containerd.snapshotter.v1.overlayfs/snapshots/216/fs,workdir=/var/lib/containerd/io.containerd.snapshotter.v1.overlayfs/snapshots/216/work,nouserxattr)
overlay on /var/lib/docker/rootfs/overlayfs/3b1cc43c6c5cff2d8a32ad92b9032b0dc7547d6024d068540ab28af8ae9163b1 type overlay (rw,relatime,lowerdir=/var/lib/containerd/io.containerd.snapshotter.v1.overlayfs/snapshots/213/fs:/var/lib/containerd/io.containerd.snapshotter.v1.overlayfs/snapshots/108/fs:/var/lib/containerd/io.containerd.snapshotter.v1.overlayfs/snapshots/107/fs:/var/lib/containerd/io.containerd.snapshotter.v1.overlayfs/snapshots/106/fs:/var/lib/containerd/io.containerd.snapshotter.v1.overlayfs/snapshots/105/fs:/var/lib/containerd/io.containerd.snapshotter.v1.overlayfs/snapshots/104/fs:/var/lib/containerd/io.containerd.snapshotter.v1.overlayfs/snapshots/103/fs:/var/lib/containerd/io.containerd.snapshotter.v1.overlayfs/snapshots/102/fs:/var/lib/containerd/io.containerd.snapshotter.v1.overlayfs/snapshots/101/fs:/var/lib/containerd/io.containerd.snapshotter.v1.overlayfs/snapshots/16/fs,upperdir=/var/lib/containerd/io.containerd.snapshotter.v1.overlayfs/snapshots/219/fs,workdir=/var/lib/containerd/io.containerd.snapshotter.v1.overlayfs/snapshots/219/work,nouserxattr)
overlay on /var/lib/docker/rootfs/overlayfs/d307bf382b30c80f1ef4d59fcbf9130471552362479d24d46218f87743039ca8 type overlay (rw,relatime,lowerdir=/var/lib/containerd/io.containerd.snapshotter.v1.overlayfs/snapshots/224/fs:/var/lib/containerd/io.containerd.snapshotter.v1.overlayfs/snapshots/141/fs:/var/lib/containerd/io.containerd.snapshotter.v1.overlayfs/snapshots/140/fs:/var/lib/containerd/io.containerd.snapshotter.v1.overlayfs/snapshots/138/fs:/var/lib/containerd/io.containerd.snapshotter.v1.overlayfs/snapshots/134/fs:/var/lib/containerd/io.containerd.snapshotter.v1.overlayfs/snapshots/133/fs:/var/lib/containerd/io.containerd.snapshotter.v1.overlayfs/snapshots/132/fs:/var/lib/containerd/io.containerd.snapshotter.v1.overlayfs/snapshots/21/fs,upperdir=/var/lib/containerd/io.containerd.snapshotter.v1.overlayfs/snapshots/228/fs,workdir=/var/lib/containerd/io.containerd.snapshotter.v1.overlayfs/snapshots/228/work,nouserxattr)
overlay on /var/lib/docker/rootfs/overlayfs/439f7cd58c212ac40c069530f18a77af4946206708e6c900e3cae2e5b3cadec9 type overlay (rw,relatime,lowerdir=/var/lib/containerd/io.containerd.snapshotter.v1.overlayfs/snapshots/222/fs:/var/lib/containerd/io.containerd.snapshotter.v1.overlayfs/snapshots/94/fs:/var/lib/containerd/io.containerd.snapshotter.v1.overlayfs/snapshots/93/fs:/var/lib/containerd/io.containerd.snapshotter.v1.overlayfs/snapshots/92/fs:/var/lib/containerd/io.containerd.snapshotter.v1.overlayfs/snapshots/91/fs:/var/lib/containerd/io.containerd.snapshotter.v1.overlayfs/snapshots/90/fs:/var/lib/containerd/io.containerd.snapshotter.v1.overlayfs/snapshots/89/fs:/var/lib/containerd/io.containerd.snapshotter.v1.overlayfs/snapshots/88/fs:/var/lib/containerd/io.containerd.snapshotter.v1.overlayfs/snapshots/87/fs:/var/lib/containerd/io.containerd.snapshotter.v1.overlayfs/snapshots/86/fs:/var/lib/containerd/io.containerd.snapshotter.v1.overlayfs/snapshots/82/fs:/var/lib/containerd/io.containerd.snapshotter.v1.overlayfs/snapshots/13/fs,upperdir=/var/lib/containerd/io.containerd.snapshotter.v1.overlayfs/snapshots/226/fs,workdir=/var/lib/containerd/io.containerd.snapshotter.v1.overlayfs/snapshots/226/work,nouserxattr)
overlay on /var/lib/docker/rootfs/overlayfs/ab8168d8b190479e09e4ec5e4d11beb5bb3fc8a1ff2b55e596b916174b4985fd type overlay (rw,relatime,lowerdir=/var/lib/containerd/io.containerd.snapshotter.v1.overlayfs/snapshots/215/fs:/var/lib/containerd/io.containerd.snapshotter.v1.overlayfs/snapshots/74/fs:/var/lib/containerd/io.containerd.snapshotter.v1.overlayfs/snapshots/73/fs:/var/lib/containerd/io.containerd.snapshotter.v1.overlayfs/snapshots/72/fs:/var/lib/containerd/io.containerd.snapshotter.v1.overlayfs/snapshots/71/fs:/var/lib/containerd/io.containerd.snapshotter.v1.overlayfs/snapshots/70/fs:/var/lib/containerd/io.containerd.snapshotter.v1.overlayfs/snapshots/69/fs:/var/lib/containerd/io.containerd.snapshotter.v1.overlayfs/snapshots/68/fs:/var/lib/containerd/io.containerd.snapshotter.v1.overlayfs/snapshots/67/fs:/var/lib/containerd/io.containerd.snapshotter.v1.overlayfs/snapshots/66/fs:/var/lib/containerd/io.containerd.snapshotter.v1.overlayfs/snapshots/65/fs:/var/lib/containerd/io.containerd.snapshotter.v1.overlayfs/snapshots/64/fs:/var/lib/containerd/io.containerd.snapshotter.v1.overlayfs/snapshots/63/fs:/var/lib/containerd/io.containerd.snapshotter.v1.overlayfs/snapshots/59/fs:/var/lib/containerd/io.containerd.snapshotter.v1.overlayfs/snapshots/8/fs,upperdir=/var/lib/containerd/io.containerd.snapshotter.v1.overlayfs/snapshots/221/fs,workdir=/var/lib/containerd/io.containerd.snapshotter.v1.overlayfs/snapshots/221/work,nouserxattr)
overlay on /var/lib/docker/rootfs/overlayfs/b8b0889640d3ca779523900f74cf63991fc0fe6b640d97467a51f46161739145 type overlay (rw,relatime,lowerdir=/var/lib/containerd/io.containerd.snapshotter.v1.overlayfs/snapshots/211/fs:/var/lib/containerd/io.containerd.snapshotter.v1.overlayfs/snapshots/35/fs:/var/lib/containerd/io.containerd.snapshotter.v1.overlayfs/snapshots/33/fs:/var/lib/containerd/io.containerd.snapshotter.v1.overlayfs/snapshots/29/fs:/var/lib/containerd/io.containerd.snapshotter.v1.overlayfs/snapshots/27/fs:/var/lib/containerd/io.containerd.snapshotter.v1.overlayfs/snapshots/25/fs:/var/lib/containerd/io.containerd.snapshotter.v1.overlayfs/snapshots/6/fs,upperdir=/var/lib/containerd/io.containerd.snapshotter.v1.overlayfs/snapshots/217/fs,workdir=/var/lib/containerd/io.containerd.snapshotter.v1.overlayfs/snapshots/217/work,nouserxattr)
overlay on /var/lib/docker/rootfs/overlayfs/98b8dcd6217bf91eceeda6f287098226fd9688e3b14ea7186b1f9e3f314c5a89 type overlay (rw,relatime,lowerdir=/var/lib/containerd/io.containerd.snapshotter.v1.overlayfs/snapshots/234/fs:/var/lib/containerd/io.containerd.snapshotter.v1.overlayfs/snapshots/123/fs:/var/lib/containerd/io.containerd.snapshotter.v1.overlayfs/snapshots/120/fs:/var/lib/containerd/io.containerd.snapshotter.v1.overlayfs/snapshots/119/fs:/var/lib/containerd/io.containerd.snapshotter.v1.overlayfs/snapshots/118/fs:/var/lib/containerd/io.containerd.snapshotter.v1.overlayfs/snapshots/117/fs:/var/lib/containerd/io.containerd.snapshotter.v1.overlayfs/snapshots/116/fs:/var/lib/containerd/io.containerd.snapshotter.v1.overlayfs/snapshots/115/fs:/var/lib/containerd/io.containerd.snapshotter.v1.overlayfs/snapshots/114/fs:/var/lib/containerd/io.containerd.snapshotter.v1.overlayfs/snapshots/113/fs:/var/lib/containerd/io.containerd.snapshotter.v1.overlayfs/snapshots/112/fs:/var/lib/containerd/io.containerd.snapshotter.v1.overlayfs/snapshots/111/fs:/var/lib/containerd/io.containerd.snapshotter.v1.overlayfs/snapshots/110/fs:/var/lib/containerd/io.containerd.snapshotter.v1.overlayfs/snapshots/109/fs:/var/lib/containerd/io.containerd.snapshotter.v1.overlayfs/snapshots/17/fs,upperdir=/var/lib/containerd/io.containerd.snapshotter.v1.overlayfs/snapshots/235/fs,workdir=/var/lib/containerd/io.containerd.snapshotter.v1.overlayfs/snapshots/235/work,nouserxattr)
overlay on /var/lib/docker/rootfs/overlayfs/fbc9f367f1f6c096b22b885541c19cacd1edef70c36c45c615341fae75f71b38 type overlay (rw,relatime,lowerdir=/var/lib/containerd/io.containerd.snapshotter.v1.overlayfs/snapshots/223/fs:/var/lib/containerd/io.containerd.snapshotter.v1.overlayfs/snapshots/62/fs:/var/lib/containerd/io.containerd.snapshotter.v1.overlayfs/snapshots/61/fs:/var/lib/containerd/io.containerd.snapshotter.v1.overlayfs/snapshots/60/fs:/var/lib/containerd/io.containerd.snapshotter.v1.overlayfs/snapshots/58/fs:/var/lib/containerd/io.containerd.snapshotter.v1.overlayfs/snapshots/57/fs:/var/lib/containerd/io.containerd.snapshotter.v1.overlayfs/snapshots/56/fs:/var/lib/containerd/io.containerd.snapshotter.v1.overlayfs/snapshots/55/fs:/var/lib/containerd/io.containerd.snapshotter.v1.overlayfs/snapshots/24/fs:/var/lib/containerd/io.containerd.snapshotter.v1.overlayfs/snapshots/5/fs,upperdir=/var/lib/containerd/io.containerd.snapshotter.v1.overlayfs/snapshots/227/fs,workdir=/var/lib/containerd/io.containerd.snapshotter.v1.overlayfs/snapshots/227/work,nouserxattr)
overlay on /var/lib/docker/rootfs/overlayfs/f7c013f655744698678cbf74e597ee2ea60fd91671ad16fd304e91b7cae6c24e type overlay (rw,relatime,lowerdir=/var/lib/containerd/io.containerd.snapshotter.v1.overlayfs/snapshots/240/fs:/var/lib/containerd/io.containerd.snapshotter.v1.overlayfs/snapshots/47/fs:/var/lib/containerd/io.containerd.snapshotter.v1.overlayfs/snapshots/46/fs:/var/lib/containerd/io.containerd.snapshotter.v1.overlayfs/snapshots/45/fs:/var/lib/containerd/io.containerd.snapshotter.v1.overlayfs/snapshots/36/fs:/var/lib/containerd/io.containerd.snapshotter.v1.overlayfs/snapshots/34/fs:/var/lib/containerd/io.containerd.snapshotter.v1.overlayfs/snapshots/32/fs:/var/lib/containerd/io.containerd.snapshotter.v1.overlayfs/snapshots/31/fs:/var/lib/containerd/io.containerd.snapshotter.v1.overlayfs/snapshots/30/fs:/var/lib/containerd/io.containerd.snapshotter.v1.overlayfs/snapshots/28/fs:/var/lib/containerd/io.containerd.snapshotter.v1.overlayfs/snapshots/26/fs:/var/lib/containerd/io.containerd.snapshotter.v1.overlayfs/snapshots/22/fs:/var/lib/containerd/io.containerd.snapshotter.v1.overlayfs/snapshots/5/fs,upperdir=/var/lib/containerd/io.containerd.snapshotter.v1.overlayfs/snapshots/241/fs,workdir=/var/lib/containerd/io.containerd.snapshotter.v1.overlayfs/snapshots/241/work,nouserxattr)
overlay on /var/lib/docker/rootfs/overlayfs/000083967d03dd1c582ef48f158d21e5f7bbe7fb2a557d759066b8928809b4ae type overlay (rw,relatime,lowerdir=/var/lib/containerd/io.containerd.snapshotter.v1.overlayfs/snapshots/230/fs:/var/lib/containerd/io.containerd.snapshotter.v1.overlayfs/snapshots/171/fs:/var/lib/containerd/io.containerd.snapshotter.v1.overlayfs/snapshots/170/fs:/var/lib/containerd/io.containerd.snapshotter.v1.overlayfs/snapshots/169/fs:/var/lib/containerd/io.containerd.snapshotter.v1.overlayfs/snapshots/168/fs:/var/lib/containerd/io.containerd.snapshotter.v1.overlayfs/snapshots/167/fs:/var/lib/containerd/io.containerd.snapshotter.v1.overlayfs/snapshots/166/fs:/var/lib/containerd/io.containerd.snapshotter.v1.overlayfs/snapshots/165/fs:/var/lib/containerd/io.containerd.snapshotter.v1.overlayfs/snapshots/164/fs:/var/lib/containerd/io.containerd.snapshotter.v1.overlayfs/snapshots/163/fs:/var/lib/containerd/io.containerd.snapshotter.v1.overlayfs/snapshots/162/fs:/var/lib/containerd/io.containerd.snapshotter.v1.overlayfs/snapshots/161/fs:/var/lib/containerd/io.containerd.snapshotter.v1.overlayfs/snapshots/84/fs:/var/lib/containerd/io.containerd.snapshotter.v1.overlayfs/snapshots/81/fs:/var/lib/containerd/io.containerd.snapshotter.v1.overlayfs/snapshots/13/fs,upperdir=/var/lib/containerd/io.containerd.snapshotter.v1.overlayfs/snapshots/231/fs,workdir=/var/lib/containerd/io.containerd.snapshotter.v1.overlayfs/snapshots/231/work,nouserxattr)
overlay on /var/lib/docker/rootfs/overlayfs/8f12748d836bd2f15337203ac5c81859abc40db266fe35e10dbd6341695d8225 type overlay (rw,relatime,lowerdir=/var/lib/containerd/io.containerd.snapshotter.v1.overlayfs/snapshots/225/fs:/var/lib/containerd/io.containerd.snapshotter.v1.overlayfs/snapshots/54/fs:/var/lib/containerd/io.containerd.snapshotter.v1.overlayfs/snapshots/53/fs:/var/lib/containerd/io.containerd.snapshotter.v1.overlayfs/snapshots/52/fs:/var/lib/containerd/io.containerd.snapshotter.v1.overlayfs/snapshots/51/fs:/var/lib/containerd/io.containerd.snapshotter.v1.overlayfs/snapshots/50/fs:/var/lib/containerd/io.containerd.snapshotter.v1.overlayfs/snapshots/49/fs:/var/lib/containerd/io.containerd.snapshotter.v1.overlayfs/snapshots/48/fs:/var/lib/containerd/io.containerd.snapshotter.v1.overlayfs/snapshots/7/fs,upperdir=/var/lib/containerd/io.containerd.snapshotter.v1.overlayfs/snapshots/229/fs,workdir=/var/lib/containerd/io.containerd.snapshotter.v1.overlayfs/snapshots/229/work,nouserxattr)
overlay on /var/lib/docker/rootfs/overlayfs/659a8486f35212145d1aa3a39c7eac987db38e861ed1af1051b25640b41b6a07 type overlay (rw,relatime,lowerdir=/var/lib/containerd/io.containerd.snapshotter.v1.overlayfs/snapshots/242/fs:/var/lib/containerd/io.containerd.snapshotter.v1.overlayfs/snapshots/44/fs:/var/lib/containerd/io.containerd.snapshotter.v1.overlayfs/snapshots/43/fs:/var/lib/containerd/io.containerd.snapshotter.v1.overlayfs/snapshots/42/fs:/var/lib/containerd/io.containerd.snapshotter.v1.overlayfs/snapshots/41/fs:/var/lib/containerd/io.containerd.snapshotter.v1.overlayfs/snapshots/40/fs:/var/lib/containerd/io.containerd.snapshotter.v1.overlayfs/snapshots/39/fs:/var/lib/containerd/io.containerd.snapshotter.v1.overlayfs/snapshots/38/fs:/var/lib/containerd/io.containerd.snapshotter.v1.overlayfs/snapshots/37/fs:/var/lib/containerd/io.containerd.snapshotter.v1.overlayfs/snapshots/23/fs:/var/lib/containerd/io.containerd.snapshotter.v1.overlayfs/snapshots/4/fs,upperdir=/var/lib/containerd/io.containerd.snapshotter.v1.overlayfs/snapshots/243/fs,workdir=/var/lib/containerd/io.containerd.snapshotter.v1.overlayfs/snapshots/243/work,nouserxattr)
overlay on /var/lib/docker/rootfs/overlayfs/634a29b801885692d7eb151635010cca93dd497e4c36a99283e458ba5febcef9 type overlay (rw,relatime,lowerdir=/var/lib/containerd/io.containerd.snapshotter.v1.overlayfs/snapshots/232/fs:/var/lib/containerd/io.containerd.snapshotter.v1.overlayfs/snapshots/160/fs:/var/lib/containerd/io.containerd.snapshotter.v1.overlayfs/snapshots/159/fs:/var/lib/containerd/io.containerd.snapshotter.v1.overlayfs/snapshots/158/fs:/var/lib/containerd/io.containerd.snapshotter.v1.overlayfs/snapshots/157/fs:/var/lib/containerd/io.containerd.snapshotter.v1.overlayfs/snapshots/156/fs:/var/lib/containerd/io.containerd.snapshotter.v1.overlayfs/snapshots/155/fs:/var/lib/containerd/io.containerd.snapshotter.v1.overlayfs/snapshots/154/fs:/var/lib/containerd/io.containerd.snapshotter.v1.overlayfs/snapshots/153/fs:/var/lib/containerd/io.containerd.snapshotter.v1.overlayfs/snapshots/152/fs:/var/lib/containerd/io.containerd.snapshotter.v1.overlayfs/snapshots/151/fs:/var/lib/containerd/io.containerd.snapshotter.v1.overlayfs/snapshots/150/fs:/var/lib/containerd/io.containerd.snapshotter.v1.overlayfs/snapshots/149/fs:/var/lib/containerd/io.containerd.snapshotter.v1.overlayfs/snapshots/148/fs:/var/lib/containerd/io.containerd.snapshotter.v1.overlayfs/snapshots/147/fs:/var/lib/containerd/io.containerd.snapshotter.v1.overlayfs/snapshots/146/fs:/var/lib/containerd/io.containerd.snapshotter.v1.overlayfs/snapshots/145/fs:/var/lib/containerd/io.containerd.snapshotter.v1.overlayfs/snapshots/144/fs:/var/lib/containerd/io.containerd.snapshotter.v1.overlayfs/snapshots/143/fs:/var/lib/containerd/io.containerd.snapshotter.v1.overlayfs/snapshots/142/fs:/var/lib/containerd/io.containerd.snapshotter.v1.overlayfs/snapshots/95/fs:/var/lib/containerd/io.containerd.snapshotter.v1.overlayfs/snapshots/14/fs,upperdir=/var/lib/containerd/io.containerd.snapshotter.v1.overlayfs/snapshots/233/fs,workdir=/var/lib/containerd/io.containerd.snapshotter.v1.overlayfs/snapshots/233/work,nouserxattr)
nsfs on /run/docker/netns/e222b122b8ab type nsfs (rw)
nsfs on /run/docker/netns/254506e156e3 type nsfs (rw)
nsfs on /run/docker/netns/1d844c1e8c4e type nsfs (rw)
nsfs on /run/docker/netns/aaa15ed9f0aa type nsfs (rw)
nsfs on /run/docker/netns/56dbd0cfb355 type nsfs (rw)
nsfs on /run/docker/netns/4051de2c526a type nsfs (rw)
nsfs on /run/docker/netns/2918a5bd9bbf type nsfs (rw)
nsfs on /run/docker/netns/155630c8a34c type nsfs (rw)
nsfs on /run/docker/netns/7ebcdbb96a6c type nsfs (rw)
nsfs on /run/docker/netns/262d13a9808e type nsfs (rw)
nsfs on /run/docker/netns/c719eb5cd850 type nsfs (rw)
nsfs on /run/docker/netns/8bd52b8eb1b1 type nsfs (rw)
nsfs on /run/docker/netns/7b015dac405e type nsfs (rw)
nsfs on /run/docker/netns/2b25c90f5954 type nsfs (rw)
nsfs on /run/docker/netns/6b32587309c7 type nsfs (rw)
nsfs on /run/docker/netns/586fdc46b408 type nsfs (rw)
nsfs on /run/docker/netns/cecba6ca2264 type nsfs (rw)
tmpfs on /run/user/1000 type tmpfs (rw,nosuid,nodev,relatime,size=1630588k,nr_inodes=407647,mode=700,uid=1000,gid=1000,inode64)
portal on /run/user/1000/doc type fuse.portal (rw,nosuid,nodev,relatime,user_id=1000,group_id=1000)
gvfsd-fuse on /run/user/1000/gvfs type fuse.gvfsd-fuse (rw,nosuid,nodev,relatime,user_id=1000,group_id=1000)
/dev/sdb1 on /media/Elements type fuseblk (rw,relatime,user_id=0,group_id=0,default_permissions,allow_other,blksize=4096)
/dev/sdc1 on /media/My Passport type fuseblk (rw,relatime,user_id=0,group_id=0,default_permissions,allow_other,blksize=4096)
nsfs on /run/snapd/ns/firmware-updater.mnt type nsfs (rw)

PCI DEVICES:
00:00.0 Host bridge [0600]: Intel Corporation Haswell-ULT DRAM Controller [8086:0a04] (rev 0b)
	Subsystem: Hewlett-Packard Company Haswell-ULT DRAM Controller [103c:228d]
	Kernel driver in use: hsw_uncore
00:02.0 VGA compatible controller [0300]: Intel Corporation Haswell-ULT Integrated Graphics Controller [8086:0a16] (rev 0b)
	DeviceName: Intel(R) Graphics GT2
	Subsystem: Hewlett-Packard Company Haswell-ULT Integrated Graphics Controller [103c:228d]
	Kernel driver in use: i915
	Kernel modules: i915
00:03.0 Audio device [0403]: Intel Corporation Haswell-ULT HD Audio Controller [8086:0a0c] (rev 0b)
	Subsystem: Hewlett-Packard Company Haswell-ULT HD Audio Controller [103c:228d]
	Kernel driver in use: snd_hda_intel
	Kernel modules: snd_hda_intel
00:14.0 USB controller [0c03]: Intel Corporation 8 Series USB xHCI HC [8086:9c31] (rev 04)
	Subsystem: Hewlett-Packard Company 8 Series USB xHCI HC [103c:228d]
	Kernel driver in use: xhci_hcd
	Kernel modules: xhci_pci
00:16.0 Communication controller [0780]: Intel Corporation 8 Series HECI #0 [8086:9c3a] (rev 04)
	Subsystem: Hewlett-Packard Company 8 Series HECI [103c:228d]
	Kernel driver in use: mei_me
	Kernel modules: mei_me
00:1b.0 Audio device [0403]: Intel Corporation 8 Series HD Audio Controller [8086:9c20] (rev 04)
	Subsystem: Hewlett-Packard Company 8 Series HD Audio Controller [103c:228d]
	Kernel driver in use: snd_hda_intel
	Kernel modules: snd_hda_intel
00:1c.0 PCI bridge [0604]: Intel Corporation 8 Series PCI Express Root Port 1 [8086:9c10] (rev e4)
	Subsystem: Hewlett-Packard Company 8 Series PCI Express Root Port 1 [103c:228d]
	Kernel driver in use: pcieport
00:1c.1 PCI bridge [0604]: Intel Corporation 8 Series PCI Express Root Port 2 [8086:9c12] (rev e4)
	Subsystem: Hewlett-Packard Company 8 Series PCI Express Root Port 2 [103c:228d]
	Kernel driver in use: pcieport
00:1c.2 PCI bridge [0604]: Intel Corporation 8 Series PCI Express Root Port 3 [8086:9c14] (rev e4)
	Subsystem: Hewlett-Packard Company 8 Series PCI Express Root Port 3 [103c:228d]
	Kernel driver in use: pcieport
00:1c.3 PCI bridge [0604]: Intel Corporation 8 Series PCI Express Root Port 4 [8086:9c16] (rev e4)
	Subsystem: Hewlett-Packard Company 8 Series PCI Express Root Port 4 [103c:228d]
	Kernel driver in use: pcieport
00:1c.4 PCI bridge [0604]: Intel Corporation 8 Series PCI Express Root Port 5 [8086:9c18] (rev e4)
	Subsystem: Hewlett-Packard Company 8 Series PCI Express Root Port 5 [103c:228d]
	Kernel driver in use: pcieport
00:1d.0 USB controller [0c03]: Intel Corporation 8 Series USB EHCI #1 [8086:9c26] (rev 04)
	Subsystem: Hewlett-Packard Company 8 Series USB EHCI [103c:228d]
	Kernel driver in use: ehci-pci
00:1f.0 ISA bridge [0601]: Intel Corporation 8 Series LPC Controller [8086:9c43] (rev 04)
	Subsystem: Hewlett-Packard Company 8 Series LPC Controller [103c:228d]
	Kernel driver in use: lpc_ich
	Kernel modules: lpc_ich
00:1f.2 SATA controller [0106]: Intel Corporation 8 Series SATA Controller 1 [AHCI mode] [8086:9c03] (rev 04)
	Subsystem: Hewlett-Packard Company 8 Series SATA Controller 1 [AHCI mode] [103c:228d]
	Kernel driver in use: ahci
	Kernel modules: ahci
00:1f.3 SMBus [0c05]: Intel Corporation 8 Series SMBus Controller [8086:9c22] (rev 04)
	Subsystem: Hewlett-Packard Company 8 Series SMBus Controller [103c:228d]
	Kernel driver in use: i801_smbus
	Kernel modules: i2c_i801
02:00.0 Unassigned class [ff00]: Realtek Semiconductor Co., Ltd. RTS5227 PCI Express Card Reader [10ec:5227] (rev 01)
	Subsystem: Hewlett-Packard Company RTS5227 PCI Express Card Reader [103c:228d]
	Kernel driver in use: rtsx_pci
	Kernel modules: rtsx_pci
08:00.0 Network controller [0280]: Intel Corporation Wireless 3160 [8086:08b3] (rev 83)
	DeviceName: Intel Dual Band Wireless-AC 3160 802.11ac 1x1 WiFi + BT 4.0 Combo Adapter
	Subsystem: Intel Corporation Dual Band Wireless-AC 3160 [Wilkins Peak 1] [8086:0070]
	Kernel driver in use: iwlwifi
	Kernel modules: iwlwifi
09:00.0 Ethernet controller [0200]: Realtek Semiconductor Co., Ltd. RTL8111/8168/8211/8411 PCI Express Gigabit Ethernet Controller [10ec:8168] (rev 10)
	DeviceName: Realtek PCIe GBE Family Controller
	Subsystem: Hewlett-Packard Company RTL8111/8168/8411 PCI Express Gigabit Ethernet Controller [103c:228d]
	Kernel driver in use: r8169
	Kernel modules: r8169
0a:00.0 3D controller [0302]: NVIDIA Corporation GM107M [GeForce GTX 850M] [10de:1391] (rev a2)
	DeviceName: NVIDIA GeForce GT 850M
	Subsystem: Hewlett-Packard Company GM107M [GeForce GTX 850M] [103c:228d]
	Kernel driver in use: nvidia
	Kernel modules: nvidiafb, nouveau, nvidia_drm, nvidia

USB DEVICES:
Bus 001 Device 001: ID 1d6b:0002 Linux Foundation 2.0 root hub
Bus 001 Device 002: ID 8087:8000 Intel Corp. Integrated Rate Matching Hub
Bus 001 Device 003: ID 04f2:b45e Chicony Electronics Co., Ltd HP Truevision HD
Bus 001 Device 004: ID 138a:0050 Validity Sensors, Inc. Swipe Fingerprint Sensor
Bus 001 Device 005: ID 8087:07dc Intel Corp. Bluetooth wireless interface
Bus 002 Device 001: ID 1d6b:0002 Linux Foundation 2.0 root hub
Bus 002 Device 006: ID 1a40:0101 Terminus Technology Inc. Hub
Bus 002 Device 007: ID 1058:25a2 Western Digital Technologies, Inc. Elements 25A2
Bus 002 Device 008: ID 1058:2626 Western Digital Technologies, Inc. My Passport (WDBPKJ)
Bus 003 Device 001: ID 1d6b:0003 Linux Foundation 3.0 root hub

NETWORK:
1: lo: <LOOPBACK,UP,LOWER_UP> mtu 65536 qdisc noqueue state UNKNOWN group default qlen 1000
    link/loopback 00:00:00:00:00:00 brd 00:00:00:00:00:00
    inet 127.0.0.1/8 scope host lo
       valid_lft forever preferred_lft forever
    inet6 ::1/128 scope host noprefixroute 
       valid_lft forever preferred_lft forever
2: eno1: <BROADCAST,MULTICAST,UP,LOWER_UP> mtu 1500 qdisc fq_codel state UP group default qlen 1000
    link/ether 8c:dc:d4:78:f1:61 brd ff:ff:ff:ff:ff:ff
    altname enp9s0
    inet 192.168.0.25/24 brd 192.168.0.255 scope global noprefixroute eno1
       valid_lft forever preferred_lft forever
    inet6 fe80::8edc:d4ff:fe78:f161/64 scope link 
       valid_lft forever preferred_lft forever
3: wlo1: <BROADCAST,MULTICAST> mtu 1500 qdisc noop state DOWN group default qlen 1000
    link/ether 30:3a:64:79:95:5a brd ff:ff:ff:ff:ff:ff
    altname wlp8s0
4: br-mailcow: <BROADCAST,MULTICAST,UP,LOWER_UP> mtu 1500 qdisc noqueue state UP group default 
    link/ether 2e:5c:6d:f0:b5:0c brd ff:ff:ff:ff:ff:ff
    inet 172.22.1.1/24 brd 172.22.1.255 scope global br-mailcow
       valid_lft forever preferred_lft forever
    inet6 fd4d:6169:6c63:6f77::1/64 scope global nodad 
       valid_lft forever preferred_lft forever
    inet6 fe80::2c5c:6dff:fef0:b50c/64 scope link 
       valid_lft forever preferred_lft forever
5: docker0: <NO-CARRIER,BROADCAST,MULTICAST,UP> mtu 1500 qdisc noqueue state DOWN group default 
    link/ether 72:d5:de:65:8d:6d brd ff:ff:ff:ff:ff:ff
    inet 172.17.0.1/16 brd 172.17.255.255 scope global docker0
       valid_lft forever preferred_lft forever
    inet6 fd8e:69cb:d56a::1/64 scope global nodad 
       valid_lft forever preferred_lft forever
6: vethe98f256@if2: <BROADCAST,MULTICAST,UP,LOWER_UP> mtu 1500 qdisc noqueue master br-mailcow state UP group default 
    link/ether d2:04:0a:80:ef:67 brd ff:ff:ff:ff:ff:ff link-netnsid 0
    inet6 fe80::d004:aff:fe80:ef67/64 scope link 
       valid_lft forever preferred_lft forever
7: veth5903ead@if2: <BROADCAST,MULTICAST,UP,LOWER_UP> mtu 1500 qdisc noqueue master br-mailcow state UP group default 
    link/ether 0e:a7:90:16:31:df brd ff:ff:ff:ff:ff:ff link-netnsid 1
    inet6 fe80::ca7:90ff:fe16:31df/64 scope link 
       valid_lft forever preferred_lft forever
8: veth74f5310@if2: <BROADCAST,MULTICAST,UP,LOWER_UP> mtu 1500 qdisc noqueue master br-mailcow state UP group default 
    link/ether 6a:a5:6f:b2:61:49 brd ff:ff:ff:ff:ff:ff link-netnsid 2
    inet6 fe80::68a5:6fff:feb2:6149/64 scope link 
       valid_lft forever preferred_lft forever
9: veth88e5494@if2: <BROADCAST,MULTICAST,UP,LOWER_UP> mtu 1500 qdisc noqueue master br-mailcow state UP group default 
    link/ether 4a:a4:4f:a6:93:2f brd ff:ff:ff:ff:ff:ff link-netnsid 3
    inet6 fe80::48a4:4fff:fea6:932f/64 scope link 
       valid_lft forever preferred_lft forever
10: veth5ee88e5@if2: <BROADCAST,MULTICAST,UP,LOWER_UP> mtu 1500 qdisc noqueue master br-mailcow state UP group default 
    link/ether 8e:30:e1:94:24:25 brd ff:ff:ff:ff:ff:ff link-netnsid 4
    inet6 fe80::8c30:e1ff:fe94:2425/64 scope link 
       valid_lft forever preferred_lft forever
11: vethd897875@if2: <BROADCAST,MULTICAST,UP,LOWER_UP> mtu 1500 qdisc noqueue master br-mailcow state UP group default 
    link/ether ee:22:2a:2c:b8:bf brd ff:ff:ff:ff:ff:ff link-netnsid 5
    inet6 fe80::ec22:2aff:fe2c:b8bf/64 scope link 
       valid_lft forever preferred_lft forever
12: veth0b82658@if2: <BROADCAST,MULTICAST,UP,LOWER_UP> mtu 1500 qdisc noqueue master br-mailcow state UP group default 
    link/ether 22:d7:37:d1:2a:1f brd ff:ff:ff:ff:ff:ff link-netnsid 6
    inet6 fe80::20d7:37ff:fed1:2a1f/64 scope link 
       valid_lft forever preferred_lft forever
13: vethcac9a50@if2: <BROADCAST,MULTICAST,UP,LOWER_UP> mtu 1500 qdisc noqueue master br-mailcow state UP group default 
    link/ether 92:5a:15:70:9e:5d brd ff:ff:ff:ff:ff:ff link-netnsid 7
    inet6 fe80::905a:15ff:fe70:9e5d/64 scope link 
       valid_lft forever preferred_lft forever
14: veth6e05d89@if2: <BROADCAST,MULTICAST,UP,LOWER_UP> mtu 1500 qdisc noqueue master br-mailcow state UP group default 
    link/ether de:ee:b1:cf:97:e6 brd ff:ff:ff:ff:ff:ff link-netnsid 8
    inet6 fe80::dcee:b1ff:fecf:97e6/64 scope link 
       valid_lft forever preferred_lft forever
15: veth073f11d@if2: <BROADCAST,MULTICAST,UP,LOWER_UP> mtu 1500 qdisc noqueue master br-mailcow state UP group default 
    link/ether 12:97:1e:8f:3a:74 brd ff:ff:ff:ff:ff:ff link-netnsid 9
    inet6 fe80::1097:1eff:fe8f:3a74/64 scope link 
       valid_lft forever preferred_lft forever
16: veth445ffcf@if2: <BROADCAST,MULTICAST,UP,LOWER_UP> mtu 1500 qdisc noqueue master br-mailcow state UP group default 
    link/ether 72:f1:2e:3f:c6:ea brd ff:ff:ff:ff:ff:ff link-netnsid 10
    inet6 fe80::70f1:2eff:fe3f:c6ea/64 scope link 
       valid_lft forever preferred_lft forever
17: veth3a6dc8d@if2: <BROADCAST,MULTICAST,UP,LOWER_UP> mtu 1500 qdisc noqueue master br-mailcow state UP group default 
    link/ether 26:61:e0:5a:09:2d brd ff:ff:ff:ff:ff:ff link-netnsid 11
    inet6 fe80::2461:e0ff:fe5a:92d/64 scope link 
       valid_lft forever preferred_lft forever
18: veth57c7c21@if2: <BROADCAST,MULTICAST,UP,LOWER_UP> mtu 1500 qdisc noqueue master br-mailcow state UP group default 
    link/ether 6e:46:32:d5:2a:26 brd ff:ff:ff:ff:ff:ff link-netnsid 12
    inet6 fe80::6c46:32ff:fed5:2a26/64 scope link 
       valid_lft forever preferred_lft forever
19: veth15f5f27@if2: <BROADCAST,MULTICAST,UP,LOWER_UP> mtu 1500 qdisc noqueue master br-mailcow state UP group default 
    link/ether 8a:7c:63:4a:1e:b8 brd ff:ff:ff:ff:ff:ff link-netnsid 13
    inet6 fe80::887c:63ff:fe4a:1eb8/64 scope link 
       valid_lft forever preferred_lft forever
20: veth51b1cba@if2: <BROADCAST,MULTICAST,UP,LOWER_UP> mtu 1500 qdisc noqueue master br-mailcow state UP group default 
    link/ether 72:21:19:9b:e9:4a brd ff:ff:ff:ff:ff:ff link-netnsid 14
    inet6 fe80::7021:19ff:fe9b:e94a/64 scope link 
       valid_lft forever preferred_lft forever
21: veth178c874@if2: <BROADCAST,MULTICAST,UP,LOWER_UP> mtu 1500 qdisc noqueue master br-mailcow state UP group default 
    link/ether 3e:d0:91:53:61:ec brd ff:ff:ff:ff:ff:ff link-netnsid 15
    inet6 fe80::3cd0:91ff:fe53:61ec/64 scope link 
       valid_lft forever preferred_lft forever
22: veth3ea4739@if2: <BROADCAST,MULTICAST,UP,LOWER_UP> mtu 1500 qdisc noqueue master br-mailcow state UP group default 
    link/ether 0a:a4:17:4f:3d:d9 brd ff:ff:ff:ff:ff:ff link-netnsid 16
    inet6 fe80::8a4:17ff:fe4f:3dd9/64 scope link 
       valid_lft forever preferred_lft forever

default via 192.168.0.1 dev eno1 proto dhcp src 192.168.0.25 metric 100 
172.17.0.0/16 dev docker0 proto kernel scope link src 172.17.0.1 linkdown 
172.22.1.0/24 dev br-mailcow proto kernel scope link src 172.22.1.1 
192.168.0.0/24 dev eno1 proto kernel scope link src 192.168.0.25 metric 100 

SYSTEMD FAILED UNITS:
  UNIT                  LOAD   ACTIVE SUB    DESCRIPTION
● sandas-server.service loaded failed failed sandas-server.service

Legend: LOAD   → Reflects whether the unit definition was properly loaded.
        ACTIVE → The high-level unit activation state, i.e. generalization of SUB.
        SUB    → The low-level unit activation state, values depend on unit type.

1 loaded units listed.

USER SYSTEMD FAILED UNITS:
  UNIT LOAD ACTIVE SUB DESCRIPTION

0 loaded units listed.


================================================================
NVIDIA INITIAL STATE
================================================================
TIME: 2026-09-25 12:19:18 +0530
nvidia-smi:
Fri Sep 25 12:19:18 2026       
+-----------------------------------------------------------------------------+
| NVIDIA-SMI 470.256.02   Driver Version: 470.256.02   CUDA Version: 11.4     |
|-------------------------------+----------------------+----------------------+
| GPU  Name        Persistence-M| Bus-Id        Disp.A | Volatile Uncorr. ECC |
| Fan  Temp  Perf  Pwr:Usage/Cap|         Memory-Usage | GPU-Util  Compute M. |
|                               |                      |               MIG M. |
|===============================+======================+======================|
|   0  NVIDIA GeForce ...  Off  | 00000000:0A:00.0 Off |                  N/A |
| N/A   50C    P5    N/A /  N/A |    233MiB /  4046MiB |     41%      Default |
|                               |                      |                  N/A |
+-------------------------------+----------------------+----------------------+
                                                                               
+-----------------------------------------------------------------------------+
| Processes:                                                                  |
|  GPU   GI   CI        PID   Type   Process name                  GPU Memory |
|        ID   ID                                                   Usage      |
|=============================================================================|
|    0   N/A  N/A      7213      G   /usr/lib/xorg/Xorg                 53MiB |
|    0   N/A  N/A      7627      G   /usr/bin/gnome-shell               87MiB |
|    0   N/A  N/A      8186      G   .../xdg-desktop-portal-gnome        6MiB |
|    0   N/A  N/A   1022938      G   ...-uuid=3190708988185955192       81MiB |
+-----------------------------------------------------------------------------+

NVIDIA MODULE:
nvidia_uvm           1421312  0
nvidia_drm             77824  12
nvidia_modeset       1212416  8 nvidia_drm
nvidia              35643392  445 nvidia_uvm,nvidia_modeset
video                  77824  2 i915,nvidia_modeset

NVIDIA DRIVER:
filename:       /lib/modules/6.8.0-139-generic/updates/dkms/nvidia.ko.zst
version:        470.256.02
license:        NVIDIA
srcversion:     33823A9D9F968463ED09E93

PRIME:
nvidia

DRM DEVICES:
total 0
drwxr-xr-x  2 root root        120 Sep 24 15:56 by-path
crw-rw----+ 1 root video  226,   1 Sep 25 04:00 card1
crw-rw----+ 1 root video  226,   2 Sep 24 15:56 card2
crw-rw----+ 1 root render 226, 128 Sep 24 15:56 renderD128
crw-rw----+ 1 root render 226, 129 Sep 24 15:56 renderD129
2026-09-25 12:19:19 +0530 CHECK=1 LOAD="3.02 2.06 3.61 1/1534 1037275" CPU_IOWAIT=1.18% MEM="total=15923MB used=3425MB free=2169MB available=12498MB" SWAP="total=4095MB used=2371MB free=1724MB" RUN=1 SLEEP=432 D=2 ZOMBIE=1
[2026-09-25 12:19:23 +0530] EVENT: D-state process detected: count=2
[2026-09-25 12:19:37 +0530] EVENT: Kernel warning/error detected

[2026-09-25 12:19:19 +0530]
Bus 001 Device 001: ID 1d6b:0002 Linux Foundation 2.0 root hub
Bus 001 Device 002: ID 8087:8000 Intel Corp. Integrated Rate Matching Hub
Bus 001 Device 003: ID 04f2:b45e Chicony Electronics Co., Ltd HP Truevision HD
Bus 001 Device 004: ID 138a:0050 Validity Sensors, Inc. Swipe Fingerprint Sensor
Bus 001 Device 005: ID 8087:07dc Intel Corp. Bluetooth wireless interface
Bus 002 Device 001: ID 1d6b:0002 Linux Foundation 2.0 root hub
Bus 002 Device 006: ID 1a40:0101 Terminus Technology Inc. Hub
Bus 002 Device 007: ID 1058:25a2 Western Digital Technologies, Inc. Elements 25A2
Bus 002 Device 008: ID 1058:2626 Western Digital Technologies, Inc. My Passport (WDBPKJ)
Bus 003 Device 001: ID 1d6b:0003 Linux Foundation 3.0 root hub

[2026-09-25 12:19:19 +0530] NVIDIA
2026/09/25 12:19:37.918, NVIDIA GeForce GTX 850M, 470.256.02, 50, 51 %, 14 %, 4046 MiB, 233 MiB, 3813 MiB, [N/A], [N/A], 549 MHz

[2026-09-25 12:19:19 +0530] DRM DEVICES
/sys/class/drm/card1-eDP-1/status = connected
/sys/class/drm/card1-HDMI-A-1/status = connected

[2026-09-25 12:19:19 +0530] FILESYSTEM USAGE
Filesystem     Type      Size  Used Avail Use% Mounted on
tmpfs          tmpfs     1.6G  4.3M  1.6G   1% /run
/dev/sda8      ext4      151G   70G   73G  50% /
tmpfs          tmpfs     7.8G  4.0K  7.8G   1% /dev/shm
tmpfs          tmpfs     5.0M   12K  5.0M   1% /run/lock
efivarfs       efivarfs   84K   71K  8.6K  90% /sys/firmware/efi/efivars
/dev/sda6      fuseblk   401G  244G  158G  61% /media/eclipse
/dev/sda2      vfat      256M  130M  127M  51% /boot/efi
/dev/sda7      ext4      242G  148G   82G  65% /data
tmpfs          tmpfs     1.6G  2.7M  1.6G   1% /run/user/1000
/dev/sdb1      fuseblk   1.9T  1.5T  352G  82% /media/Elements
/dev/sdc1      fuseblk   1.9T  1.6T  253G  87% /media/My Passport

INODES
Filesystem     Inodes IUsed IFree IUse% Mounted on
tmpfs            2.0M  2.2K  2.0M    1% /run
/dev/sda8        9.7M  932K  8.8M   10% /
tmpfs            2.0M     2  2.0M    1% /dev/shm
tmpfs            2.0M     6  2.0M    1% /run/lock
efivarfs            0     0     0     - /sys/firmware/efi/efivars
/dev/sda6        158M   84K  158M    1% /media/eclipse
/dev/sda2           0     0     0     - /boot/efi
/dev/sda7         16M   29K   16M    1% /data
tmpfs            399K   234  398K    1% /run/user/1000
/dev/sdb1        353M   44K  353M    1% /media/Elements
/dev/sdc1        253M   11K  253M    1% /media/My Passport
[2026-09-25 12:19:37 +0530] EVENT: Systemd failed units detected

[2026-09-25 12:19:19 +0530] NETWORK
lo               UNKNOWN        127.0.0.1/8 ::1/128 
eno1             UP             192.168.0.25/24 fe80::8edc:d4ff:fe78:f161/64 
wlo1             DOWN           
br-mailcow       UP             172.22.1.1/24 fd4d:6169:6c63:6f77::1/64 fe80::2c5c:6dff:fef0:b50c/64 
docker0          DOWN           172.17.0.1/16 fd8e:69cb:d56a::1/64 
vethe98f256@if2  UP             fe80::d004:aff:fe80:ef67/64 
veth5903ead@if2  UP             fe80::ca7:90ff:fe16:31df/64 
veth74f5310@if2  UP             fe80::68a5:6fff:feb2:6149/64 
veth88e5494@if2  UP             fe80::48a4:4fff:fea6:932f/64 
veth5ee88e5@if2  UP             fe80::8c30:e1ff:fe94:2425/64 
vethd897875@if2  UP             fe80::ec22:2aff:fe2c:b8bf/64 
veth0b82658@if2  UP             fe80::20d7:37ff:fed1:2a1f/64 
vethcac9a50@if2  UP             fe80::905a:15ff:fe70:9e5d/64 
veth6e05d89@if2  UP             fe80::dcee:b1ff:fecf:97e6/64 
veth073f11d@if2  UP             fe80::1097:1eff:fe8f:3a74/64 
veth445ffcf@if2  UP             fe80::70f1:2eff:fe3f:c6ea/64 
veth3a6dc8d@if2  UP             fe80::2461:e0ff:fe5a:92d/64 
veth57c7c21@if2  UP             fe80::6c46:32ff:fed5:2a26/64 
veth15f5f27@if2  UP             fe80::887c:63ff:fe4a:1eb8/64 
veth51b1cba@if2  UP             fe80::7021:19ff:fe9b:e94a/64 
veth178c874@if2  UP             fe80::3cd0:91ff:fe53:61ec/64 
veth3ea4739@if2  UP             fe80::8a4:17ff:fe4f:3dd9/64 

default via 192.168.0.1 dev eno1 proto dhcp src 192.168.0.25 metric 100 
172.17.0.0/16 dev docker0 proto kernel scope link src 172.17.0.1 linkdown 
172.22.1.0/24 dev br-mailcow proto kernel scope link src 172.22.1.1 
192.168.0.0/24 dev eno1 proto kernel scope link src 192.168.0.25 metric 100 

Total: 1124
TCP:   210 (estab 18, closed 149, orphaned 0, timewait 1)

Transport Total     IP        IPv6
RAW	  0         0         0        
UDP	  14        7         7        
TCP	  61        49        12       
INET	  75        56        19       
FRAG	  0         0         0        


[2026-09-25 12:19:19 +0530] FILE DESCRIPTORS
13888	0	9223372036854775807
9223372036854775807

[2026-09-25 12:19:19 +0530] USER SERVICES
  UNIT                                                             LOAD   ACTIVE SUB     DESCRIPTION
  at-spi-dbus-bus.service                                          loaded active running Accessibility services bus
  dbus.service                                                     loaded active running D-Bus User Message Bus
  dconf.service                                                    loaded active running User preferences database
  evolution-addressbook-factory.service                            loaded active running Evolution address book service
  evolution-calendar-factory.service                               loaded active running Evolution calendar service
  evolution-source-registry.service                                loaded active running Evolution source registry
  filter-chain.service                                             loaded active running PipeWire filter chain daemon
  gcr-ssh-agent.service                                            loaded active running GCR ssh-agent wrapper
  gnome-keyring-daemon.service                                     loaded active running GNOME Keyring daemon
  gnome-session-manager@ubuntu.service                             loaded active running GNOME Session Manager (session: ubuntu)
  gnome-session-monitor.service                                    loaded active running Monitor Session leader for GNOME Session
  gnome-terminal-server.service                                    loaded active running GNOME Terminal Server
  gvfs-afc-volume-monitor.service                                  loaded active running Virtual filesystem service - Apple File Conduit monitor
  gvfs-daemon.service                                              loaded active running Virtual filesystem service
  gvfs-goa-volume-monitor.service                                  loaded active running Virtual filesystem service - GNOME Online Accounts monitor
  gvfs-gphoto2-volume-monitor.service                              loaded active running Virtual filesystem service - digital camera monitor
  gvfs-metadata.service                                            loaded active running Virtual filesystem metadata service
  gvfs-mtp-volume-monitor.service                                  loaded active running Virtual filesystem service - Media Transfer Protocol monitor
  gvfs-udisks2-volume-monitor.service                              loaded active running Virtual filesystem service - disk device monitor
  obex.service                                                     loaded active running Bluetooth OBEX service
  org.freedesktop.IBus.session.GNOME.service                       loaded active running IBus Daemon for GNOME
  org.gnome.SettingsDaemon.A11ySettings.service                    loaded active running GNOME accessibility service
  org.gnome.SettingsDaemon.Color.service                           loaded active running GNOME color management service
  org.gnome.SettingsDaemon.Datetime.service                        loaded active running GNOME date & time service
  org.gnome.SettingsDaemon.Housekeeping.service                    loaded active running GNOME maintenance of expirable data service
  org.gnome.SettingsDaemon.Keyboard.service                        loaded active running GNOME keyboard configuration service
  org.gnome.SettingsDaemon.MediaKeys.service                       loaded active running GNOME keyboard shortcuts service
  org.gnome.SettingsDaemon.PrintNotifications.service              loaded active running GNOME printer notifications service
  org.gnome.SettingsDaemon.Rfkill.service                          loaded active running GNOME RFKill support service
  org.gnome.SettingsDaemon.ScreensaverProxy.service                loaded active running GNOME FreeDesktop screensaver service
  org.gnome.SettingsDaemon.Sharing.service                         loaded active running GNOME file sharing service
  org.gnome.SettingsDaemon.Smartcard.service                       loaded active running GNOME smartcard service
  org.gnome.SettingsDaemon.Sound.service                           loaded active running GNOME sound sample caching service
  org.gnome.SettingsDaemon.Wacom.service                           loaded active running GNOME Wacom tablet support service
  org.gnome.SettingsDaemon.XSettings.service                       loaded active running GNOME XSettings service
  org.gnome.Shell@x11.service                                      loaded active running GNOME Shell on X11
  pipewire-pulse.service                                           loaded active running PipeWire PulseAudio
  pipewire.service                                                 loaded active running PipeWire Multimedia Service
  sandas-server.service                                            loaded active running SANDAS Flask WebSocket Server
  snap.snapd-desktop-integration.snapd-desktop-integration.service loaded active running Service for snap application snapd-desktop-integration.snapd-desktop-integration
  speech-dispatcher.service                                        loaded active running Common interface to speech synthesizers
  tracker-miner-fs-3.service                                       loaded active running Tracker file system data miner
  wireplumber.service                                              loaded active running Multimedia Service Session Manager
  xdg-desktop-portal-gnome.service                                 loaded active running Portal service (GNOME implementation)
  xdg-desktop-portal-gtk.service                                   loaded active running Portal service (GTK/GNOME implementation)
  xdg-desktop-portal.service                                       loaded active running Portal service
  xdg-document-portal.service                                      loaded active running flatpak document portal service
  xdg-permission-store.service                                     loaded active running sandboxed app permission store

Legend: LOAD   → Reflects whether the unit definition was properly loaded.
        ACTIVE → The high-level unit activation state, i.e. generalization of SUB.
        SUB    → The low-level unit activation state, values depend on unit type.

48 loaded units listed.
2026-09-25 12:20:37 +0530 CHECK=2 LOAD="3.30 2.39 3.60 3/1532 1038089" CPU_IOWAIT=1.18% MEM="total=15923MB used=3389MB free=2039MB available=12534MB" SWAP="total=4095MB used=2371MB free=1724MB" RUN=1 SLEEP=430 D=2 ZOMBIE=1
[2026-09-25 12:20:41 +0530] EVENT: SWAP ACTIVITY detected: pswpin=744022 pswpout=1741941
[2026-09-25 12:20:41 +0530] EVENT: Kernel warning/error detected

[2026-09-25 12:20:37 +0530]
Bus 001 Device 001: ID 1d6b:0002 Linux Foundation 2.0 root hub
Bus 001 Device 002: ID 8087:8000 Intel Corp. Integrated Rate Matching Hub
Bus 001 Device 003: ID 04f2:b45e Chicony Electronics Co., Ltd HP Truevision HD
Bus 001 Device 004: ID 138a:0050 Validity Sensors, Inc. Swipe Fingerprint Sensor
Bus 001 Device 005: ID 8087:07dc Intel Corp. Bluetooth wireless interface
Bus 002 Device 001: ID 1d6b:0002 Linux Foundation 2.0 root hub
Bus 002 Device 006: ID 1a40:0101 Terminus Technology Inc. Hub
Bus 002 Device 007: ID 1058:25a2 Western Digital Technologies, Inc. Elements 25A2
Bus 002 Device 008: ID 1058:2626 Western Digital Technologies, Inc. My Passport (WDBPKJ)
Bus 003 Device 001: ID 1d6b:0003 Linux Foundation 3.0 root hub

[2026-09-25 12:20:37 +0530] NVIDIA
2026/09/25 12:20:41.449, NVIDIA GeForce GTX 850M, 470.256.02, 49, 45 %, 13 %, 4046 MiB, 233 MiB, 3813 MiB, [N/A], [N/A], 549 MHz

[2026-09-25 12:20:37 +0530] DRM DEVICES
/sys/class/drm/card1-eDP-1/status = connected
/sys/class/drm/card1-HDMI-A-1/status = connected

[2026-09-25 12:20:37 +0530] FILESYSTEM USAGE
Filesystem     Type      Size  Used Avail Use% Mounted on
tmpfs          tmpfs     1.6G  4.3M  1.6G   1% /run
/dev/sda8      ext4      151G   70G   73G  50% /
tmpfs          tmpfs     7.8G  4.0K  7.8G   1% /dev/shm
tmpfs          tmpfs     5.0M   12K  5.0M   1% /run/lock
efivarfs       efivarfs   84K   71K  8.6K  90% /sys/firmware/efi/efivars
/dev/sda6      fuseblk   401G  244G  158G  61% /media/eclipse
/dev/sda2      vfat      256M  130M  127M  51% /boot/efi
/dev/sda7      ext4      242G  148G   82G  65% /data
tmpfs          tmpfs     1.6G  2.7M  1.6G   1% /run/user/1000
/dev/sdb1      fuseblk   1.9T  1.5T  352G  82% /media/Elements
/dev/sdc1      fuseblk   1.9T  1.6T  253G  87% /media/My Passport

INODES
Filesystem     Inodes IUsed IFree IUse% Mounted on
tmpfs            2.0M  2.2K  2.0M    1% /run
/dev/sda8        9.7M  933K  8.8M   10% /
tmpfs            2.0M     2  2.0M    1% /dev/shm
tmpfs            2.0M     6  2.0M    1% /run/lock
efivarfs            0     0     0     - /sys/firmware/efi/efivars
/dev/sda6        158M   84K  158M    1% /media/eclipse
/dev/sda2           0     0     0     - /boot/efi
/dev/sda7         16M   29K   16M    1% /data
tmpfs            399K   234  398K    1% /run/user/1000
/dev/sdb1        353M   44K  353M    1% /media/Elements
/dev/sdc1        253M   11K  253M    1% /media/My Passport
[2026-09-25 12:20:41 +0530] EVENT: Systemd failed units detected

[2026-09-25 12:20:37 +0530] NETWORK
lo               UNKNOWN        127.0.0.1/8 ::1/128 
eno1             UP             192.168.0.25/24 fe80::8edc:d4ff:fe78:f161/64 
wlo1             DOWN           
br-mailcow       UP             172.22.1.1/24 fd4d:6169:6c63:6f77::1/64 fe80::2c5c:6dff:fef0:b50c/64 
docker0          DOWN           172.17.0.1/16 fd8e:69cb:d56a::1/64 
vethe98f256@if2  UP             fe80::d004:aff:fe80:ef67/64 
veth5903ead@if2  UP             fe80::ca7:90ff:fe16:31df/64 
veth74f5310@if2  UP             fe80::68a5:6fff:feb2:6149/64 
veth88e5494@if2  UP             fe80::48a4:4fff:fea6:932f/64 
veth5ee88e5@if2  UP             fe80::8c30:e1ff:fe94:2425/64 
vethd897875@if2  UP             fe80::ec22:2aff:fe2c:b8bf/64 
veth0b82658@if2  UP             fe80::20d7:37ff:fed1:2a1f/64 
vethcac9a50@if2  UP             fe80::905a:15ff:fe70:9e5d/64 
veth6e05d89@if2  UP             fe80::dcee:b1ff:fecf:97e6/64 
veth073f11d@if2  UP             fe80::1097:1eff:fe8f:3a74/64 
veth445ffcf@if2  UP             fe80::70f1:2eff:fe3f:c6ea/64 
veth3a6dc8d@if2  UP             fe80::2461:e0ff:fe5a:92d/64 
veth57c7c21@if2  UP             fe80::6c46:32ff:fed5:2a26/64 
veth15f5f27@if2  UP             fe80::887c:63ff:fe4a:1eb8/64 
veth51b1cba@if2  UP             fe80::7021:19ff:fe9b:e94a/64 
veth178c874@if2  UP             fe80::3cd0:91ff:fe53:61ec/64 
veth3ea4739@if2  UP             fe80::8a4:17ff:fe4f:3dd9/64 

default via 192.168.0.1 dev eno1 proto dhcp src 192.168.0.25 metric 100 
172.17.0.0/16 dev docker0 proto kernel scope link src 172.17.0.1 linkdown 
172.22.1.0/24 dev br-mailcow proto kernel scope link src 172.22.1.1 
192.168.0.0/24 dev eno1 proto kernel scope link src 192.168.0.25 metric 100 

Total: 1129
TCP:   205 (estab 18, closed 144, orphaned 0, timewait 0)

Transport Total     IP        IPv6
RAW	  0         0         0        
UDP	  14        7         7        
TCP	  61        49        12       
INET	  75        56        19       
FRAG	  0         0         0        


[2026-09-25 12:20:37 +0530] FILE DESCRIPTORS
13824	0	9223372036854775807
9223372036854775807

[2026-09-25 12:20:37 +0530] USER SERVICES
  UNIT                                                             LOAD   ACTIVE SUB     DESCRIPTION
  at-spi-dbus-bus.service                                          loaded active running Accessibility services bus
  dbus.service                                                     loaded active running D-Bus User Message Bus
  dconf.service                                                    loaded active running User preferences database
  evolution-addressbook-factory.service                            loaded active running Evolution address book service
  evolution-calendar-factory.service                               loaded active running Evolution calendar service
  evolution-source-registry.service                                loaded active running Evolution source registry
  filter-chain.service                                             loaded active running PipeWire filter chain daemon
  gcr-ssh-agent.service                                            loaded active running GCR ssh-agent wrapper
  gnome-keyring-daemon.service                                     loaded active running GNOME Keyring daemon
  gnome-session-manager@ubuntu.service                             loaded active running GNOME Session Manager (session: ubuntu)
  gnome-session-monitor.service                                    loaded active running Monitor Session leader for GNOME Session
  gnome-terminal-server.service                                    loaded active running GNOME Terminal Server
  gvfs-afc-volume-monitor.service                                  loaded active running Virtual filesystem service - Apple File Conduit monitor
  gvfs-daemon.service                                              loaded active running Virtual filesystem service
  gvfs-goa-volume-monitor.service                                  loaded active running Virtual filesystem service - GNOME Online Accounts monitor
  gvfs-gphoto2-volume-monitor.service                              loaded active running Virtual filesystem service - digital camera monitor
  gvfs-metadata.service                                            loaded active running Virtual filesystem metadata service
  gvfs-mtp-volume-monitor.service                                  loaded active running Virtual filesystem service - Media Transfer Protocol monitor
  gvfs-udisks2-volume-monitor.service                              loaded active running Virtual filesystem service - disk device monitor
  obex.service                                                     loaded active running Bluetooth OBEX service
  org.freedesktop.IBus.session.GNOME.service                       loaded active running IBus Daemon for GNOME
  org.gnome.SettingsDaemon.A11ySettings.service                    loaded active running GNOME accessibility service
  org.gnome.SettingsDaemon.Color.service                           loaded active running GNOME color management service
  org.gnome.SettingsDaemon.Datetime.service                        loaded active running GNOME date & time service
  org.gnome.SettingsDaemon.Housekeeping.service                    loaded active running GNOME maintenance of expirable data service
  org.gnome.SettingsDaemon.Keyboard.service                        loaded active running GNOME keyboard configuration service
  org.gnome.SettingsDaemon.MediaKeys.service                       loaded active running GNOME keyboard shortcuts service
  org.gnome.SettingsDaemon.PrintNotifications.service              loaded active running GNOME printer notifications service
  org.gnome.SettingsDaemon.Rfkill.service                          loaded active running GNOME RFKill support service
  org.gnome.SettingsDaemon.ScreensaverProxy.service                loaded active running GNOME FreeDesktop screensaver service
  org.gnome.SettingsDaemon.Sharing.service                         loaded active running GNOME file sharing service
  org.gnome.SettingsDaemon.Smartcard.service                       loaded active running GNOME smartcard service
  org.gnome.SettingsDaemon.Sound.service                           loaded active running GNOME sound sample caching service
  org.gnome.SettingsDaemon.Wacom.service                           loaded active running GNOME Wacom tablet support service
  org.gnome.SettingsDaemon.XSettings.service                       loaded active running GNOME XSettings service
  org.gnome.Shell@x11.service                                      loaded active running GNOME Shell on X11
  pipewire-pulse.service                                           loaded active running PipeWire PulseAudio
  pipewire.service                                                 loaded active running PipeWire Multimedia Service
  sandas-server.service                                            loaded active running SANDAS Flask WebSocket Server
  snap.snapd-desktop-integration.snapd-desktop-integration.service loaded active running Service for snap application snapd-desktop-integration.snapd-desktop-integration
  speech-dispatcher.service                                        loaded active running Common interface to speech synthesizers
  tracker-miner-fs-3.service                                       loaded active running Tracker file system data miner
  wireplumber.service                                              loaded active running Multimedia Service Session Manager
  xdg-desktop-portal-gnome.service                                 loaded active running Portal service (GNOME implementation)
  xdg-desktop-portal-gtk.service                                   loaded active running Portal service (GTK/GNOME implementation)
  xdg-desktop-portal.service                                       loaded active running Portal service
  xdg-document-portal.service                                      loaded active running flatpak document portal service
  xdg-permission-store.service                                     loaded active running sandboxed app permission store

Legend: LOAD   → Reflects whether the unit definition was properly loaded.
        ACTIVE → The high-level unit activation state, i.e. generalization of SUB.
        SUB    → The low-level unit activation state, values depend on unit type.

48 loaded units listed.
2026-09-25 12:21:41 +0530 CHECK=3 LOAD="3.04 2.51 3.56 1/1529 1038778" CPU_IOWAIT=1.18% MEM="total=15923MB used=3410MB free=2016MB available=12513MB" SWAP="total=4095MB used=2364MB free=1731MB" RUN=1 SLEEP=431 D=0 ZOMBIE=1
[2026-09-25 12:21:44 +0530] EVENT: D-state processes cleared
[2026-09-25 12:21:44 +0530] EVENT: SWAP ACTIVITY detected: pswpin=745632 pswpout=1741941
[2026-09-25 12:21:44 +0530] EVENT: Kernel warning/error detected

[2026-09-25 12:21:41 +0530]
Bus 001 Device 001: ID 1d6b:0002 Linux Foundation 2.0 root hub
Bus 001 Device 002: ID 8087:8000 Intel Corp. Integrated Rate Matching Hub
Bus 001 Device 003: ID 04f2:b45e Chicony Electronics Co., Ltd HP Truevision HD
Bus 001 Device 004: ID 138a:0050 Validity Sensors, Inc. Swipe Fingerprint Sensor
Bus 001 Device 005: ID 8087:07dc Intel Corp. Bluetooth wireless interface
Bus 002 Device 001: ID 1d6b:0002 Linux Foundation 2.0 root hub
Bus 002 Device 006: ID 1a40:0101 Terminus Technology Inc. Hub
Bus 002 Device 007: ID 1058:25a2 Western Digital Technologies, Inc. Elements 25A2
Bus 002 Device 008: ID 1058:2626 Western Digital Technologies, Inc. My Passport (WDBPKJ)
Bus 003 Device 001: ID 1d6b:0003 Linux Foundation 3.0 root hub

[2026-09-25 12:21:41 +0530] NVIDIA
2026/09/25 12:21:44.930, NVIDIA GeForce GTX 850M, 470.256.02, 49, 11 %, 3 %, 4046 MiB, 237 MiB, 3809 MiB, [N/A], [N/A], 135 MHz

[2026-09-25 12:21:41 +0530] DRM DEVICES
/sys/class/drm/card1-eDP-1/status = connected
/sys/class/drm/card1-HDMI-A-1/status = connected

[2026-09-25 12:21:41 +0530] FILESYSTEM USAGE
Filesystem     Type      Size  Used Avail Use% Mounted on
tmpfs          tmpfs     1.6G  4.3M  1.6G   1% /run
/dev/sda8      ext4      151G   70G   73G  50% /
tmpfs          tmpfs     7.8G  4.0K  7.8G   1% /dev/shm
tmpfs          tmpfs     5.0M   12K  5.0M   1% /run/lock
efivarfs       efivarfs   84K   71K  8.6K  90% /sys/firmware/efi/efivars
/dev/sda6      fuseblk   401G  244G  158G  61% /media/eclipse
/dev/sda2      vfat      256M  130M  127M  51% /boot/efi
/dev/sda7      ext4      242G  148G   82G  65% /data
tmpfs          tmpfs     1.6G  2.7M  1.6G   1% /run/user/1000
/dev/sdb1      fuseblk   1.9T  1.5T  352G  82% /media/Elements
/dev/sdc1      fuseblk   1.9T  1.6T  253G  87% /media/My Passport

INODES
Filesystem     Inodes IUsed IFree IUse% Mounted on
tmpfs            2.0M  2.2K  2.0M    1% /run
/dev/sda8        9.7M  933K  8.8M   10% /
tmpfs            2.0M     2  2.0M    1% /dev/shm
tmpfs            2.0M     6  2.0M    1% /run/lock
efivarfs            0     0     0     - /sys/firmware/efi/efivars
/dev/sda6        158M   84K  158M    1% /media/eclipse
/dev/sda2           0     0     0     - /boot/efi
/dev/sda7         16M   29K   16M    1% /data
tmpfs            399K   234  398K    1% /run/user/1000
/dev/sdb1        353M   44K  353M    1% /media/Elements
/dev/sdc1        253M   11K  253M    1% /media/My Passport
[2026-09-25 12:21:44 +0530] EVENT: Systemd failed units detected

[2026-09-25 12:21:41 +0530] NETWORK
lo               UNKNOWN        127.0.0.1/8 ::1/128 
eno1             UP             192.168.0.25/24 fe80::8edc:d4ff:fe78:f161/64 
wlo1             DOWN           
br-mailcow       UP             172.22.1.1/24 fd4d:6169:6c63:6f77::1/64 fe80::2c5c:6dff:fef0:b50c/64 
docker0          DOWN           172.17.0.1/16 fd8e:69cb:d56a::1/64 
vethe98f256@if2  UP             fe80::d004:aff:fe80:ef67/64 
veth5903ead@if2  UP             fe80::ca7:90ff:fe16:31df/64 
veth74f5310@if2  UP             fe80::68a5:6fff:feb2:6149/64 
veth88e5494@if2  UP             fe80::48a4:4fff:fea6:932f/64 
veth5ee88e5@if2  UP             fe80::8c30:e1ff:fe94:2425/64 
vethd897875@if2  UP             fe80::ec22:2aff:fe2c:b8bf/64 
veth0b82658@if2  UP             fe80::20d7:37ff:fed1:2a1f/64 
vethcac9a50@if2  UP             fe80::905a:15ff:fe70:9e5d/64 
veth6e05d89@if2  UP             fe80::dcee:b1ff:fecf:97e6/64 
veth073f11d@if2  UP             fe80::1097:1eff:fe8f:3a74/64 
veth445ffcf@if2  UP             fe80::70f1:2eff:fe3f:c6ea/64 
veth3a6dc8d@if2  UP             fe80::2461:e0ff:fe5a:92d/64 
veth57c7c21@if2  UP             fe80::6c46:32ff:fed5:2a26/64 
veth15f5f27@if2  UP             fe80::887c:63ff:fe4a:1eb8/64 
veth51b1cba@if2  UP             fe80::7021:19ff:fe9b:e94a/64 
veth178c874@if2  UP             fe80::3cd0:91ff:fe53:61ec/64 
veth3ea4739@if2  UP             fe80::8a4:17ff:fe4f:3dd9/64 

default via 192.168.0.1 dev eno1 proto dhcp src 192.168.0.25 metric 100 
172.17.0.0/16 dev docker0 proto kernel scope link src 172.17.0.1 linkdown 
172.22.1.0/24 dev br-mailcow proto kernel scope link src 172.22.1.1 
192.168.0.0/24 dev eno1 proto kernel scope link src 192.168.0.25 metric 100 

Total: 1129
TCP:   207 (estab 18, closed 146, orphaned 0, timewait 0)

Transport Total     IP        IPv6
RAW	  0         0         0        
UDP	  14        7         7        
TCP	  61        49        12       
INET	  75        56        19       
FRAG	  0         0         0        


[2026-09-25 12:21:41 +0530] FILE DESCRIPTORS
13856	0	9223372036854775807
9223372036854775807

[2026-09-25 12:21:41 +0530] USER SERVICES
  UNIT                                                             LOAD   ACTIVE SUB     DESCRIPTION
  at-spi-dbus-bus.service                                          loaded active running Accessibility services bus
  dbus.service                                                     loaded active running D-Bus User Message Bus
  dconf.service                                                    loaded active running User preferences database
  evolution-addressbook-factory.service                            loaded active running Evolution address book service
  evolution-calendar-factory.service                               loaded active running Evolution calendar service
  evolution-source-registry.service                                loaded active running Evolution source registry
  filter-chain.service                                             loaded active running PipeWire filter chain daemon
  gcr-ssh-agent.service                                            loaded active running GCR ssh-agent wrapper
  gnome-keyring-daemon.service                                     loaded active running GNOME Keyring daemon
  gnome-session-manager@ubuntu.service                             loaded active running GNOME Session Manager (session: ubuntu)
  gnome-session-monitor.service                                    loaded active running Monitor Session leader for GNOME Session
  gnome-terminal-server.service                                    loaded active running GNOME Terminal Server
  gvfs-afc-volume-monitor.service                                  loaded active running Virtual filesystem service - Apple File Conduit monitor
  gvfs-daemon.service                                              loaded active running Virtual filesystem service
  gvfs-goa-volume-monitor.service                                  loaded active running Virtual filesystem service - GNOME Online Accounts monitor
  gvfs-gphoto2-volume-monitor.service                              loaded active running Virtual filesystem service - digital camera monitor
  gvfs-metadata.service                                            loaded active running Virtual filesystem metadata service
  gvfs-mtp-volume-monitor.service                                  loaded active running Virtual filesystem service - Media Transfer Protocol monitor
  gvfs-udisks2-volume-monitor.service                              loaded active running Virtual filesystem service - disk device monitor
  obex.service                                                     loaded active running Bluetooth OBEX service
  org.freedesktop.IBus.session.GNOME.service                       loaded active running IBus Daemon for GNOME
  org.gnome.SettingsDaemon.A11ySettings.service                    loaded active running GNOME accessibility service
  org.gnome.SettingsDaemon.Color.service                           loaded active running GNOME color management service
  org.gnome.SettingsDaemon.Datetime.service                        loaded active running GNOME date & time service
  org.gnome.SettingsDaemon.Housekeeping.service                    loaded active running GNOME maintenance of expirable data service
  org.gnome.SettingsDaemon.Keyboard.service                        loaded active running GNOME keyboard configuration service
  org.gnome.SettingsDaemon.MediaKeys.service                       loaded active running GNOME keyboard shortcuts service
  org.gnome.SettingsDaemon.PrintNotifications.service              loaded active running GNOME printer notifications service
  org.gnome.SettingsDaemon.Rfkill.service                          loaded active running GNOME RFKill support service
  org.gnome.SettingsDaemon.ScreensaverProxy.service                loaded active running GNOME FreeDesktop screensaver service
  org.gnome.SettingsDaemon.Sharing.service                         loaded active running GNOME file sharing service
  org.gnome.SettingsDaemon.Smartcard.service                       loaded active running GNOME smartcard service
  org.gnome.SettingsDaemon.Sound.service                           loaded active running GNOME sound sample caching service
  org.gnome.SettingsDaemon.Wacom.service                           loaded active running GNOME Wacom tablet support service
  org.gnome.SettingsDaemon.XSettings.service                       loaded active running GNOME XSettings service
  org.gnome.Shell@x11.service                                      loaded active running GNOME Shell on X11
  pipewire-pulse.service                                           loaded active running PipeWire PulseAudio
  pipewire.service                                                 loaded active running PipeWire Multimedia Service
  sandas-server.service                                            loaded active running SANDAS Flask WebSocket Server
  snap.snapd-desktop-integration.snapd-desktop-integration.service loaded active running Service for snap application snapd-desktop-integration.snapd-desktop-integration
  speech-dispatcher.service                                        loaded active running Common interface to speech synthesizers
  tracker-miner-fs-3.service                                       loaded active running Tracker file system data miner
  wireplumber.service                                              loaded active running Multimedia Service Session Manager
  xdg-desktop-portal-gnome.service                                 loaded active running Portal service (GNOME implementation)
  xdg-desktop-portal-gtk.service                                   loaded active running Portal service (GTK/GNOME implementation)
  xdg-desktop-portal.service                                       loaded active running Portal service
  xdg-document-portal.service                                      loaded active running flatpak document portal service
  xdg-permission-store.service                                     loaded active running sandboxed app permission store

Legend: LOAD   → Reflects whether the unit definition was properly loaded.
        ACTIVE → The high-level unit activation state, i.e. generalization of SUB.
        SUB    → The low-level unit activation state, values depend on unit type.

48 loaded units listed.
2026-09-25 12:22:44 +0530 CHECK=4 LOAD="2.40 2.43 3.47 2/1539 1039482" CPU_IOWAIT=1.18% MEM="total=15923MB used=3483MB free=1941MB available=12440MB" SWAP="total=4095MB used=2363MB free=1732MB" RUN=2 SLEEP=433 D=0 ZOMBIE=1
[2026-09-25 12:22:48 +0530] EVENT: SWAP ACTIVITY detected: pswpin=745927 pswpout=1741941
[2026-09-25 12:22:48 +0530] EVENT: Kernel warning/error detected

[2026-09-25 12:22:44 +0530]
Bus 001 Device 001: ID 1d6b:0002 Linux Foundation 2.0 root hub
Bus 001 Device 002: ID 8087:8000 Intel Corp. Integrated Rate Matching Hub
Bus 001 Device 003: ID 04f2:b45e Chicony Electronics Co., Ltd HP Truevision HD
Bus 001 Device 004: ID 138a:0050 Validity Sensors, Inc. Swipe Fingerprint Sensor
Bus 001 Device 005: ID 8087:07dc Intel Corp. Bluetooth wireless interface
Bus 002 Device 001: ID 1d6b:0002 Linux Foundation 2.0 root hub
Bus 002 Device 006: ID 1a40:0101 Terminus Technology Inc. Hub
Bus 002 Device 007: ID 1058:25a2 Western Digital Technologies, Inc. Elements 25A2
Bus 002 Device 008: ID 1058:2626 Western Digital Technologies, Inc. My Passport (WDBPKJ)
Bus 003 Device 001: ID 1d6b:0003 Linux Foundation 3.0 root hub

[2026-09-25 12:22:44 +0530] NVIDIA
2026/09/25 12:22:48.464, NVIDIA GeForce GTX 850M, 470.256.02, 51, 24 %, 6 %, 4046 MiB, 210 MiB, 3836 MiB, [N/A], [N/A], 901 MHz

[2026-09-25 12:22:44 +0530] DRM DEVICES
/sys/class/drm/card1-eDP-1/status = connected
/sys/class/drm/card1-HDMI-A-1/status = connected

[2026-09-25 12:22:44 +0530] FILESYSTEM USAGE
Filesystem     Type      Size  Used Avail Use% Mounted on
tmpfs          tmpfs     1.6G  4.3M  1.6G   1% /run
/dev/sda8      ext4      151G   70G   73G  50% /
tmpfs          tmpfs     7.8G  4.0K  7.8G   1% /dev/shm
tmpfs          tmpfs     5.0M   12K  5.0M   1% /run/lock
efivarfs       efivarfs   84K   71K  8.6K  90% /sys/firmware/efi/efivars
/dev/sda6      fuseblk   401G  244G  158G  61% /media/eclipse
/dev/sda2      vfat      256M  130M  127M  51% /boot/efi
/dev/sda7      ext4      242G  148G   82G  65% /data
tmpfs          tmpfs     1.6G  2.8M  1.6G   1% /run/user/1000
/dev/sdb1      fuseblk   1.9T  1.5T  352G  82% /media/Elements
/dev/sdc1      fuseblk   1.9T  1.6T  253G  87% /media/My Passport

INODES
Filesystem     Inodes IUsed IFree IUse% Mounted on
tmpfs            2.0M  2.2K  2.0M    1% /run
/dev/sda8        9.7M  932K  8.8M   10% /
tmpfs            2.0M     2  2.0M    1% /dev/shm
tmpfs            2.0M     6  2.0M    1% /run/lock
efivarfs            0     0     0     - /sys/firmware/efi/efivars
/dev/sda6        158M   84K  158M    1% /media/eclipse
/dev/sda2           0     0     0     - /boot/efi
/dev/sda7         16M   29K   16M    1% /data
tmpfs            399K   238  398K    1% /run/user/1000
/dev/sdb1        353M   44K  353M    1% /media/Elements
/dev/sdc1        253M   11K  253M    1% /media/My Passport
[2026-09-25 12:22:48 +0530] EVENT: Systemd failed units detected

[2026-09-25 12:22:44 +0530] NETWORK
lo               UNKNOWN        127.0.0.1/8 ::1/128 
eno1             UP             192.168.0.25/24 fe80::8edc:d4ff:fe78:f161/64 
wlo1             DOWN           
br-mailcow       UP             172.22.1.1/24 fd4d:6169:6c63:6f77::1/64 fe80::2c5c:6dff:fef0:b50c/64 
docker0          DOWN           172.17.0.1/16 fd8e:69cb:d56a::1/64 
vethe98f256@if2  UP             fe80::d004:aff:fe80:ef67/64 
veth5903ead@if2  UP             fe80::ca7:90ff:fe16:31df/64 
veth74f5310@if2  UP             fe80::68a5:6fff:feb2:6149/64 
veth88e5494@if2  UP             fe80::48a4:4fff:fea6:932f/64 
veth5ee88e5@if2  UP             fe80::8c30:e1ff:fe94:2425/64 
vethd897875@if2  UP             fe80::ec22:2aff:fe2c:b8bf/64 
veth0b82658@if2  UP             fe80::20d7:37ff:fed1:2a1f/64 
vethcac9a50@if2  UP             fe80::905a:15ff:fe70:9e5d/64 
veth6e05d89@if2  UP             fe80::dcee:b1ff:fecf:97e6/64 
veth073f11d@if2  UP             fe80::1097:1eff:fe8f:3a74/64 
veth445ffcf@if2  UP             fe80::70f1:2eff:fe3f:c6ea/64 
veth3a6dc8d@if2  UP             fe80::2461:e0ff:fe5a:92d/64 
veth57c7c21@if2  UP             fe80::6c46:32ff:fed5:2a26/64 
veth15f5f27@if2  UP             fe80::887c:63ff:fe4a:1eb8/64 
veth51b1cba@if2  UP             fe80::7021:19ff:fe9b:e94a/64 
veth178c874@if2  UP             fe80::3cd0:91ff:fe53:61ec/64 
veth3ea4739@if2  UP             fe80::8a4:17ff:fe4f:3dd9/64 

default via 192.168.0.1 dev eno1 proto dhcp src 192.168.0.25 metric 100 
172.17.0.0/16 dev docker0 proto kernel scope link src 172.17.0.1 linkdown 
172.22.1.0/24 dev br-mailcow proto kernel scope link src 172.22.1.1 
192.168.0.0/24 dev eno1 proto kernel scope link src 192.168.0.25 metric 100 

Total: 1138
TCP:   204 (estab 18, closed 143, orphaned 0, timewait 1)

Transport Total     IP        IPv6
RAW	  0         0         0        
UDP	  15        8         7        
TCP	  61        49        12       
INET	  76        57        19       
FRAG	  0         0         0        


[2026-09-25 12:22:44 +0530] FILE DESCRIPTORS
13984	0	9223372036854775807
9223372036854775807

[2026-09-25 12:22:44 +0530] USER SERVICES
  UNIT                                                             LOAD   ACTIVE SUB     DESCRIPTION
  at-spi-dbus-bus.service                                          loaded active running Accessibility services bus
  dbus.service                                                     loaded active running D-Bus User Message Bus
  dconf.service                                                    loaded active running User preferences database
  evolution-addressbook-factory.service                            loaded active running Evolution address book service
  evolution-calendar-factory.service                               loaded active running Evolution calendar service
  evolution-source-registry.service                                loaded active running Evolution source registry
  filter-chain.service                                             loaded active running PipeWire filter chain daemon
  gcr-ssh-agent.service                                            loaded active running GCR ssh-agent wrapper
  gnome-keyring-daemon.service                                     loaded active running GNOME Keyring daemon
  gnome-session-manager@ubuntu.service                             loaded active running GNOME Session Manager (session: ubuntu)
  gnome-session-monitor.service                                    loaded active running Monitor Session leader for GNOME Session
  gnome-terminal-server.service                                    loaded active running GNOME Terminal Server
  gvfs-afc-volume-monitor.service                                  loaded active running Virtual filesystem service - Apple File Conduit monitor
  gvfs-daemon.service                                              loaded active running Virtual filesystem service
  gvfs-goa-volume-monitor.service                                  loaded active running Virtual filesystem service - GNOME Online Accounts monitor
  gvfs-gphoto2-volume-monitor.service                              loaded active running Virtual filesystem service - digital camera monitor
  gvfs-metadata.service                                            loaded active running Virtual filesystem metadata service
  gvfs-mtp-volume-monitor.service                                  loaded active running Virtual filesystem service - Media Transfer Protocol monitor
  gvfs-udisks2-volume-monitor.service                              loaded active running Virtual filesystem service - disk device monitor
  obex.service                                                     loaded active running Bluetooth OBEX service
  org.freedesktop.IBus.session.GNOME.service                       loaded active running IBus Daemon for GNOME
  org.gnome.SettingsDaemon.A11ySettings.service                    loaded active running GNOME accessibility service
  org.gnome.SettingsDaemon.Color.service                           loaded active running GNOME color management service
  org.gnome.SettingsDaemon.Datetime.service                        loaded active running GNOME date & time service
  org.gnome.SettingsDaemon.Housekeeping.service                    loaded active running GNOME maintenance of expirable data service
  org.gnome.SettingsDaemon.Keyboard.service                        loaded active running GNOME keyboard configuration service
  org.gnome.SettingsDaemon.MediaKeys.service                       loaded active running GNOME keyboard shortcuts service
  org.gnome.SettingsDaemon.PrintNotifications.service              loaded active running GNOME printer notifications service
  org.gnome.SettingsDaemon.Rfkill.service                          loaded active running GNOME RFKill support service
  org.gnome.SettingsDaemon.ScreensaverProxy.service                loaded active running GNOME FreeDesktop screensaver service
  org.gnome.SettingsDaemon.Sharing.service                         loaded active running GNOME file sharing service
  org.gnome.SettingsDaemon.Smartcard.service                       loaded active running GNOME smartcard service
  org.gnome.SettingsDaemon.Sound.service                           loaded active running GNOME sound sample caching service
  org.gnome.SettingsDaemon.Wacom.service                           loaded active running GNOME Wacom tablet support service
  org.gnome.SettingsDaemon.XSettings.service                       loaded active running GNOME XSettings service
  org.gnome.Shell@x11.service                                      loaded active running GNOME Shell on X11
  pipewire-pulse.service                                           loaded active running PipeWire PulseAudio
  pipewire.service                                                 loaded active running PipeWire Multimedia Service
  sandas-server.service                                            loaded active running SANDAS Flask WebSocket Server
  snap.snapd-desktop-integration.snapd-desktop-integration.service loaded active running Service for snap application snapd-desktop-integration.snapd-desktop-integration
  speech-dispatcher.service                                        loaded active running Common interface to speech synthesizers
  tracker-miner-fs-3.service                                       loaded active running Tracker file system data miner
  wireplumber.service                                              loaded active running Multimedia Service Session Manager
  xdg-desktop-portal-gnome.service                                 loaded active running Portal service (GNOME implementation)
  xdg-desktop-portal-gtk.service                                   loaded active running Portal service (GTK/GNOME implementation)
  xdg-desktop-portal.service                                       loaded active running Portal service
  xdg-document-portal.service                                      loaded active running flatpak document portal service
  xdg-permission-store.service                                     loaded active running sandboxed app permission store

Legend: LOAD   → Reflects whether the unit definition was properly loaded.
        ACTIVE → The high-level unit activation state, i.e. generalization of SUB.
        SUB    → The low-level unit activation state, values depend on unit type.

48 loaded units listed.
2026-09-25 12:23:48 +0530 CHECK=5 LOAD="2.06 2.32 3.36 1/1536 1040136" CPU_IOWAIT=1.18% MEM="total=15923MB used=3525MB free=1897MB available=12397MB" SWAP="total=4095MB used=2363MB free=1732MB" RUN=1 SLEEP=435 D=0 ZOMBIE=1
[2026-09-25 12:23:52 +0530] EVENT: SWAP ACTIVITY detected: pswpin=745978 pswpout=1741941
[2026-09-25 12:23:52 +0530] EVENT: Kernel warning/error detected

[2026-09-25 12:23:48 +0530]
Bus 001 Device 001: ID 1d6b:0002 Linux Foundation 2.0 root hub
Bus 001 Device 002: ID 8087:8000 Intel Corp. Integrated Rate Matching Hub
Bus 001 Device 003: ID 04f2:b45e Chicony Electronics Co., Ltd HP Truevision HD
Bus 001 Device 004: ID 138a:0050 Validity Sensors, Inc. Swipe Fingerprint Sensor
Bus 001 Device 005: ID 8087:07dc Intel Corp. Bluetooth wireless interface
Bus 002 Device 001: ID 1d6b:0002 Linux Foundation 2.0 root hub
Bus 002 Device 006: ID 1a40:0101 Terminus Technology Inc. Hub
Bus 002 Device 007: ID 1058:25a2 Western Digital Technologies, Inc. Elements 25A2
Bus 002 Device 008: ID 1058:2626 Western Digital Technologies, Inc. My Passport (WDBPKJ)
Bus 003 Device 001: ID 1d6b:0003 Linux Foundation 3.0 root hub

[2026-09-25 12:23:48 +0530] NVIDIA
2026/09/25 12:23:52.058, NVIDIA GeForce GTX 850M, 470.256.02, 51, 1 %, 0 %, 4046 MiB, 190 MiB, 3856 MiB, [N/A], [N/A], 901 MHz

[2026-09-25 12:23:48 +0530] DRM DEVICES
/sys/class/drm/card1-eDP-1/status = connected
/sys/class/drm/card1-HDMI-A-1/status = connected

[2026-09-25 12:23:48 +0530] FILESYSTEM USAGE
Filesystem     Type      Size  Used Avail Use% Mounted on
tmpfs          tmpfs     1.6G  4.3M  1.6G   1% /run
/dev/sda8      ext4      151G   70G   73G  50% /
tmpfs          tmpfs     7.8G  4.0K  7.8G   1% /dev/shm
tmpfs          tmpfs     5.0M   12K  5.0M   1% /run/lock
efivarfs       efivarfs   84K   71K  8.6K  90% /sys/firmware/efi/efivars
/dev/sda6      fuseblk   401G  244G  158G  61% /media/eclipse
/dev/sda2      vfat      256M  130M  127M  51% /boot/efi
/dev/sda7      ext4      242G  148G   82G  65% /data
tmpfs          tmpfs     1.6G  2.8M  1.6G   1% /run/user/1000
/dev/sdb1      fuseblk   1.9T  1.5T  352G  82% /media/Elements
/dev/sdc1      fuseblk   1.9T  1.6T  253G  87% /media/My Passport

INODES
Filesystem     Inodes IUsed IFree IUse% Mounted on
tmpfs            2.0M  2.2K  2.0M    1% /run
/dev/sda8        9.7M  932K  8.8M   10% /
tmpfs            2.0M     2  2.0M    1% /dev/shm
tmpfs            2.0M     6  2.0M    1% /run/lock
efivarfs            0     0     0     - /sys/firmware/efi/efivars
/dev/sda6        158M   84K  158M    1% /media/eclipse
/dev/sda2           0     0     0     - /boot/efi
/dev/sda7         16M   29K   16M    1% /data
tmpfs            399K   238  398K    1% /run/user/1000
/dev/sdb1        353M   44K  353M    1% /media/Elements
/dev/sdc1        253M   11K  253M    1% /media/My Passport
[2026-09-25 12:23:52 +0530] EVENT: Systemd failed units detected

[2026-09-25 12:23:48 +0530] NETWORK
lo               UNKNOWN        127.0.0.1/8 ::1/128 
eno1             UP             192.168.0.25/24 fe80::8edc:d4ff:fe78:f161/64 
wlo1             DOWN           
br-mailcow       UP             172.22.1.1/24 fd4d:6169:6c63:6f77::1/64 fe80::2c5c:6dff:fef0:b50c/64 
docker0          DOWN           172.17.0.1/16 fd8e:69cb:d56a::1/64 
vethe98f256@if2  UP             fe80::d004:aff:fe80:ef67/64 
veth5903ead@if2  UP             fe80::ca7:90ff:fe16:31df/64 
veth74f5310@if2  UP             fe80::68a5:6fff:feb2:6149/64 
veth88e5494@if2  UP             fe80::48a4:4fff:fea6:932f/64 
veth5ee88e5@if2  UP             fe80::8c30:e1ff:fe94:2425/64 
vethd897875@if2  UP             fe80::ec22:2aff:fe2c:b8bf/64 
veth0b82658@if2  UP             fe80::20d7:37ff:fed1:2a1f/64 
vethcac9a50@if2  UP             fe80::905a:15ff:fe70:9e5d/64 
veth6e05d89@if2  UP             fe80::dcee:b1ff:fecf:97e6/64 
veth073f11d@if2  UP             fe80::1097:1eff:fe8f:3a74/64 
veth445ffcf@if2  UP             fe80::70f1:2eff:fe3f:c6ea/64 
veth3a6dc8d@if2  UP             fe80::2461:e0ff:fe5a:92d/64 
veth57c7c21@if2  UP             fe80::6c46:32ff:fed5:2a26/64 
veth15f5f27@if2  UP             fe80::887c:63ff:fe4a:1eb8/64 
veth51b1cba@if2  UP             fe80::7021:19ff:fe9b:e94a/64 
veth178c874@if2  UP             fe80::3cd0:91ff:fe53:61ec/64 
veth3ea4739@if2  UP             fe80::8a4:17ff:fe4f:3dd9/64 

default via 192.168.0.1 dev eno1 proto dhcp src 192.168.0.25 metric 100 
172.17.0.0/16 dev docker0 proto kernel scope link src 172.17.0.1 linkdown 
172.22.1.0/24 dev br-mailcow proto kernel scope link src 172.22.1.1 
192.168.0.0/24 dev eno1 proto kernel scope link src 192.168.0.25 metric 100 

Total: 1137
TCP:   206 (estab 18, closed 145, orphaned 0, timewait 1)

Transport Total     IP        IPv6
RAW	  0         0         0        
UDP	  14        7         7        
TCP	  61        49        12       
INET	  75        56        19       
FRAG	  0         0         0        


[2026-09-25 12:23:48 +0530] FILE DESCRIPTORS
13984	0	9223372036854775807
9223372036854775807

[2026-09-25 12:23:48 +0530] USER SERVICES
  UNIT                                                             LOAD   ACTIVE SUB     DESCRIPTION
  at-spi-dbus-bus.service                                          loaded active running Accessibility services bus
  dbus.service                                                     loaded active running D-Bus User Message Bus
  dconf.service                                                    loaded active running User preferences database
  evolution-addressbook-factory.service                            loaded active running Evolution address book service
  evolution-calendar-factory.service                               loaded active running Evolution calendar service
  evolution-source-registry.service                                loaded active running Evolution source registry
  filter-chain.service                                             loaded active running PipeWire filter chain daemon
  gcr-ssh-agent.service                                            loaded active running GCR ssh-agent wrapper
  gnome-keyring-daemon.service                                     loaded active running GNOME Keyring daemon
  gnome-session-manager@ubuntu.service                             loaded active running GNOME Session Manager (session: ubuntu)
  gnome-session-monitor.service                                    loaded active running Monitor Session leader for GNOME Session
  gnome-terminal-server.service                                    loaded active running GNOME Terminal Server
  gvfs-afc-volume-monitor.service                                  loaded active running Virtual filesystem service - Apple File Conduit monitor
  gvfs-daemon.service                                              loaded active running Virtual filesystem service
  gvfs-goa-volume-monitor.service                                  loaded active running Virtual filesystem service - GNOME Online Accounts monitor
  gvfs-gphoto2-volume-monitor.service                              loaded active running Virtual filesystem service - digital camera monitor
  gvfs-metadata.service                                            loaded active running Virtual filesystem metadata service
  gvfs-mtp-volume-monitor.service                                  loaded active running Virtual filesystem service - Media Transfer Protocol monitor
  gvfs-udisks2-volume-monitor.service                              loaded active running Virtual filesystem service - disk device monitor
  obex.service                                                     loaded active running Bluetooth OBEX service
  org.freedesktop.IBus.session.GNOME.service                       loaded active running IBus Daemon for GNOME
  org.gnome.SettingsDaemon.A11ySettings.service                    loaded active running GNOME accessibility service
  org.gnome.SettingsDaemon.Color.service                           loaded active running GNOME color management service
  org.gnome.SettingsDaemon.Datetime.service                        loaded active running GNOME date & time service
  org.gnome.SettingsDaemon.Housekeeping.service                    loaded active running GNOME maintenance of expirable data service
  org.gnome.SettingsDaemon.Keyboard.service                        loaded active running GNOME keyboard configuration service
  org.gnome.SettingsDaemon.MediaKeys.service                       loaded active running GNOME keyboard shortcuts service
  org.gnome.SettingsDaemon.PrintNotifications.service              loaded active running GNOME printer notifications service
  org.gnome.SettingsDaemon.Rfkill.service                          loaded active running GNOME RFKill support service
  org.gnome.SettingsDaemon.ScreensaverProxy.service                loaded active running GNOME FreeDesktop screensaver service
  org.gnome.SettingsDaemon.Sharing.service                         loaded active running GNOME file sharing service
  org.gnome.SettingsDaemon.Smartcard.service                       loaded active running GNOME smartcard service
  org.gnome.SettingsDaemon.Sound.service                           loaded active running GNOME sound sample caching service
  org.gnome.SettingsDaemon.Wacom.service                           loaded active running GNOME Wacom tablet support service
  org.gnome.SettingsDaemon.XSettings.service                       loaded active running GNOME XSettings service
  org.gnome.Shell@x11.service                                      loaded active running GNOME Shell on X11
  pipewire-pulse.service                                           loaded active running PipeWire PulseAudio
  pipewire.service                                                 loaded active running PipeWire Multimedia Service
  sandas-server.service                                            loaded active running SANDAS Flask WebSocket Server
  snap.snapd-desktop-integration.snapd-desktop-integration.service loaded active running Service for snap application snapd-desktop-integration.snapd-desktop-integration
  speech-dispatcher.service                                        loaded active running Common interface to speech synthesizers
  tracker-miner-fs-3.service                                       loaded active running Tracker file system data miner
  wireplumber.service                                              loaded active running Multimedia Service Session Manager
  xdg-desktop-portal-gnome.service                                 loaded active running Portal service (GNOME implementation)
  xdg-desktop-portal-gtk.service                                   loaded active running Portal service (GTK/GNOME implementation)
  xdg-desktop-portal.service                                       loaded active running Portal service
  xdg-document-portal.service                                      loaded active running flatpak document portal service
  xdg-permission-store.service                                     loaded active running sandboxed app permission store

Legend: LOAD   → Reflects whether the unit definition was properly loaded.
        ACTIVE → The high-level unit activation state, i.e. generalization of SUB.
        SUB    → The low-level unit activation state, values depend on unit type.

48 loaded units listed.
2026-09-25 12:24:52 +0530 CHECK=6 LOAD="1.95 2.23 3.25 1/1536 1040963" CPU_IOWAIT=1.18% MEM="total=15923MB used=3403MB free=1998MB available=12520MB" SWAP="total=4095MB used=2362MB free=1733MB" RUN=1 SLEEP=435 D=0 ZOMBIE=1
[2026-09-25 12:24:55 +0530] EVENT: SWAP ACTIVITY detected: pswpin=746203 pswpout=1741941
[2026-09-25 12:24:55 +0530] EVENT: Kernel warning/error detected

[2026-09-25 12:24:52 +0530]
Bus 001 Device 001: ID 1d6b:0002 Linux Foundation 2.0 root hub
Bus 001 Device 002: ID 8087:8000 Intel Corp. Integrated Rate Matching Hub
Bus 001 Device 003: ID 04f2:b45e Chicony Electronics Co., Ltd HP Truevision HD
Bus 001 Device 004: ID 138a:0050 Validity Sensors, Inc. Swipe Fingerprint Sensor
Bus 001 Device 005: ID 8087:07dc Intel Corp. Bluetooth wireless interface
Bus 002 Device 001: ID 1d6b:0002 Linux Foundation 2.0 root hub
Bus 002 Device 006: ID 1a40:0101 Terminus Technology Inc. Hub
Bus 002 Device 007: ID 1058:25a2 Western Digital Technologies, Inc. Elements 25A2
Bus 002 Device 008: ID 1058:2626 Western Digital Technologies, Inc. My Passport (WDBPKJ)
Bus 003 Device 001: ID 1d6b:0003 Linux Foundation 3.0 root hub

[2026-09-25 12:24:52 +0530] NVIDIA
2026/09/25 12:24:55.545, NVIDIA GeForce GTX 850M, 470.256.02, 51, 4 %, 1 %, 4046 MiB, 199 MiB, 3847 MiB, [N/A], [N/A], 901 MHz

[2026-09-25 12:24:52 +0530] DRM DEVICES
/sys/class/drm/card1-eDP-1/status = connected
/sys/class/drm/card1-HDMI-A-1/status = connected

[2026-09-25 12:24:52 +0530] FILESYSTEM USAGE
Filesystem     Type      Size  Used Avail Use% Mounted on
tmpfs          tmpfs     1.6G  4.3M  1.6G   1% /run
/dev/sda8      ext4      151G   70G   73G  50% /
tmpfs          tmpfs     7.8G  4.0K  7.8G   1% /dev/shm
tmpfs          tmpfs     5.0M   12K  5.0M   1% /run/lock
efivarfs       efivarfs   84K   71K  8.6K  90% /sys/firmware/efi/efivars
/dev/sda6      fuseblk   401G  244G  158G  61% /media/eclipse
/dev/sda2      vfat      256M  130M  127M  51% /boot/efi
/dev/sda7      ext4      242G  148G   82G  65% /data
tmpfs          tmpfs     1.6G  2.8M  1.6G   1% /run/user/1000
/dev/sdb1      fuseblk   1.9T  1.5T  352G  82% /media/Elements
/dev/sdc1      fuseblk   1.9T  1.6T  253G  87% /media/My Passport

INODES
Filesystem     Inodes IUsed IFree IUse% Mounted on
tmpfs            2.0M  2.2K  2.0M    1% /run
/dev/sda8        9.7M  932K  8.8M   10% /
tmpfs            2.0M     2  2.0M    1% /dev/shm
tmpfs            2.0M     6  2.0M    1% /run/lock
efivarfs            0     0     0     - /sys/firmware/efi/efivars
/dev/sda6        158M   84K  158M    1% /media/eclipse
/dev/sda2           0     0     0     - /boot/efi
/dev/sda7         16M   29K   16M    1% /data
tmpfs            399K   238  398K    1% /run/user/1000
/dev/sdb1        353M   44K  353M    1% /media/Elements
/dev/sdc1        253M   11K  253M    1% /media/My Passport
[2026-09-25 12:24:55 +0530] EVENT: Systemd failed units detected

[2026-09-25 12:24:52 +0530] NETWORK
lo               UNKNOWN        127.0.0.1/8 ::1/128 
eno1             UP             192.168.0.25/24 fe80::8edc:d4ff:fe78:f161/64 
wlo1             DOWN           
br-mailcow       UP             172.22.1.1/24 fd4d:6169:6c63:6f77::1/64 fe80::2c5c:6dff:fef0:b50c/64 
docker0          DOWN           172.17.0.1/16 fd8e:69cb:d56a::1/64 
vethe98f256@if2  UP             fe80::d004:aff:fe80:ef67/64 
veth5903ead@if2  UP             fe80::ca7:90ff:fe16:31df/64 
veth74f5310@if2  UP             fe80::68a5:6fff:feb2:6149/64 
veth88e5494@if2  UP             fe80::48a4:4fff:fea6:932f/64 
veth5ee88e5@if2  UP             fe80::8c30:e1ff:fe94:2425/64 
vethd897875@if2  UP             fe80::ec22:2aff:fe2c:b8bf/64 
veth0b82658@if2  UP             fe80::20d7:37ff:fed1:2a1f/64 
vethcac9a50@if2  UP             fe80::905a:15ff:fe70:9e5d/64 
veth6e05d89@if2  UP             fe80::dcee:b1ff:fecf:97e6/64 
veth073f11d@if2  UP             fe80::1097:1eff:fe8f:3a74/64 
veth445ffcf@if2  UP             fe80::70f1:2eff:fe3f:c6ea/64 
veth3a6dc8d@if2  UP             fe80::2461:e0ff:fe5a:92d/64 
veth57c7c21@if2  UP             fe80::6c46:32ff:fed5:2a26/64 
veth15f5f27@if2  UP             fe80::887c:63ff:fe4a:1eb8/64 
veth51b1cba@if2  UP             fe80::7021:19ff:fe9b:e94a/64 
veth178c874@if2  UP             fe80::3cd0:91ff:fe53:61ec/64 
veth3ea4739@if2  UP             fe80::8a4:17ff:fe4f:3dd9/64 

default via 192.168.0.1 dev eno1 proto dhcp src 192.168.0.25 metric 100 
172.17.0.0/16 dev docker0 proto kernel scope link src 172.17.0.1 linkdown 
172.22.1.0/24 dev br-mailcow proto kernel scope link src 172.22.1.1 
192.168.0.0/24 dev eno1 proto kernel scope link src 192.168.0.25 metric 100 

Total: 1138
TCP:   198 (estab 18, closed 137, orphaned 0, timewait 0)

Transport Total     IP        IPv6
RAW	  0         0         0        
UDP	  14        7         7        
TCP	  61        49        12       
INET	  75        56        19       
FRAG	  0         0         0        


[2026-09-25 12:24:52 +0530] FILE DESCRIPTORS
13952	0	9223372036854775807
9223372036854775807

[2026-09-25 12:24:52 +0530] USER SERVICES
  UNIT                                                             LOAD   ACTIVE SUB     DESCRIPTION
  at-spi-dbus-bus.service                                          loaded active running Accessibility services bus
  dbus.service                                                     loaded active running D-Bus User Message Bus
  dconf.service                                                    loaded active running User preferences database
  evolution-addressbook-factory.service                            loaded active running Evolution address book service
  evolution-calendar-factory.service                               loaded active running Evolution calendar service
  evolution-source-registry.service                                loaded active running Evolution source registry
  filter-chain.service                                             loaded active running PipeWire filter chain daemon
  gcr-ssh-agent.service                                            loaded active running GCR ssh-agent wrapper
  gnome-keyring-daemon.service                                     loaded active running GNOME Keyring daemon
  gnome-session-manager@ubuntu.service                             loaded active running GNOME Session Manager (session: ubuntu)
  gnome-session-monitor.service                                    loaded active running Monitor Session leader for GNOME Session
  gnome-terminal-server.service                                    loaded active running GNOME Terminal Server
  gvfs-afc-volume-monitor.service                                  loaded active running Virtual filesystem service - Apple File Conduit monitor
  gvfs-daemon.service                                              loaded active running Virtual filesystem service
  gvfs-goa-volume-monitor.service                                  loaded active running Virtual filesystem service - GNOME Online Accounts monitor
  gvfs-gphoto2-volume-monitor.service                              loaded active running Virtual filesystem service - digital camera monitor
  gvfs-metadata.service                                            loaded active running Virtual filesystem metadata service
  gvfs-mtp-volume-monitor.service                                  loaded active running Virtual filesystem service - Media Transfer Protocol monitor
  gvfs-udisks2-volume-monitor.service                              loaded active running Virtual filesystem service - disk device monitor
  obex.service                                                     loaded active running Bluetooth OBEX service
  org.freedesktop.IBus.session.GNOME.service                       loaded active running IBus Daemon for GNOME
  org.gnome.SettingsDaemon.A11ySettings.service                    loaded active running GNOME accessibility service
  org.gnome.SettingsDaemon.Color.service                           loaded active running GNOME color management service
  org.gnome.SettingsDaemon.Datetime.service                        loaded active running GNOME date & time service
  org.gnome.SettingsDaemon.Housekeeping.service                    loaded active running GNOME maintenance of expirable data service
  org.gnome.SettingsDaemon.Keyboard.service                        loaded active running GNOME keyboard configuration service
  org.gnome.SettingsDaemon.MediaKeys.service                       loaded active running GNOME keyboard shortcuts service
  org.gnome.SettingsDaemon.PrintNotifications.service              loaded active running GNOME printer notifications service
  org.gnome.SettingsDaemon.Rfkill.service                          loaded active running GNOME RFKill support service
  org.gnome.SettingsDaemon.ScreensaverProxy.service                loaded active running GNOME FreeDesktop screensaver service
  org.gnome.SettingsDaemon.Sharing.service                         loaded active running GNOME file sharing service
  org.gnome.SettingsDaemon.Smartcard.service                       loaded active running GNOME smartcard service
  org.gnome.SettingsDaemon.Sound.service                           loaded active running GNOME sound sample caching service
  org.gnome.SettingsDaemon.Wacom.service                           loaded active running GNOME Wacom tablet support service
  org.gnome.SettingsDaemon.XSettings.service                       loaded active running GNOME XSettings service
  org.gnome.Shell@x11.service                                      loaded active running GNOME Shell on X11
  pipewire-pulse.service                                           loaded active running PipeWire PulseAudio
  pipewire.service                                                 loaded active running PipeWire Multimedia Service
  sandas-server.service                                            loaded active running SANDAS Flask WebSocket Server
  snap.snapd-desktop-integration.snapd-desktop-integration.service loaded active running Service for snap application snapd-desktop-integration.snapd-desktop-integration
  speech-dispatcher.service                                        loaded active running Common interface to speech synthesizers
  tracker-miner-fs-3.service                                       loaded active running Tracker file system data miner
  wireplumber.service                                              loaded active running Multimedia Service Session Manager
  xdg-desktop-portal-gnome.service                                 loaded active running Portal service (GNOME implementation)
  xdg-desktop-portal-gtk.service                                   loaded active running Portal service (GTK/GNOME implementation)
  xdg-desktop-portal.service                                       loaded active running Portal service
  xdg-document-portal.service                                      loaded active running flatpak document portal service
  xdg-permission-store.service                                     loaded active running sandboxed app permission store

Legend: LOAD   → Reflects whether the unit definition was properly loaded.
        ACTIVE → The high-level unit activation state, i.e. generalization of SUB.
        SUB    → The low-level unit activation state, values depend on unit type.

48 loaded units listed.
2026-09-25 12:25:55 +0530 CHECK=7 LOAD="1.18 1.96 3.09 1/1539 1041745" CPU_IOWAIT=1.18% MEM="total=15923MB used=3413MB free=1986MB available=12509MB" SWAP="total=4095MB used=2362MB free=1733MB" RUN=1 SLEEP=435 D=0 ZOMBIE=1
[2026-09-25 12:25:58 +0530] EVENT: SWAP ACTIVITY detected: pswpin=746383 pswpout=1741941
[2026-09-25 12:25:58 +0530] EVENT: Kernel warning/error detected

[2026-09-25 12:25:55 +0530]
Bus 001 Device 001: ID 1d6b:0002 Linux Foundation 2.0 root hub
Bus 001 Device 002: ID 8087:8000 Intel Corp. Integrated Rate Matching Hub
Bus 001 Device 003: ID 04f2:b45e Chicony Electronics Co., Ltd HP Truevision HD
Bus 001 Device 004: ID 138a:0050 Validity Sensors, Inc. Swipe Fingerprint Sensor
Bus 001 Device 005: ID 8087:07dc Intel Corp. Bluetooth wireless interface
Bus 002 Device 001: ID 1d6b:0002 Linux Foundation 2.0 root hub
Bus 002 Device 006: ID 1a40:0101 Terminus Technology Inc. Hub
Bus 002 Device 007: ID 1058:25a2 Western Digital Technologies, Inc. Elements 25A2
Bus 002 Device 008: ID 1058:2626 Western Digital Technologies, Inc. My Passport (WDBPKJ)
Bus 003 Device 001: ID 1d6b:0003 Linux Foundation 3.0 root hub

[2026-09-25 12:25:55 +0530] NVIDIA
2026/09/25 12:25:59.017, NVIDIA GeForce GTX 850M, 470.256.02, 50, 0 %, 0 %, 4046 MiB, 204 MiB, 3842 MiB, [N/A], [N/A], 264 MHz

[2026-09-25 12:25:55 +0530] DRM DEVICES
/sys/class/drm/card1-eDP-1/status = connected
/sys/class/drm/card1-HDMI-A-1/status = connected

[2026-09-25 12:25:55 +0530] FILESYSTEM USAGE
Filesystem     Type      Size  Used Avail Use% Mounted on
tmpfs          tmpfs     1.6G  4.3M  1.6G   1% /run
/dev/sda8      ext4      151G   70G   73G  50% /
tmpfs          tmpfs     7.8G  4.0K  7.8G   1% /dev/shm
tmpfs          tmpfs     5.0M   12K  5.0M   1% /run/lock
efivarfs       efivarfs   84K   71K  8.6K  90% /sys/firmware/efi/efivars
/dev/sda6      fuseblk   401G  244G  158G  61% /media/eclipse
/dev/sda2      vfat      256M  130M  127M  51% /boot/efi
/dev/sda7      ext4      242G  148G   82G  65% /data
tmpfs          tmpfs     1.6G  2.8M  1.6G   1% /run/user/1000
/dev/sdb1      fuseblk   1.9T  1.5T  352G  82% /media/Elements
/dev/sdc1      fuseblk   1.9T  1.6T  253G  87% /media/My Passport

INODES
Filesystem     Inodes IUsed IFree IUse% Mounted on
tmpfs            2.0M  2.2K  2.0M    1% /run
/dev/sda8        9.7M  932K  8.8M   10% /
tmpfs            2.0M     2  2.0M    1% /dev/shm
tmpfs            2.0M     6  2.0M    1% /run/lock
efivarfs            0     0     0     - /sys/firmware/efi/efivars
/dev/sda6        158M   84K  158M    1% /media/eclipse
/dev/sda2           0     0     0     - /boot/efi
/dev/sda7         16M   29K   16M    1% /data
tmpfs            399K   238  398K    1% /run/user/1000
/dev/sdb1        353M   44K  353M    1% /media/Elements
/dev/sdc1        253M   11K  253M    1% /media/My Passport
[2026-09-25 12:25:59 +0530] EVENT: Systemd failed units detected

[2026-09-25 12:25:55 +0530] NETWORK
lo               UNKNOWN        127.0.0.1/8 ::1/128 
eno1             UP             192.168.0.25/24 fe80::8edc:d4ff:fe78:f161/64 
wlo1             DOWN           
br-mailcow       UP             172.22.1.1/24 fd4d:6169:6c63:6f77::1/64 fe80::2c5c:6dff:fef0:b50c/64 
docker0          DOWN           172.17.0.1/16 fd8e:69cb:d56a::1/64 
vethe98f256@if2  UP             fe80::d004:aff:fe80:ef67/64 
veth5903ead@if2  UP             fe80::ca7:90ff:fe16:31df/64 
veth74f5310@if2  UP             fe80::68a5:6fff:feb2:6149/64 
veth88e5494@if2  UP             fe80::48a4:4fff:fea6:932f/64 
veth5ee88e5@if2  UP             fe80::8c30:e1ff:fe94:2425/64 
vethd897875@if2  UP             fe80::ec22:2aff:fe2c:b8bf/64 
veth0b82658@if2  UP             fe80::20d7:37ff:fed1:2a1f/64 
vethcac9a50@if2  UP             fe80::905a:15ff:fe70:9e5d/64 
veth6e05d89@if2  UP             fe80::dcee:b1ff:fecf:97e6/64 
veth073f11d@if2  UP             fe80::1097:1eff:fe8f:3a74/64 
veth445ffcf@if2  UP             fe80::70f1:2eff:fe3f:c6ea/64 
veth3a6dc8d@if2  UP             fe80::2461:e0ff:fe5a:92d/64 
veth57c7c21@if2  UP             fe80::6c46:32ff:fed5:2a26/64 
veth15f5f27@if2  UP             fe80::887c:63ff:fe4a:1eb8/64 
veth51b1cba@if2  UP             fe80::7021:19ff:fe9b:e94a/64 
veth178c874@if2  UP             fe80::3cd0:91ff:fe53:61ec/64 
veth3ea4739@if2  UP             fe80::8a4:17ff:fe4f:3dd9/64 

default via 192.168.0.1 dev eno1 proto dhcp src 192.168.0.25 metric 100 
172.17.0.0/16 dev docker0 proto kernel scope link src 172.17.0.1 linkdown 
172.22.1.0/24 dev br-mailcow proto kernel scope link src 172.22.1.1 
192.168.0.0/24 dev eno1 proto kernel scope link src 192.168.0.25 metric 100 

Total: 1136
TCP:   196 (estab 16, closed 137, orphaned 0, timewait 1)

Transport Total     IP        IPv6
RAW	  0         0         0        
UDP	  15        8         7        
TCP	  59        47        12       
INET	  74        55        19       
FRAG	  0         0         0        


[2026-09-25 12:25:55 +0530] FILE DESCRIPTORS
14016	0	9223372036854775807
9223372036854775807

[2026-09-25 12:25:55 +0530] USER SERVICES
  UNIT                                                             LOAD   ACTIVE SUB     DESCRIPTION
  at-spi-dbus-bus.service                                          loaded active running Accessibility services bus
  dbus.service                                                     loaded active running D-Bus User Message Bus
  dconf.service                                                    loaded active running User preferences database
  evolution-addressbook-factory.service                            loaded active running Evolution address book service
  evolution-calendar-factory.service                               loaded active running Evolution calendar service
  evolution-source-registry.service                                loaded active running Evolution source registry
  filter-chain.service                                             loaded active running PipeWire filter chain daemon
  gcr-ssh-agent.service                                            loaded active running GCR ssh-agent wrapper
  gnome-keyring-daemon.service                                     loaded active running GNOME Keyring daemon
  gnome-session-manager@ubuntu.service                             loaded active running GNOME Session Manager (session: ubuntu)
  gnome-session-monitor.service                                    loaded active running Monitor Session leader for GNOME Session
  gnome-terminal-server.service                                    loaded active running GNOME Terminal Server
  gvfs-afc-volume-monitor.service                                  loaded active running Virtual filesystem service - Apple File Conduit monitor
  gvfs-daemon.service                                              loaded active running Virtual filesystem service
  gvfs-goa-volume-monitor.service                                  loaded active running Virtual filesystem service - GNOME Online Accounts monitor
  gvfs-gphoto2-volume-monitor.service                              loaded active running Virtual filesystem service - digital camera monitor
  gvfs-metadata.service                                            loaded active running Virtual filesystem metadata service
  gvfs-mtp-volume-monitor.service                                  loaded active running Virtual filesystem service - Media Transfer Protocol monitor
  gvfs-udisks2-volume-monitor.service                              loaded active running Virtual filesystem service - disk device monitor
  obex.service                                                     loaded active running Bluetooth OBEX service
  org.freedesktop.IBus.session.GNOME.service                       loaded active running IBus Daemon for GNOME
  org.gnome.SettingsDaemon.A11ySettings.service                    loaded active running GNOME accessibility service
  org.gnome.SettingsDaemon.Color.service                           loaded active running GNOME color management service
  org.gnome.SettingsDaemon.Datetime.service                        loaded active running GNOME date & time service
  org.gnome.SettingsDaemon.Housekeeping.service                    loaded active running GNOME maintenance of expirable data service
  org.gnome.SettingsDaemon.Keyboard.service                        loaded active running GNOME keyboard configuration service
  org.gnome.SettingsDaemon.MediaKeys.service                       loaded active running GNOME keyboard shortcuts service
  org.gnome.SettingsDaemon.PrintNotifications.service              loaded active running GNOME printer notifications service
  org.gnome.SettingsDaemon.Rfkill.service                          loaded active running GNOME RFKill support service
  org.gnome.SettingsDaemon.ScreensaverProxy.service                loaded active running GNOME FreeDesktop screensaver service
  org.gnome.SettingsDaemon.Sharing.service                         loaded active running GNOME file sharing service
  org.gnome.SettingsDaemon.Smartcard.service                       loaded active running GNOME smartcard service
  org.gnome.SettingsDaemon.Sound.service                           loaded active running GNOME sound sample caching service
  org.gnome.SettingsDaemon.Wacom.service                           loaded active running GNOME Wacom tablet support service
  org.gnome.SettingsDaemon.XSettings.service                       loaded active running GNOME XSettings service
  org.gnome.Shell@x11.service                                      loaded active running GNOME Shell on X11
  pipewire-pulse.service                                           loaded active running PipeWire PulseAudio
  pipewire.service                                                 loaded active running PipeWire Multimedia Service
  sandas-server.service                                            loaded active running SANDAS Flask WebSocket Server
  snap.snapd-desktop-integration.snapd-desktop-integration.service loaded active running Service for snap application snapd-desktop-integration.snapd-desktop-integration
  speech-dispatcher.service                                        loaded active running Common interface to speech synthesizers
  tracker-miner-fs-3.service                                       loaded active running Tracker file system data miner
  wireplumber.service                                              loaded active running Multimedia Service Session Manager
  xdg-desktop-portal-gnome.service                                 loaded active running Portal service (GNOME implementation)
  xdg-desktop-portal-gtk.service                                   loaded active running Portal service (GTK/GNOME implementation)
  xdg-desktop-portal.service                                       loaded active running Portal service
  xdg-document-portal.service                                      loaded active running flatpak document portal service
  xdg-permission-store.service                                     loaded active running sandboxed app permission store

Legend: LOAD   → Reflects whether the unit definition was properly loaded.
        ACTIVE → The high-level unit activation state, i.e. generalization of SUB.
        SUB    → The low-level unit activation state, values depend on unit type.

48 loaded units listed.
2026-09-25 12:26:59 +0530 CHECK=8 LOAD="1.84 2.00 3.03 1/1544 1042364" CPU_IOWAIT=1.18% MEM="total=15923MB used=3514MB free=1885MB available=12409MB" SWAP="total=4095MB used=2361MB free=1734MB" RUN=1 SLEEP=434 D=0 ZOMBIE=1
[2026-09-25 12:27:02 +0530] EVENT: SWAP ACTIVITY detected: pswpin=746491 pswpout=1741941
[2026-09-25 12:27:02 +0530] EVENT: Kernel warning/error detected

[2026-09-25 12:26:59 +0530]
Bus 001 Device 001: ID 1d6b:0002 Linux Foundation 2.0 root hub
Bus 001 Device 002: ID 8087:8000 Intel Corp. Integrated Rate Matching Hub
Bus 001 Device 003: ID 04f2:b45e Chicony Electronics Co., Ltd HP Truevision HD
Bus 001 Device 004: ID 138a:0050 Validity Sensors, Inc. Swipe Fingerprint Sensor
Bus 001 Device 005: ID 8087:07dc Intel Corp. Bluetooth wireless interface
Bus 002 Device 001: ID 1d6b:0002 Linux Foundation 2.0 root hub
Bus 002 Device 006: ID 1a40:0101 Terminus Technology Inc. Hub
Bus 002 Device 007: ID 1058:25a2 Western Digital Technologies, Inc. Elements 25A2
Bus 002 Device 008: ID 1058:2626 Western Digital Technologies, Inc. My Passport (WDBPKJ)
Bus 003 Device 001: ID 1d6b:0003 Linux Foundation 3.0 root hub

[2026-09-25 12:26:59 +0530] NVIDIA
2026/09/25 12:27:02.780, NVIDIA GeForce GTX 850M, 470.256.02, 50, 51 %, 25 %, 4046 MiB, 229 MiB, 3817 MiB, [N/A], [N/A], 275 MHz

[2026-09-25 12:26:59 +0530] DRM DEVICES
/sys/class/drm/card1-eDP-1/status = connected
/sys/class/drm/card1-HDMI-A-1/status = connected

[2026-09-25 12:26:59 +0530] FILESYSTEM USAGE
Filesystem     Type      Size  Used Avail Use% Mounted on
tmpfs          tmpfs     1.6G  4.3M  1.6G   1% /run
/dev/sda8      ext4      151G   70G   73G  50% /
tmpfs          tmpfs     7.8G  4.0K  7.8G   1% /dev/shm
tmpfs          tmpfs     5.0M   12K  5.0M   1% /run/lock
efivarfs       efivarfs   84K   71K  8.6K  90% /sys/firmware/efi/efivars
/dev/sda6      fuseblk   401G  244G  158G  61% /media/eclipse
/dev/sda2      vfat      256M  130M  127M  51% /boot/efi
/dev/sda7      ext4      242G  148G   82G  65% /data
tmpfs          tmpfs     1.6G  2.8M  1.6G   1% /run/user/1000
/dev/sdb1      fuseblk   1.9T  1.5T  352G  82% /media/Elements
/dev/sdc1      fuseblk   1.9T  1.6T  253G  87% /media/My Passport

INODES
Filesystem     Inodes IUsed IFree IUse% Mounted on
tmpfs            2.0M  2.2K  2.0M    1% /run
/dev/sda8        9.7M  932K  8.8M   10% /
tmpfs            2.0M     2  2.0M    1% /dev/shm
tmpfs            2.0M     6  2.0M    1% /run/lock
efivarfs            0     0     0     - /sys/firmware/efi/efivars
/dev/sda6        158M   84K  158M    1% /media/eclipse
/dev/sda2           0     0     0     - /boot/efi
/dev/sda7         16M   29K   16M    1% /data
tmpfs            399K   238  398K    1% /run/user/1000
/dev/sdb1        353M   44K  353M    1% /media/Elements
/dev/sdc1        253M   11K  253M    1% /media/My Passport
[2026-09-25 12:27:02 +0530] EVENT: Systemd failed units detected

[2026-09-25 12:26:59 +0530] NETWORK
lo               UNKNOWN        127.0.0.1/8 ::1/128 
eno1             UP             192.168.0.25/24 fe80::8edc:d4ff:fe78:f161/64 
wlo1             DOWN           
br-mailcow       UP             172.22.1.1/24 fd4d:6169:6c63:6f77::1/64 fe80::2c5c:6dff:fef0:b50c/64 
docker0          DOWN           172.17.0.1/16 fd8e:69cb:d56a::1/64 
vethe98f256@if2  UP             fe80::d004:aff:fe80:ef67/64 
veth5903ead@if2  UP             fe80::ca7:90ff:fe16:31df/64 
veth74f5310@if2  UP             fe80::68a5:6fff:feb2:6149/64 
veth88e5494@if2  UP             fe80::48a4:4fff:fea6:932f/64 
veth5ee88e5@if2  UP             fe80::8c30:e1ff:fe94:2425/64 
vethd897875@if2  UP             fe80::ec22:2aff:fe2c:b8bf/64 
veth0b82658@if2  UP             fe80::20d7:37ff:fed1:2a1f/64 
vethcac9a50@if2  UP             fe80::905a:15ff:fe70:9e5d/64 
veth6e05d89@if2  UP             fe80::dcee:b1ff:fecf:97e6/64 
veth073f11d@if2  UP             fe80::1097:1eff:fe8f:3a74/64 
veth445ffcf@if2  UP             fe80::70f1:2eff:fe3f:c6ea/64 
veth3a6dc8d@if2  UP             fe80::2461:e0ff:fe5a:92d/64 
veth57c7c21@if2  UP             fe80::6c46:32ff:fed5:2a26/64 
veth15f5f27@if2  UP             fe80::887c:63ff:fe4a:1eb8/64 
veth51b1cba@if2  UP             fe80::7021:19ff:fe9b:e94a/64 
veth178c874@if2  UP             fe80::3cd0:91ff:fe53:61ec/64 
veth3ea4739@if2  UP             fe80::8a4:17ff:fe4f:3dd9/64 

default via 192.168.0.1 dev eno1 proto dhcp src 192.168.0.25 metric 100 
172.17.0.0/16 dev docker0 proto kernel scope link src 172.17.0.1 linkdown 
172.22.1.0/24 dev br-mailcow proto kernel scope link src 172.22.1.1 
192.168.0.0/24 dev eno1 proto kernel scope link src 192.168.0.25 metric 100 

Total: 1142
TCP:   204 (estab 17, closed 144, orphaned 0, timewait 0)

Transport Total     IP        IPv6
RAW	  0         0         0        
UDP	  16        9         7        
TCP	  60        48        12       
INET	  76        57        19       
FRAG	  0         0         0        


[2026-09-25 12:26:59 +0530] FILE DESCRIPTORS
14016	0	9223372036854775807
9223372036854775807

[2026-09-25 12:26:59 +0530] USER SERVICES
  UNIT                                                             LOAD   ACTIVE SUB     DESCRIPTION
  at-spi-dbus-bus.service                                          loaded active running Accessibility services bus
  dbus.service                                                     loaded active running D-Bus User Message Bus
  dconf.service                                                    loaded active running User preferences database
  evolution-addressbook-factory.service                            loaded active running Evolution address book service
  evolution-calendar-factory.service                               loaded active running Evolution calendar service
  evolution-source-registry.service                                loaded active running Evolution source registry
  filter-chain.service                                             loaded active running PipeWire filter chain daemon
  gcr-ssh-agent.service                                            loaded active running GCR ssh-agent wrapper
  gnome-keyring-daemon.service                                     loaded active running GNOME Keyring daemon
  gnome-session-manager@ubuntu.service                             loaded active running GNOME Session Manager (session: ubuntu)
  gnome-session-monitor.service                                    loaded active running Monitor Session leader for GNOME Session
  gnome-terminal-server.service                                    loaded active running GNOME Terminal Server
  gvfs-afc-volume-monitor.service                                  loaded active running Virtual filesystem service - Apple File Conduit monitor
  gvfs-daemon.service                                              loaded active running Virtual filesystem service
  gvfs-goa-volume-monitor.service                                  loaded active running Virtual filesystem service - GNOME Online Accounts monitor
  gvfs-gphoto2-volume-monitor.service                              loaded active running Virtual filesystem service - digital camera monitor
  gvfs-metadata.service                                            loaded active running Virtual filesystem metadata service
  gvfs-mtp-volume-monitor.service                                  loaded active running Virtual filesystem service - Media Transfer Protocol monitor
  gvfs-udisks2-volume-monitor.service                              loaded active running Virtual filesystem service - disk device monitor
  obex.service                                                     loaded active running Bluetooth OBEX service
  org.freedesktop.IBus.session.GNOME.service                       loaded active running IBus Daemon for GNOME
  org.gnome.SettingsDaemon.A11ySettings.service                    loaded active running GNOME accessibility service
  org.gnome.SettingsDaemon.Color.service                           loaded active running GNOME color management service
  org.gnome.SettingsDaemon.Datetime.service                        loaded active running GNOME date & time service
  org.gnome.SettingsDaemon.Housekeeping.service                    loaded active running GNOME maintenance of expirable data service
  org.gnome.SettingsDaemon.Keyboard.service                        loaded active running GNOME keyboard configuration service
  org.gnome.SettingsDaemon.MediaKeys.service                       loaded active running GNOME keyboard shortcuts service
  org.gnome.SettingsDaemon.PrintNotifications.service              loaded active running GNOME printer notifications service
  org.gnome.SettingsDaemon.Rfkill.service                          loaded active running GNOME RFKill support service
  org.gnome.SettingsDaemon.ScreensaverProxy.service                loaded active running GNOME FreeDesktop screensaver service
  org.gnome.SettingsDaemon.Sharing.service                         loaded active running GNOME file sharing service
  org.gnome.SettingsDaemon.Smartcard.service                       loaded active running GNOME smartcard service
  org.gnome.SettingsDaemon.Sound.service                           loaded active running GNOME sound sample caching service
  org.gnome.SettingsDaemon.Wacom.service                           loaded active running GNOME Wacom tablet support service
  org.gnome.SettingsDaemon.XSettings.service                       loaded active running GNOME XSettings service
  org.gnome.Shell@x11.service                                      loaded active running GNOME Shell on X11
  pipewire-pulse.service                                           loaded active running PipeWire PulseAudio
  pipewire.service                                                 loaded active running PipeWire Multimedia Service
  sandas-server.service                                            loaded active running SANDAS Flask WebSocket Server
  snap.snapd-desktop-integration.snapd-desktop-integration.service loaded active running Service for snap application snapd-desktop-integration.snapd-desktop-integration
  speech-dispatcher.service                                        loaded active running Common interface to speech synthesizers
  tracker-miner-fs-3.service                                       loaded active running Tracker file system data miner
  wireplumber.service                                              loaded active running Multimedia Service Session Manager
  xdg-desktop-portal-gnome.service                                 loaded active running Portal service (GNOME implementation)
  xdg-desktop-portal-gtk.service                                   loaded active running Portal service (GTK/GNOME implementation)
  xdg-desktop-portal.service                                       loaded active running Portal service
  xdg-document-portal.service                                      loaded active running flatpak document portal service
  xdg-permission-store.service                                     loaded active running sandboxed app permission store

Legend: LOAD   → Reflects whether the unit definition was properly loaded.
        ACTIVE → The high-level unit activation state, i.e. generalization of SUB.
        SUB    → The low-level unit activation state, values depend on unit type.

48 loaded units listed.
2026-09-25 12:28:02 +0530 CHECK=9 LOAD="2.00 1.95 2.94 1/1544 1043219" CPU_IOWAIT=1.18% MEM="total=15923MB used=3495MB free=1902MB available=12427MB" SWAP="total=4095MB used=2361MB free=1734MB" RUN=3 SLEEP=435 D=0 ZOMBIE=1
[2026-09-25 12:28:06 +0530] EVENT: SWAP ACTIVITY detected: pswpin=746537 pswpout=1741941
[2026-09-25 12:28:06 +0530] EVENT: Kernel warning/error detected

[2026-09-25 12:28:02 +0530]
Bus 001 Device 001: ID 1d6b:0002 Linux Foundation 2.0 root hub
Bus 001 Device 002: ID 8087:8000 Intel Corp. Integrated Rate Matching Hub
Bus 001 Device 003: ID 04f2:b45e Chicony Electronics Co., Ltd HP Truevision HD
Bus 001 Device 004: ID 138a:0050 Validity Sensors, Inc. Swipe Fingerprint Sensor
Bus 001 Device 005: ID 8087:07dc Intel Corp. Bluetooth wireless interface
Bus 002 Device 001: ID 1d6b:0002 Linux Foundation 2.0 root hub
Bus 002 Device 006: ID 1a40:0101 Terminus Technology Inc. Hub
Bus 002 Device 007: ID 1058:25a2 Western Digital Technologies, Inc. Elements 25A2
Bus 002 Device 008: ID 1058:2626 Western Digital Technologies, Inc. My Passport (WDBPKJ)
Bus 003 Device 001: ID 1d6b:0003 Linux Foundation 3.0 root hub

[2026-09-25 12:28:02 +0530] NVIDIA
2026/09/25 12:28:06.316, NVIDIA GeForce GTX 850M, 470.256.02, 51, 0 %, 0 %, 4046 MiB, 197 MiB, 3849 MiB, [N/A], [N/A], 901 MHz

[2026-09-25 12:28:02 +0530] DRM DEVICES
/sys/class/drm/card1-eDP-1/status = connected
/sys/class/drm/card1-HDMI-A-1/status = connected

[2026-09-25 12:28:02 +0530] FILESYSTEM USAGE
Filesystem     Type      Size  Used Avail Use% Mounted on
tmpfs          tmpfs     1.6G  4.3M  1.6G   1% /run
/dev/sda8      ext4      151G   70G   73G  50% /
tmpfs          tmpfs     7.8G  4.0K  7.8G   1% /dev/shm
tmpfs          tmpfs     5.0M   12K  5.0M   1% /run/lock
efivarfs       efivarfs   84K   71K  8.6K  90% /sys/firmware/efi/efivars
/dev/sda6      fuseblk   401G  244G  158G  61% /media/eclipse
/dev/sda2      vfat      256M  130M  127M  51% /boot/efi
/dev/sda7      ext4      242G  148G   82G  65% /data
tmpfs          tmpfs     1.6G  2.8M  1.6G   1% /run/user/1000
/dev/sdb1      fuseblk   1.9T  1.5T  352G  82% /media/Elements
/dev/sdc1      fuseblk   1.9T  1.6T  253G  87% /media/My Passport

INODES
Filesystem     Inodes IUsed IFree IUse% Mounted on
tmpfs            2.0M  2.2K  2.0M    1% /run
/dev/sda8        9.7M  933K  8.8M   10% /
tmpfs            2.0M     2  2.0M    1% /dev/shm
tmpfs            2.0M     6  2.0M    1% /run/lock
efivarfs            0     0     0     - /sys/firmware/efi/efivars
/dev/sda6        158M   84K  158M    1% /media/eclipse
/dev/sda2           0     0     0     - /boot/efi
/dev/sda7         16M   29K   16M    1% /data
tmpfs            399K   238  398K    1% /run/user/1000
/dev/sdb1        353M   44K  353M    1% /media/Elements
/dev/sdc1        253M   11K  253M    1% /media/My Passport
[2026-09-25 12:28:06 +0530] EVENT: Systemd failed units detected

[2026-09-25 12:28:02 +0530] NETWORK
lo               UNKNOWN        127.0.0.1/8 ::1/128 
eno1             UP             192.168.0.25/24 fe80::8edc:d4ff:fe78:f161/64 
wlo1             DOWN           
br-mailcow       UP             172.22.1.1/24 fd4d:6169:6c63:6f77::1/64 fe80::2c5c:6dff:fef0:b50c/64 
docker0          DOWN           172.17.0.1/16 fd8e:69cb:d56a::1/64 
vethe98f256@if2  UP             fe80::d004:aff:fe80:ef67/64 
veth5903ead@if2  UP             fe80::ca7:90ff:fe16:31df/64 
veth74f5310@if2  UP             fe80::68a5:6fff:feb2:6149/64 
veth88e5494@if2  UP             fe80::48a4:4fff:fea6:932f/64 
veth5ee88e5@if2  UP             fe80::8c30:e1ff:fe94:2425/64 
vethd897875@if2  UP             fe80::ec22:2aff:fe2c:b8bf/64 
veth0b82658@if2  UP             fe80::20d7:37ff:fed1:2a1f/64 
vethcac9a50@if2  UP             fe80::905a:15ff:fe70:9e5d/64 
veth6e05d89@if2  UP             fe80::dcee:b1ff:fecf:97e6/64 
veth073f11d@if2  UP             fe80::1097:1eff:fe8f:3a74/64 
veth445ffcf@if2  UP             fe80::70f1:2eff:fe3f:c6ea/64 
veth3a6dc8d@if2  UP             fe80::2461:e0ff:fe5a:92d/64 
veth57c7c21@if2  UP             fe80::6c46:32ff:fed5:2a26/64 
veth15f5f27@if2  UP             fe80::887c:63ff:fe4a:1eb8/64 
veth51b1cba@if2  UP             fe80::7021:19ff:fe9b:e94a/64 
veth178c874@if2  UP             fe80::3cd0:91ff:fe53:61ec/64 
veth3ea4739@if2  UP             fe80::8a4:17ff:fe4f:3dd9/64 

default via 192.168.0.1 dev eno1 proto dhcp src 192.168.0.25 metric 100 
172.17.0.0/16 dev docker0 proto kernel scope link src 172.17.0.1 linkdown 
172.22.1.0/24 dev br-mailcow proto kernel scope link src 172.22.1.1 
192.168.0.0/24 dev eno1 proto kernel scope link src 192.168.0.25 metric 100 

Total: 1136
TCP:   196 (estab 17, closed 136, orphaned 0, timewait 0)

Transport Total     IP        IPv6
RAW	  0         0         0        
UDP	  14        7         7        
TCP	  60        48        12       
INET	  74        55        19       
FRAG	  0         0         0        


[2026-09-25 12:28:02 +0530] FILE DESCRIPTORS
14016	0	9223372036854775807
9223372036854775807

[2026-09-25 12:28:02 +0530] USER SERVICES
  UNIT                                                             LOAD   ACTIVE SUB     DESCRIPTION
  at-spi-dbus-bus.service                                          loaded active running Accessibility services bus
  dbus.service                                                     loaded active running D-Bus User Message Bus
  dconf.service                                                    loaded active running User preferences database
  evolution-addressbook-factory.service                            loaded active running Evolution address book service
  evolution-calendar-factory.service                               loaded active running Evolution calendar service
  evolution-source-registry.service                                loaded active running Evolution source registry
  filter-chain.service                                             loaded active running PipeWire filter chain daemon
  gcr-ssh-agent.service                                            loaded active running GCR ssh-agent wrapper
  gnome-keyring-daemon.service                                     loaded active running GNOME Keyring daemon
  gnome-session-manager@ubuntu.service                             loaded active running GNOME Session Manager (session: ubuntu)
  gnome-session-monitor.service                                    loaded active running Monitor Session leader for GNOME Session
  gnome-terminal-server.service                                    loaded active running GNOME Terminal Server
  gvfs-afc-volume-monitor.service                                  loaded active running Virtual filesystem service - Apple File Conduit monitor
  gvfs-daemon.service                                              loaded active running Virtual filesystem service
  gvfs-goa-volume-monitor.service                                  loaded active running Virtual filesystem service - GNOME Online Accounts monitor
  gvfs-gphoto2-volume-monitor.service                              loaded active running Virtual filesystem service - digital camera monitor
  gvfs-metadata.service                                            loaded active running Virtual filesystem metadata service
  gvfs-mtp-volume-monitor.service                                  loaded active running Virtual filesystem service - Media Transfer Protocol monitor
  gvfs-udisks2-volume-monitor.service                              loaded active running Virtual filesystem service - disk device monitor
  obex.service                                                     loaded active running Bluetooth OBEX service
  org.freedesktop.IBus.session.GNOME.service                       loaded active running IBus Daemon for GNOME
  org.gnome.SettingsDaemon.A11ySettings.service                    loaded active running GNOME accessibility service
  org.gnome.SettingsDaemon.Color.service                           loaded active running GNOME color management service
  org.gnome.SettingsDaemon.Datetime.service                        loaded active running GNOME date & time service
  org.gnome.SettingsDaemon.Housekeeping.service                    loaded active running GNOME maintenance of expirable data service
  org.gnome.SettingsDaemon.Keyboard.service                        loaded active running GNOME keyboard configuration service
  org.gnome.SettingsDaemon.MediaKeys.service                       loaded active running GNOME keyboard shortcuts service
  org.gnome.SettingsDaemon.PrintNotifications.service              loaded active running GNOME printer notifications service
  org.gnome.SettingsDaemon.Rfkill.service                          loaded active running GNOME RFKill support service
  org.gnome.SettingsDaemon.ScreensaverProxy.service                loaded active running GNOME FreeDesktop screensaver service
  org.gnome.SettingsDaemon.Sharing.service                         loaded active running GNOME file sharing service
  org.gnome.SettingsDaemon.Smartcard.service                       loaded active running GNOME smartcard service
  org.gnome.SettingsDaemon.Sound.service                           loaded active running GNOME sound sample caching service
  org.gnome.SettingsDaemon.Wacom.service                           loaded active running GNOME Wacom tablet support service
  org.gnome.SettingsDaemon.XSettings.service                       loaded active running GNOME XSettings service
  org.gnome.Shell@x11.service                                      loaded active running GNOME Shell on X11
  pipewire-pulse.service                                           loaded active running PipeWire PulseAudio
  pipewire.service                                                 loaded active running PipeWire Multimedia Service
  sandas-server.service                                            loaded active running SANDAS Flask WebSocket Server
  snap.snapd-desktop-integration.snapd-desktop-integration.service loaded active running Service for snap application snapd-desktop-integration.snapd-desktop-integration
  speech-dispatcher.service                                        loaded active running Common interface to speech synthesizers
  tracker-miner-fs-3.service                                       loaded active running Tracker file system data miner
  wireplumber.service                                              loaded active running Multimedia Service Session Manager
  xdg-desktop-portal-gnome.service                                 loaded active running Portal service (GNOME implementation)
  xdg-desktop-portal-gtk.service                                   loaded active running Portal service (GTK/GNOME implementation)
  xdg-desktop-portal.service                                       loaded active running Portal service
  xdg-document-portal.service                                      loaded active running flatpak document portal service
  xdg-permission-store.service                                     loaded active running sandboxed app permission store

Legend: LOAD   → Reflects whether the unit definition was properly loaded.
        ACTIVE → The high-level unit activation state, i.e. generalization of SUB.
        SUB    → The low-level unit activation state, values depend on unit type.

48 loaded units listed.
