[2026-09-25 12:40:27 +0530] ==============================================================
[2026-09-25 12:40:27 +0530] Linux System Performance Monitor
[2026-09-25 12:40:27 +0530] ==============================================================
[2026-09-25 12:40:27 +0530] Script directory : /home/dkvlko/live_code/GUIFreezeMonitor
[2026-09-25 12:40:27 +0530] Log directory    : /home/dkvlko/live_code/GUIFreezeMonitor/system_monitor_logs
[2026-09-25 12:40:27 +0530] Main log         : /home/dkvlko/live_code/GUIFreezeMonitor/system_monitor_logs/system_monitor_2026-09-25_12-40-27.log
[2026-09-25 12:40:27 +0530] Interval         : 60s
[2026-09-25 12:40:27 +0530] Hostname         : dkvlko-HP-ENVY-15-Notebook-PC
[2026-09-25 12:40:27 +0530] Kernel           : Linux dkvlko-HP-ENVY-15-Notebook-PC 6.8.0-139-generic #139-Ubuntu SMP PREEMPT_DYNAMIC Sat Aug  1 03:52:05 UTC 2026 x86_64 x86_64 x86_64 GNU/Linux
[2026-09-25 12:40:27 +0530] Started          : 2026-09-25 12:40:27 +0530
[2026-09-25 12:40:27 +0530] ==============================================================


================================================================
SYSTEM INFORMATION
================================================================
TIME: 2026-09-25 12:40:27 +0530
DATE:
Friday 25 September 2026 12:40:27 PM IST

UPTIME:
 12:40:27 up 7 min,  1 user,  load average: 10.55, 9.53, 4.85

KERNEL:
Linux dkvlko-HP-ENVY-15-Notebook-PC 6.8.0-139-generic #139-Ubuntu SMP PREEMPT_DYNAMIC Sat Aug  1 03:52:05 UTC 2026 x86_64 x86_64 x86_64 GNU/Linux

OS:
PRETTY_NAME="Ubuntu 24.04.5 LTS"
NAME="Ubuntu"
VERSION_ID="24.04"
VERSION="24.04.5 LTS (Noble Numbat)"
VERSION_CODENAME=noble
ID=ubuntu
ID_LIKE=debian
HOME_URL="https://www.ubuntu.com/"
SUPPORT_URL="https://help.ubuntu.com/"
BUG_REPORT_URL="https://bugs.launchpad.net/ubuntu/"
PRIVACY_POLICY_URL="https://www.ubuntu.com/legal/terms-and-policies/privacy-policy"
UBUNTU_CODENAME=noble
LOGO=ubuntu-logo

CPU:
Architecture:                            x86_64
CPU op-mode(s):                          32-bit, 64-bit
Address sizes:                           39 bits physical, 48 bits virtual
Byte Order:                              Little Endian
CPU(s):                                  4
On-line CPU(s) list:                     0-3
Vendor ID:                               GenuineIntel
Model name:                              Intel(R) Core(TM) i5-4210U CPU @ 1.70GHz
CPU family:                              6
Model:                                   69
Thread(s) per core:                      2
Core(s) per socket:                      2
Socket(s):                               1
Stepping:                                1
CPU(s) scaling MHz:                      89%
CPU max MHz:                             2700.0000
CPU min MHz:                             800.0000
BogoMIPS:                                4788.62
Flags:                                   fpu vme de pse tsc msr pae mce cx8 apic sep mtrr pge mca cmov pat pse36 clflush dts acpi mmx fxsr sse sse2 ss ht tm pbe syscall nx pdpe1gb rdtscp lm constant_tsc arch_perfmon pebs bts rep_good nopl xtopology nonstop_tsc cpuid aperfmperf pni pclmulqdq dtes64 monitor ds_cpl est tm2 ssse3 sdbg fma cx16 xtpr pdcm pcid sse4_1 sse4_2 movbe popcnt tsc_deadline_timer aes xsave avx f16c rdrand lahf_lm abm cpuid_fault epb pti ssbd ibrs ibpb stibp fsgsbase tsc_adjust bmi1 avx2 smep bmi2 erms invpcid xsaveopt dtherm ida arat pln pts md_clear flush_l1d ibpb_exit_to_user
L1d cache:                               64 KiB (2 instances)
L1i cache:                               64 KiB (2 instances)
L2 cache:                                512 KiB (2 instances)
L3 cache:                                3 MiB (1 instance)
NUMA node(s):                            1
NUMA node0 CPU(s):                       0-3
Vulnerability Gather data sampling:      Not affected
Vulnerability Indirect target selection: Not affected
Vulnerability Itlb multihit:             KVM: Mitigation: VMX unsupported
Vulnerability L1tf:                      Mitigation; PTE Inversion
Vulnerability Mds:                       Mitigation; Clear CPU buffers; SMT vulnerable
Vulnerability Meltdown:                  Mitigation; PTI
Vulnerability Mmio stale data:           Unknown: No mitigations
Vulnerability Reg file data sampling:    Not affected
Vulnerability Retbleed:                  Not affected
Vulnerability Spec rstack overflow:      Not affected
Vulnerability Spec store bypass:         Mitigation; Speculative Store Bypass disabled via prctl
Vulnerability Spectre v1:                Mitigation; usercopy/swapgs barriers and __user pointer sanitization
Vulnerability Spectre v2:                Mitigation; Retpolines; IBPB conditional; IBRS_FW; STIBP conditional; RSB filling; PBRSB-eIBRS Not affected; BHI Not affected
Vulnerability Srbds:                     Mitigation; Microcode
Vulnerability Tsa:                       Not affected
Vulnerability Tsx async abort:           Not affected
Vulnerability Vmscape:                   Mitigation; IBPB before exit to userspace

MEMORY:
               total        used        free      shared  buff/cache   available
Mem:            15Gi       4.4Gi       7.8Gi        78Mi       3.7Gi        11Gi
Swap:          4.0Gi          0B       4.0Gi

BLOCK DEVICES:
NAME   MODEL                SERIAL            SIZE TYPE FSTYPE   MOUNTPOINTS
loop0                                        13.5M loop squashfs /snap/canonical-livepatch/406
loop1                                           4K loop squashfs /snap/bare/5
loop2                                        13.1M loop squashfs /snap/canonical-livepatch/414
loop3                                        55.5M loop squashfs /snap/core18/2999
loop4                                        55.5M loop squashfs /snap/core18/3084
loop5                                        63.8M loop squashfs /snap/core20/2866
loop6                                        63.8M loop squashfs /snap/core20/2922
loop7                                          74M loop squashfs /snap/core22/2437
loop8                                          74M loop squashfs /snap/core22/2955
loop9                                        66.8M loop squashfs /snap/core24/1643
loop10                                       66.8M loop squashfs /snap/core24/2124
loop11                                       16.5M loop squashfs /snap/firmware-updater/226
loop12                                       12.7M loop squashfs /snap/firmware-updater/258
loop13                                      164.8M loop squashfs /snap/gnome-3-28-1804/198
loop14                                      531.5M loop squashfs /snap/gnome-42-2204/263
loop15                                      606.1M loop squashfs /snap/gnome-46-2404/153
loop16                                      614.5M loop squashfs /snap/gnome-46-2404/164
loop17                                       91.7M loop squashfs /snap/gtk-common-themes/1535
loop18                                      531.4M loop squashfs /snap/gnome-42-2204/247
loop19                                      437.3M loop squashfs /snap/kde-frameworks-5-99-qt-5-15-7-core20/7
loop20                                        1.6G loop squashfs /snap/kf6-core24/64
loop21                                        402M loop squashfs /snap/mesa-2404/1781
loop22                                        402M loop squashfs /snap/mesa-2404/1839
loop23                                       11.8M loop squashfs /snap/snap-store/1390
loop24                                       11.8M loop squashfs /snap/snap-store/1419
loop25                                       50.1M loop squashfs /snap/snapd/27710
loop26                                       50.3M loop squashfs /snap/snapd/27738
loop27                                        828K loop squashfs /snap/snapd-desktop-integration/387
loop28                                        828K loop squashfs /snap/snapd-desktop-integration/391
loop29                                      321.1M loop squashfs /snap/vlc/3777
loop30                                      264.8M loop squashfs /snap/vlc/4472
sda    HGST HTS541010A9E680 JA10021F2V07LN  931.5G disk          
├─sda1                                        650M part ntfs     
├─sda2                                        260M part vfat     /boot/efi
├─sda3                                         16M part          
├─sda4                                      129.2G part ntfs     
├─sda5                                        668M part ntfs     
├─sda6                                      400.4G part ntfs     /media/eclipse
├─sda7                                      246.5G part ext4     /data
└─sda8                                      153.9G part ext4     /
sdb    WDC WD20NMVW-11EDZS6 WD-WXQ1AC51RZLR   1.8T disk          
└─sdb1                                        1.8T part ntfs     /media/Elements
sdc    WDC WD20JDRW-11C7VS0 WD-WX72A168PXZX   1.8T disk          
└─sdc1                                        1.8T part ntfs     /media/My Passport
sr0    hp DVDRAM GU90N      KL3Z8264215      1024M rom           

FILESYSTEMS:
Filesystem     Type      Size  Used Avail Use% Mounted on
tmpfs          tmpfs     1.6G  3.9M  1.6G   1% /run
/dev/sda8      ext4      151G   70G   73G  49% /
tmpfs          tmpfs     7.8G     0  7.8G   0% /dev/shm
tmpfs          tmpfs     5.0M   12K  5.0M   1% /run/lock
efivarfs       efivarfs   84K   71K  8.4K  90% /sys/firmware/efi/efivars
/dev/sda7      ext4      242G  148G   82G  65% /data
/dev/sda6      fuseblk   401G  244G  158G  61% /media/eclipse
/dev/sda2      vfat      256M  130M  127M  51% /boot/efi
tmpfs          tmpfs     1.6G  152K  1.6G   1% /run/user/1000
/dev/sdb1      fuseblk   1.9T  1.5T  352G  82% /media/Elements
/dev/sdc1      fuseblk   1.9T  1.6T  253G  87% /media/My Passport

MOUNTS:
sysfs on /sys type sysfs (rw,nosuid,nodev,noexec,relatime)
proc on /proc type proc (rw,nosuid,nodev,noexec,relatime)
udev on /dev type devtmpfs (rw,nosuid,relatime,size=8084280k,nr_inodes=2021070,mode=755,inode64)
devpts on /dev/pts type devpts (rw,nosuid,noexec,relatime,gid=5,mode=620,ptmxmode=000)
tmpfs on /run type tmpfs (rw,nosuid,nodev,noexec,relatime,size=1630592k,mode=755,inode64)
/dev/sda8 on / type ext4 (rw,relatime)
securityfs on /sys/kernel/security type securityfs (rw,nosuid,nodev,noexec,relatime)
tmpfs on /dev/shm type tmpfs (rw,nosuid,nodev,inode64)
tmpfs on /run/lock type tmpfs (rw,nosuid,nodev,noexec,relatime,size=5120k,inode64)
cgroup2 on /sys/fs/cgroup type cgroup2 (rw,nosuid,nodev,noexec,relatime,nsdelegate,memory_recursiveprot)
pstore on /sys/fs/pstore type pstore (rw,nosuid,nodev,noexec,relatime)
efivarfs on /sys/firmware/efi/efivars type efivarfs (rw,nosuid,nodev,noexec,relatime)
bpf on /sys/fs/bpf type bpf (rw,nosuid,nodev,noexec,relatime,mode=700)
systemd-1 on /proc/sys/fs/binfmt_misc type autofs (rw,relatime,fd=32,pgrp=1,timeout=0,minproto=5,maxproto=5,direct,pipe_ino=1796)
mqueue on /dev/mqueue type mqueue (rw,nosuid,nodev,noexec,relatime)
tracefs on /sys/kernel/tracing type tracefs (rw,nosuid,nodev,noexec,relatime)
debugfs on /sys/kernel/debug type debugfs (rw,nosuid,nodev,noexec,relatime)
hugetlbfs on /dev/hugepages type hugetlbfs (rw,nosuid,nodev,relatime,pagesize=2M)
fusectl on /sys/fs/fuse/connections type fusectl (rw,nosuid,nodev,noexec,relatime)
configfs on /sys/kernel/config type configfs (rw,nosuid,nodev,noexec,relatime)
/var/lib/snapd/snaps/bare_5.snap on /snap/bare/5 type squashfs (ro,nodev,relatime,errors=continue,threads=single,x-gdu.hide,x-gvfs-hide)
/var/lib/snapd/snaps/canonical-livepatch_406.snap on /snap/canonical-livepatch/406 type squashfs (ro,nodev,relatime,errors=continue,threads=single,x-gdu.hide,x-gvfs-hide)
/var/lib/snapd/snaps/canonical-livepatch_414.snap on /snap/canonical-livepatch/414 type squashfs (ro,nodev,relatime,errors=continue,threads=single,x-gdu.hide,x-gvfs-hide)
/var/lib/snapd/snaps/core18_2999.snap on /snap/core18/2999 type squashfs (ro,nodev,relatime,errors=continue,threads=single,x-gdu.hide,x-gvfs-hide)
/var/lib/snapd/snaps/core20_2866.snap on /snap/core20/2866 type squashfs (ro,nodev,relatime,errors=continue,threads=single,x-gdu.hide,x-gvfs-hide)
/var/lib/snapd/snaps/core18_3084.snap on /snap/core18/3084 type squashfs (ro,nodev,relatime,errors=continue,threads=single,x-gdu.hide,x-gvfs-hide)
/var/lib/snapd/snaps/core22_2437.snap on /snap/core22/2437 type squashfs (ro,nodev,relatime,errors=continue,threads=single,x-gdu.hide,x-gvfs-hide)
/var/lib/snapd/snaps/core20_2922.snap on /snap/core20/2922 type squashfs (ro,nodev,relatime,errors=continue,threads=single,x-gdu.hide,x-gvfs-hide)
/var/lib/snapd/snaps/core22_2955.snap on /snap/core22/2955 type squashfs (ro,nodev,relatime,errors=continue,threads=single,x-gdu.hide,x-gvfs-hide)
/var/lib/snapd/snaps/core24_2124.snap on /snap/core24/2124 type squashfs (ro,nodev,relatime,errors=continue,threads=single,x-gdu.hide,x-gvfs-hide)
/var/lib/snapd/snaps/core24_1643.snap on /snap/core24/1643 type squashfs (ro,nodev,relatime,errors=continue,threads=single,x-gdu.hide,x-gvfs-hide)
/var/lib/snapd/snaps/firmware-updater_226.snap on /snap/firmware-updater/226 type squashfs (ro,nodev,relatime,errors=continue,threads=single,x-gdu.hide,x-gvfs-hide)
/var/lib/snapd/snaps/firmware-updater_258.snap on /snap/firmware-updater/258 type squashfs (ro,nodev,relatime,errors=continue,threads=single,x-gdu.hide,x-gvfs-hide)
/var/lib/snapd/snaps/gnome-3-28-1804_198.snap on /snap/gnome-3-28-1804/198 type squashfs (ro,nodev,relatime,errors=continue,threads=single,x-gdu.hide,x-gvfs-hide)
/var/lib/snapd/snaps/gnome-46-2404_153.snap on /snap/gnome-46-2404/153 type squashfs (ro,nodev,relatime,errors=continue,threads=single,x-gdu.hide,x-gvfs-hide)
/var/lib/snapd/snaps/gnome-42-2204_247.snap on /snap/gnome-42-2204/247 type squashfs (ro,nodev,relatime,errors=continue,threads=single,x-gdu.hide,x-gvfs-hide)
/var/lib/snapd/snaps/gnome-46-2404_164.snap on /snap/gnome-46-2404/164 type squashfs (ro,nodev,relatime,errors=continue,threads=single,x-gdu.hide,x-gvfs-hide)
/var/lib/snapd/snaps/gtk-common-themes_1535.snap on /snap/gtk-common-themes/1535 type squashfs (ro,nodev,relatime,errors=continue,threads=single,x-gdu.hide,x-gvfs-hide)
/var/lib/snapd/snaps/kde-frameworks-5-99-qt-5-15-7-core20_7.snap on /snap/kde-frameworks-5-99-qt-5-15-7-core20/7 type squashfs (ro,nodev,relatime,errors=continue,threads=single,x-gdu.hide,x-gvfs-hide)
/var/lib/snapd/snaps/mesa-2404_1839.snap on /snap/mesa-2404/1839 type squashfs (ro,nodev,relatime,errors=continue,threads=single,x-gdu.hide,x-gvfs-hide)
/var/lib/snapd/snaps/kf6-core24_64.snap on /snap/kf6-core24/64 type squashfs (ro,nodev,relatime,errors=continue,threads=single,x-gdu.hide,x-gvfs-hide)
/var/lib/snapd/snaps/gnome-42-2204_263.snap on /snap/gnome-42-2204/263 type squashfs (ro,nodev,relatime,errors=continue,threads=single,x-gdu.hide,x-gvfs-hide)
/var/lib/snapd/snaps/mesa-2404_1781.snap on /snap/mesa-2404/1781 type squashfs (ro,nodev,relatime,errors=continue,threads=single,x-gdu.hide,x-gvfs-hide)
/var/lib/snapd/snaps/snap-store_1419.snap on /snap/snap-store/1419 type squashfs (ro,nodev,relatime,errors=continue,threads=single,x-gdu.hide,x-gvfs-hide)
/var/lib/snapd/snaps/snap-store_1390.snap on /snap/snap-store/1390 type squashfs (ro,nodev,relatime,errors=continue,threads=single,x-gdu.hide,x-gvfs-hide)
/var/lib/snapd/snaps/snapd_27710.snap on /snap/snapd/27710 type squashfs (ro,nodev,relatime,errors=continue,threads=single,x-gdu.hide,x-gvfs-hide)
/var/lib/snapd/snaps/snapd-desktop-integration_387.snap on /snap/snapd-desktop-integration/387 type squashfs (ro,nodev,relatime,errors=continue,threads=single,x-gdu.hide,x-gvfs-hide)
/var/lib/snapd/snaps/snapd-desktop-integration_391.snap on /snap/snapd-desktop-integration/391 type squashfs (ro,nodev,relatime,errors=continue,threads=single,x-gdu.hide,x-gvfs-hide)
/var/lib/snapd/snaps/snapd_27738.snap on /snap/snapd/27738 type squashfs (ro,nodev,relatime,errors=continue,threads=single,x-gdu.hide,x-gvfs-hide)
/var/lib/snapd/snaps/vlc_3777.snap on /snap/vlc/3777 type squashfs (ro,nodev,relatime,errors=continue,threads=single,x-gdu.hide,x-gvfs-hide)
/var/lib/snapd/snaps/vlc_4472.snap on /snap/vlc/4472 type squashfs (ro,nodev,relatime,errors=continue,threads=single,x-gdu.hide,x-gvfs-hide)
/dev/sda7 on /data type ext4 (rw,noatime)
/dev/sda6 on /media/eclipse type fuseblk (rw,relatime,user_id=0,group_id=0,default_permissions,allow_other,blksize=4096)
/dev/sda2 on /boot/efi type vfat (rw,relatime,fmask=0022,dmask=0022,codepage=437,iocharset=iso8859-1,shortname=mixed,errors=remount-ro)
binfmt_misc on /proc/sys/fs/binfmt_misc type binfmt_misc (rw,nosuid,nodev,noexec,relatime)
tmpfs on /run/snapd/ns type tmpfs (rw,nosuid,nodev,noexec,relatime,size=1630592k,mode=755,inode64)
nsfs on /run/snapd/ns/canonical-livepatch.mnt type nsfs (rw)
nsfs on /run/snapd/ns/snapd-desktop-integration.mnt type nsfs (rw)
overlay on /var/lib/docker/rootfs/overlayfs/fbc9f367f1f6c096b22b885541c19cacd1edef70c36c45c615341fae75f71b38 type overlay (rw,relatime,lowerdir=/var/lib/containerd/io.containerd.snapshotter.v1.overlayfs/snapshots/223/fs:/var/lib/containerd/io.containerd.snapshotter.v1.overlayfs/snapshots/62/fs:/var/lib/containerd/io.containerd.snapshotter.v1.overlayfs/snapshots/61/fs:/var/lib/containerd/io.containerd.snapshotter.v1.overlayfs/snapshots/60/fs:/var/lib/containerd/io.containerd.snapshotter.v1.overlayfs/snapshots/58/fs:/var/lib/containerd/io.containerd.snapshotter.v1.overlayfs/snapshots/57/fs:/var/lib/containerd/io.containerd.snapshotter.v1.overlayfs/snapshots/56/fs:/var/lib/containerd/io.containerd.snapshotter.v1.overlayfs/snapshots/55/fs:/var/lib/containerd/io.containerd.snapshotter.v1.overlayfs/snapshots/24/fs:/var/lib/containerd/io.containerd.snapshotter.v1.overlayfs/snapshots/5/fs,upperdir=/var/lib/containerd/io.containerd.snapshotter.v1.overlayfs/snapshots/227/fs,workdir=/var/lib/containerd/io.containerd.snapshotter.v1.overlayfs/snapshots/227/work,nouserxattr)
overlay on /var/lib/docker/rootfs/overlayfs/f7c013f655744698678cbf74e597ee2ea60fd91671ad16fd304e91b7cae6c24e type overlay (rw,relatime,lowerdir=/var/lib/containerd/io.containerd.snapshotter.v1.overlayfs/snapshots/240/fs:/var/lib/containerd/io.containerd.snapshotter.v1.overlayfs/snapshots/47/fs:/var/lib/containerd/io.containerd.snapshotter.v1.overlayfs/snapshots/46/fs:/var/lib/containerd/io.containerd.snapshotter.v1.overlayfs/snapshots/45/fs:/var/lib/containerd/io.containerd.snapshotter.v1.overlayfs/snapshots/36/fs:/var/lib/containerd/io.containerd.snapshotter.v1.overlayfs/snapshots/34/fs:/var/lib/containerd/io.containerd.snapshotter.v1.overlayfs/snapshots/32/fs:/var/lib/containerd/io.containerd.snapshotter.v1.overlayfs/snapshots/31/fs:/var/lib/containerd/io.containerd.snapshotter.v1.overlayfs/snapshots/30/fs:/var/lib/containerd/io.containerd.snapshotter.v1.overlayfs/snapshots/28/fs:/var/lib/containerd/io.containerd.snapshotter.v1.overlayfs/snapshots/26/fs:/var/lib/containerd/io.containerd.snapshotter.v1.overlayfs/snapshots/22/fs:/var/lib/containerd/io.containerd.snapshotter.v1.overlayfs/snapshots/5/fs,upperdir=/var/lib/containerd/io.containerd.snapshotter.v1.overlayfs/snapshots/241/fs,workdir=/var/lib/containerd/io.containerd.snapshotter.v1.overlayfs/snapshots/241/work,nouserxattr)
overlay on /var/lib/docker/rootfs/overlayfs/98b8dcd6217bf91eceeda6f287098226fd9688e3b14ea7186b1f9e3f314c5a89 type overlay (rw,relatime,lowerdir=/var/lib/containerd/io.containerd.snapshotter.v1.overlayfs/snapshots/234/fs:/var/lib/containerd/io.containerd.snapshotter.v1.overlayfs/snapshots/123/fs:/var/lib/containerd/io.containerd.snapshotter.v1.overlayfs/snapshots/120/fs:/var/lib/containerd/io.containerd.snapshotter.v1.overlayfs/snapshots/119/fs:/var/lib/containerd/io.containerd.snapshotter.v1.overlayfs/snapshots/118/fs:/var/lib/containerd/io.containerd.snapshotter.v1.overlayfs/snapshots/117/fs:/var/lib/containerd/io.containerd.snapshotter.v1.overlayfs/snapshots/116/fs:/var/lib/containerd/io.containerd.snapshotter.v1.overlayfs/snapshots/115/fs:/var/lib/containerd/io.containerd.snapshotter.v1.overlayfs/snapshots/114/fs:/var/lib/containerd/io.containerd.snapshotter.v1.overlayfs/snapshots/113/fs:/var/lib/containerd/io.containerd.snapshotter.v1.overlayfs/snapshots/112/fs:/var/lib/containerd/io.containerd.snapshotter.v1.overlayfs/snapshots/111/fs:/var/lib/containerd/io.containerd.snapshotter.v1.overlayfs/snapshots/110/fs:/var/lib/containerd/io.containerd.snapshotter.v1.overlayfs/snapshots/109/fs:/var/lib/containerd/io.containerd.snapshotter.v1.overlayfs/snapshots/17/fs,upperdir=/var/lib/containerd/io.containerd.snapshotter.v1.overlayfs/snapshots/235/fs,workdir=/var/lib/containerd/io.containerd.snapshotter.v1.overlayfs/snapshots/235/work,nouserxattr)
overlay on /var/lib/docker/rootfs/overlayfs/000083967d03dd1c582ef48f158d21e5f7bbe7fb2a557d759066b8928809b4ae type overlay (rw,relatime,lowerdir=/var/lib/containerd/io.containerd.snapshotter.v1.overlayfs/snapshots/230/fs:/var/lib/containerd/io.containerd.snapshotter.v1.overlayfs/snapshots/171/fs:/var/lib/containerd/io.containerd.snapshotter.v1.overlayfs/snapshots/170/fs:/var/lib/containerd/io.containerd.snapshotter.v1.overlayfs/snapshots/169/fs:/var/lib/containerd/io.containerd.snapshotter.v1.overlayfs/snapshots/168/fs:/var/lib/containerd/io.containerd.snapshotter.v1.overlayfs/snapshots/167/fs:/var/lib/containerd/io.containerd.snapshotter.v1.overlayfs/snapshots/166/fs:/var/lib/containerd/io.containerd.snapshotter.v1.overlayfs/snapshots/165/fs:/var/lib/containerd/io.containerd.snapshotter.v1.overlayfs/snapshots/164/fs:/var/lib/containerd/io.containerd.snapshotter.v1.overlayfs/snapshots/163/fs:/var/lib/containerd/io.containerd.snapshotter.v1.overlayfs/snapshots/162/fs:/var/lib/containerd/io.containerd.snapshotter.v1.overlayfs/snapshots/161/fs:/var/lib/containerd/io.containerd.snapshotter.v1.overlayfs/snapshots/84/fs:/var/lib/containerd/io.containerd.snapshotter.v1.overlayfs/snapshots/81/fs:/var/lib/containerd/io.containerd.snapshotter.v1.overlayfs/snapshots/13/fs,upperdir=/var/lib/containerd/io.containerd.snapshotter.v1.overlayfs/snapshots/231/fs,workdir=/var/lib/containerd/io.containerd.snapshotter.v1.overlayfs/snapshots/231/work,nouserxattr)
overlay on /var/lib/docker/rootfs/overlayfs/2680ef266a2402cf7df17139a1863789730d1a70acab770c286e392d3f3e5faf type overlay (rw,relatime,lowerdir=/var/lib/containerd/io.containerd.snapshotter.v1.overlayfs/snapshots/212/fs:/var/lib/containerd/io.containerd.snapshotter.v1.overlayfs/snapshots/139/fs:/var/lib/containerd/io.containerd.snapshotter.v1.overlayfs/snapshots/137/fs:/var/lib/containerd/io.containerd.snapshotter.v1.overlayfs/snapshots/136/fs:/var/lib/containerd/io.containerd.snapshotter.v1.overlayfs/snapshots/135/fs:/var/lib/containerd/io.containerd.snapshotter.v1.overlayfs/snapshots/121/fs:/var/lib/containerd/io.containerd.snapshotter.v1.overlayfs/snapshots/77/fs:/var/lib/containerd/io.containerd.snapshotter.v1.overlayfs/snapshots/19/fs,upperdir=/var/lib/containerd/io.containerd.snapshotter.v1.overlayfs/snapshots/218/fs,workdir=/var/lib/containerd/io.containerd.snapshotter.v1.overlayfs/snapshots/218/work,nouserxattr)
overlay on /var/lib/docker/rootfs/overlayfs/559feb3bc2844a8df27a247205a5a484b305d8d5dd5efe515a069232cc35f66d type overlay (rw,relatime,lowerdir=/var/lib/containerd/io.containerd.snapshotter.v1.overlayfs/snapshots/210/fs:/var/lib/containerd/io.containerd.snapshotter.v1.overlayfs/snapshots/85/fs:/var/lib/containerd/io.containerd.snapshotter.v1.overlayfs/snapshots/83/fs:/var/lib/containerd/io.containerd.snapshotter.v1.overlayfs/snapshots/76/fs:/var/lib/containerd/io.containerd.snapshotter.v1.overlayfs/snapshots/75/fs:/var/lib/containerd/io.containerd.snapshotter.v1.overlayfs/snapshots/11/fs,upperdir=/var/lib/containerd/io.containerd.snapshotter.v1.overlayfs/snapshots/216/fs,workdir=/var/lib/containerd/io.containerd.snapshotter.v1.overlayfs/snapshots/216/work,nouserxattr)
overlay on /var/lib/docker/rootfs/overlayfs/8f12748d836bd2f15337203ac5c81859abc40db266fe35e10dbd6341695d8225 type overlay (rw,relatime,lowerdir=/var/lib/containerd/io.containerd.snapshotter.v1.overlayfs/snapshots/225/fs:/var/lib/containerd/io.containerd.snapshotter.v1.overlayfs/snapshots/54/fs:/var/lib/containerd/io.containerd.snapshotter.v1.overlayfs/snapshots/53/fs:/var/lib/containerd/io.containerd.snapshotter.v1.overlayfs/snapshots/52/fs:/var/lib/containerd/io.containerd.snapshotter.v1.overlayfs/snapshots/51/fs:/var/lib/containerd/io.containerd.snapshotter.v1.overlayfs/snapshots/50/fs:/var/lib/containerd/io.containerd.snapshotter.v1.overlayfs/snapshots/49/fs:/var/lib/containerd/io.containerd.snapshotter.v1.overlayfs/snapshots/48/fs:/var/lib/containerd/io.containerd.snapshotter.v1.overlayfs/snapshots/7/fs,upperdir=/var/lib/containerd/io.containerd.snapshotter.v1.overlayfs/snapshots/229/fs,workdir=/var/lib/containerd/io.containerd.snapshotter.v1.overlayfs/snapshots/229/work,nouserxattr)
overlay on /var/lib/docker/rootfs/overlayfs/d307bf382b30c80f1ef4d59fcbf9130471552362479d24d46218f87743039ca8 type overlay (rw,relatime,lowerdir=/var/lib/containerd/io.containerd.snapshotter.v1.overlayfs/snapshots/224/fs:/var/lib/containerd/io.containerd.snapshotter.v1.overlayfs/snapshots/141/fs:/var/lib/containerd/io.containerd.snapshotter.v1.overlayfs/snapshots/140/fs:/var/lib/containerd/io.containerd.snapshotter.v1.overlayfs/snapshots/138/fs:/var/lib/containerd/io.containerd.snapshotter.v1.overlayfs/snapshots/134/fs:/var/lib/containerd/io.containerd.snapshotter.v1.overlayfs/snapshots/133/fs:/var/lib/containerd/io.containerd.snapshotter.v1.overlayfs/snapshots/132/fs:/var/lib/containerd/io.containerd.snapshotter.v1.overlayfs/snapshots/21/fs,upperdir=/var/lib/containerd/io.containerd.snapshotter.v1.overlayfs/snapshots/228/fs,workdir=/var/lib/containerd/io.containerd.snapshotter.v1.overlayfs/snapshots/228/work,nouserxattr)
overlay on /var/lib/docker/rootfs/overlayfs/3b1cc43c6c5cff2d8a32ad92b9032b0dc7547d6024d068540ab28af8ae9163b1 type overlay (rw,relatime,lowerdir=/var/lib/containerd/io.containerd.snapshotter.v1.overlayfs/snapshots/213/fs:/var/lib/containerd/io.containerd.snapshotter.v1.overlayfs/snapshots/108/fs:/var/lib/containerd/io.containerd.snapshotter.v1.overlayfs/snapshots/107/fs:/var/lib/containerd/io.containerd.snapshotter.v1.overlayfs/snapshots/106/fs:/var/lib/containerd/io.containerd.snapshotter.v1.overlayfs/snapshots/105/fs:/var/lib/containerd/io.containerd.snapshotter.v1.overlayfs/snapshots/104/fs:/var/lib/containerd/io.containerd.snapshotter.v1.overlayfs/snapshots/103/fs:/var/lib/containerd/io.containerd.snapshotter.v1.overlayfs/snapshots/102/fs:/var/lib/containerd/io.containerd.snapshotter.v1.overlayfs/snapshots/101/fs:/var/lib/containerd/io.containerd.snapshotter.v1.overlayfs/snapshots/16/fs,upperdir=/var/lib/containerd/io.containerd.snapshotter.v1.overlayfs/snapshots/219/fs,workdir=/var/lib/containerd/io.containerd.snapshotter.v1.overlayfs/snapshots/219/work,nouserxattr)
overlay on /var/lib/docker/rootfs/overlayfs/439f7cd58c212ac40c069530f18a77af4946206708e6c900e3cae2e5b3cadec9 type overlay (rw,relatime,lowerdir=/var/lib/containerd/io.containerd.snapshotter.v1.overlayfs/snapshots/222/fs:/var/lib/containerd/io.containerd.snapshotter.v1.overlayfs/snapshots/94/fs:/var/lib/containerd/io.containerd.snapshotter.v1.overlayfs/snapshots/93/fs:/var/lib/containerd/io.containerd.snapshotter.v1.overlayfs/snapshots/92/fs:/var/lib/containerd/io.containerd.snapshotter.v1.overlayfs/snapshots/91/fs:/var/lib/containerd/io.containerd.snapshotter.v1.overlayfs/snapshots/90/fs:/var/lib/containerd/io.containerd.snapshotter.v1.overlayfs/snapshots/89/fs:/var/lib/containerd/io.containerd.snapshotter.v1.overlayfs/snapshots/88/fs:/var/lib/containerd/io.containerd.snapshotter.v1.overlayfs/snapshots/87/fs:/var/lib/containerd/io.containerd.snapshotter.v1.overlayfs/snapshots/86/fs:/var/lib/containerd/io.containerd.snapshotter.v1.overlayfs/snapshots/82/fs:/var/lib/containerd/io.containerd.snapshotter.v1.overlayfs/snapshots/13/fs,upperdir=/var/lib/containerd/io.containerd.snapshotter.v1.overlayfs/snapshots/226/fs,workdir=/var/lib/containerd/io.containerd.snapshotter.v1.overlayfs/snapshots/226/work,nouserxattr)
overlay on /var/lib/docker/rootfs/overlayfs/de4aaffd06871acbea19f658b9fc611d6d2742ddf5983b10bc7d4b22653f1576 type overlay (rw,relatime,lowerdir=/var/lib/containerd/io.containerd.snapshotter.v1.overlayfs/snapshots/237/fs:/var/lib/containerd/io.containerd.snapshotter.v1.overlayfs/snapshots/127/fs:/var/lib/containerd/io.containerd.snapshotter.v1.overlayfs/snapshots/126/fs:/var/lib/containerd/io.containerd.snapshotter.v1.overlayfs/snapshots/125/fs:/var/lib/containerd/io.containerd.snapshotter.v1.overlayfs/snapshots/124/fs:/var/lib/containerd/io.containerd.snapshotter.v1.overlayfs/snapshots/18/fs,upperdir=/var/lib/containerd/io.containerd.snapshotter.v1.overlayfs/snapshots/239/fs,workdir=/var/lib/containerd/io.containerd.snapshotter.v1.overlayfs/snapshots/239/work,nouserxattr)
overlay on /var/lib/docker/rootfs/overlayfs/659a8486f35212145d1aa3a39c7eac987db38e861ed1af1051b25640b41b6a07 type overlay (rw,relatime,lowerdir=/var/lib/containerd/io.containerd.snapshotter.v1.overlayfs/snapshots/242/fs:/var/lib/containerd/io.containerd.snapshotter.v1.overlayfs/snapshots/44/fs:/var/lib/containerd/io.containerd.snapshotter.v1.overlayfs/snapshots/43/fs:/var/lib/containerd/io.containerd.snapshotter.v1.overlayfs/snapshots/42/fs:/var/lib/containerd/io.containerd.snapshotter.v1.overlayfs/snapshots/41/fs:/var/lib/containerd/io.containerd.snapshotter.v1.overlayfs/snapshots/40/fs:/var/lib/containerd/io.containerd.snapshotter.v1.overlayfs/snapshots/39/fs:/var/lib/containerd/io.containerd.snapshotter.v1.overlayfs/snapshots/38/fs:/var/lib/containerd/io.containerd.snapshotter.v1.overlayfs/snapshots/37/fs:/var/lib/containerd/io.containerd.snapshotter.v1.overlayfs/snapshots/23/fs:/var/lib/containerd/io.containerd.snapshotter.v1.overlayfs/snapshots/4/fs,upperdir=/var/lib/containerd/io.containerd.snapshotter.v1.overlayfs/snapshots/243/fs,workdir=/var/lib/containerd/io.containerd.snapshotter.v1.overlayfs/snapshots/243/work,nouserxattr)
overlay on /var/lib/docker/rootfs/overlayfs/634a29b801885692d7eb151635010cca93dd497e4c36a99283e458ba5febcef9 type overlay (rw,relatime,lowerdir=/var/lib/containerd/io.containerd.snapshotter.v1.overlayfs/snapshots/232/fs:/var/lib/containerd/io.containerd.snapshotter.v1.overlayfs/snapshots/160/fs:/var/lib/containerd/io.containerd.snapshotter.v1.overlayfs/snapshots/159/fs:/var/lib/containerd/io.containerd.snapshotter.v1.overlayfs/snapshots/158/fs:/var/lib/containerd/io.containerd.snapshotter.v1.overlayfs/snapshots/157/fs:/var/lib/containerd/io.containerd.snapshotter.v1.overlayfs/snapshots/156/fs:/var/lib/containerd/io.containerd.snapshotter.v1.overlayfs/snapshots/155/fs:/var/lib/containerd/io.containerd.snapshotter.v1.overlayfs/snapshots/154/fs:/var/lib/containerd/io.containerd.snapshotter.v1.overlayfs/snapshots/153/fs:/var/lib/containerd/io.containerd.snapshotter.v1.overlayfs/snapshots/152/fs:/var/lib/containerd/io.containerd.snapshotter.v1.overlayfs/snapshots/151/fs:/var/lib/containerd/io.containerd.snapshotter.v1.overlayfs/snapshots/150/fs:/var/lib/containerd/io.containerd.snapshotter.v1.overlayfs/snapshots/149/fs:/var/lib/containerd/io.containerd.snapshotter.v1.overlayfs/snapshots/148/fs:/var/lib/containerd/io.containerd.snapshotter.v1.overlayfs/snapshots/147/fs:/var/lib/containerd/io.containerd.snapshotter.v1.overlayfs/snapshots/146/fs:/var/lib/containerd/io.containerd.snapshotter.v1.overlayfs/snapshots/145/fs:/var/lib/containerd/io.containerd.snapshotter.v1.overlayfs/snapshots/144/fs:/var/lib/containerd/io.containerd.snapshotter.v1.overlayfs/snapshots/143/fs:/var/lib/containerd/io.containerd.snapshotter.v1.overlayfs/snapshots/142/fs:/var/lib/containerd/io.containerd.snapshotter.v1.overlayfs/snapshots/95/fs:/var/lib/containerd/io.containerd.snapshotter.v1.overlayfs/snapshots/14/fs,upperdir=/var/lib/containerd/io.containerd.snapshotter.v1.overlayfs/snapshots/233/fs,workdir=/var/lib/containerd/io.containerd.snapshotter.v1.overlayfs/snapshots/233/work,nouserxattr)
overlay on /var/lib/docker/rootfs/overlayfs/56b7f888e944893f49ecb950404deacf96c09f19fce05926d643755b4413ef5f type overlay (rw,relatime,lowerdir=/var/lib/containerd/io.containerd.snapshotter.v1.overlayfs/snapshots/244/fs:/var/lib/containerd/io.containerd.snapshotter.v1.overlayfs/snapshots/99/fs:/var/lib/containerd/io.containerd.snapshotter.v1.overlayfs/snapshots/98/fs:/var/lib/containerd/io.containerd.snapshotter.v1.overlayfs/snapshots/97/fs:/var/lib/containerd/io.containerd.snapshotter.v1.overlayfs/snapshots/96/fs:/var/lib/containerd/io.containerd.snapshotter.v1.overlayfs/snapshots/78/fs:/var/lib/containerd/io.containerd.snapshotter.v1.overlayfs/snapshots/19/fs,upperdir=/var/lib/containerd/io.containerd.snapshotter.v1.overlayfs/snapshots/245/fs,workdir=/var/lib/containerd/io.containerd.snapshotter.v1.overlayfs/snapshots/245/work,nouserxattr)
overlay on /var/lib/docker/rootfs/overlayfs/b8b0889640d3ca779523900f74cf63991fc0fe6b640d97467a51f46161739145 type overlay (rw,relatime,lowerdir=/var/lib/containerd/io.containerd.snapshotter.v1.overlayfs/snapshots/211/fs:/var/lib/containerd/io.containerd.snapshotter.v1.overlayfs/snapshots/35/fs:/var/lib/containerd/io.containerd.snapshotter.v1.overlayfs/snapshots/33/fs:/var/lib/containerd/io.containerd.snapshotter.v1.overlayfs/snapshots/29/fs:/var/lib/containerd/io.containerd.snapshotter.v1.overlayfs/snapshots/27/fs:/var/lib/containerd/io.containerd.snapshotter.v1.overlayfs/snapshots/25/fs:/var/lib/containerd/io.containerd.snapshotter.v1.overlayfs/snapshots/6/fs,upperdir=/var/lib/containerd/io.containerd.snapshotter.v1.overlayfs/snapshots/217/fs,workdir=/var/lib/containerd/io.containerd.snapshotter.v1.overlayfs/snapshots/217/work,nouserxattr)
overlay on /var/lib/docker/rootfs/overlayfs/97a0f54309f29858e44ae860068ed9a9b4d2df269b99239e04957b6e53dd6a1e type overlay (rw,relatime,lowerdir=/var/lib/containerd/io.containerd.snapshotter.v1.overlayfs/snapshots/236/fs:/var/lib/containerd/io.containerd.snapshotter.v1.overlayfs/snapshots/100/fs:/var/lib/containerd/io.containerd.snapshotter.v1.overlayfs/snapshots/79/fs:/var/lib/containerd/io.containerd.snapshotter.v1.overlayfs/snapshots/19/fs,upperdir=/var/lib/containerd/io.containerd.snapshotter.v1.overlayfs/snapshots/238/fs,workdir=/var/lib/containerd/io.containerd.snapshotter.v1.overlayfs/snapshots/238/work,nouserxattr)
overlay on /var/lib/docker/rootfs/overlayfs/99fcbf85dbd19947d502e207141ff54310aabe84397ba6a3918404fc912e67d9 type overlay (rw,relatime,lowerdir=/var/lib/containerd/io.containerd.snapshotter.v1.overlayfs/snapshots/214/fs:/var/lib/containerd/io.containerd.snapshotter.v1.overlayfs/snapshots/131/fs:/var/lib/containerd/io.containerd.snapshotter.v1.overlayfs/snapshots/130/fs:/var/lib/containerd/io.containerd.snapshotter.v1.overlayfs/snapshots/129/fs:/var/lib/containerd/io.containerd.snapshotter.v1.overlayfs/snapshots/128/fs:/var/lib/containerd/io.containerd.snapshotter.v1.overlayfs/snapshots/122/fs:/var/lib/containerd/io.containerd.snapshotter.v1.overlayfs/snapshots/77/fs:/var/lib/containerd/io.containerd.snapshotter.v1.overlayfs/snapshots/19/fs,upperdir=/var/lib/containerd/io.containerd.snapshotter.v1.overlayfs/snapshots/220/fs,workdir=/var/lib/containerd/io.containerd.snapshotter.v1.overlayfs/snapshots/220/work,nouserxattr)
overlay on /var/lib/docker/rootfs/overlayfs/ab8168d8b190479e09e4ec5e4d11beb5bb3fc8a1ff2b55e596b916174b4985fd type overlay (rw,relatime,lowerdir=/var/lib/containerd/io.containerd.snapshotter.v1.overlayfs/snapshots/215/fs:/var/lib/containerd/io.containerd.snapshotter.v1.overlayfs/snapshots/74/fs:/var/lib/containerd/io.containerd.snapshotter.v1.overlayfs/snapshots/73/fs:/var/lib/containerd/io.containerd.snapshotter.v1.overlayfs/snapshots/72/fs:/var/lib/containerd/io.containerd.snapshotter.v1.overlayfs/snapshots/71/fs:/var/lib/containerd/io.containerd.snapshotter.v1.overlayfs/snapshots/70/fs:/var/lib/containerd/io.containerd.snapshotter.v1.overlayfs/snapshots/69/fs:/var/lib/containerd/io.containerd.snapshotter.v1.overlayfs/snapshots/68/fs:/var/lib/containerd/io.containerd.snapshotter.v1.overlayfs/snapshots/67/fs:/var/lib/containerd/io.containerd.snapshotter.v1.overlayfs/snapshots/66/fs:/var/lib/containerd/io.containerd.snapshotter.v1.overlayfs/snapshots/65/fs:/var/lib/containerd/io.containerd.snapshotter.v1.overlayfs/snapshots/64/fs:/var/lib/containerd/io.containerd.snapshotter.v1.overlayfs/snapshots/63/fs:/var/lib/containerd/io.containerd.snapshotter.v1.overlayfs/snapshots/59/fs:/var/lib/containerd/io.containerd.snapshotter.v1.overlayfs/snapshots/8/fs,upperdir=/var/lib/containerd/io.containerd.snapshotter.v1.overlayfs/snapshots/221/fs,workdir=/var/lib/containerd/io.containerd.snapshotter.v1.overlayfs/snapshots/221/work,nouserxattr)
nsfs on /run/docker/netns/default type nsfs (rw)
nsfs on /run/docker/netns/73341a4fb14f type nsfs (rw)
nsfs on /run/docker/netns/7825bc571d51 type nsfs (rw)
nsfs on /run/docker/netns/9ad37d780200 type nsfs (rw)
nsfs on /run/docker/netns/1a86606b5fc9 type nsfs (rw)
nsfs on /run/docker/netns/661283b7c4d8 type nsfs (rw)
nsfs on /run/docker/netns/d26929975de2 type nsfs (rw)
nsfs on /run/docker/netns/0633dc55cd87 type nsfs (rw)
nsfs on /run/docker/netns/d47144712f2c type nsfs (rw)
nsfs on /run/docker/netns/0813e126f855 type nsfs (rw)
nsfs on /run/docker/netns/450fc79e9cfa type nsfs (rw)
nsfs on /run/docker/netns/d517412af0a1 type nsfs (rw)
nsfs on /run/docker/netns/1710ff3ada4c type nsfs (rw)
nsfs on /run/docker/netns/314e889212ba type nsfs (rw)
nsfs on /run/docker/netns/e582a7f5806a type nsfs (rw)
nsfs on /run/docker/netns/76b73809b04e type nsfs (rw)
nsfs on /run/docker/netns/157475a68871 type nsfs (rw)
nsfs on /run/docker/netns/ec665df45adc type nsfs (rw)
tmpfs on /run/user/1000 type tmpfs (rw,nosuid,nodev,relatime,size=1630588k,nr_inodes=407647,mode=700,uid=1000,gid=1000,inode64)
portal on /run/user/1000/doc type fuse.portal (rw,nosuid,nodev,relatime,user_id=1000,group_id=1000)
gvfsd-fuse on /run/user/1000/gvfs type fuse.gvfsd-fuse (rw,nosuid,nodev,relatime,user_id=1000,group_id=1000)
/dev/sdb1 on /media/Elements type fuseblk (rw,relatime,user_id=0,group_id=0,default_permissions,allow_other,blksize=4096)
/dev/sdc1 on /media/My Passport type fuseblk (rw,relatime,user_id=0,group_id=0,default_permissions,allow_other,blksize=4096)

PCI DEVICES:
00:00.0 Host bridge [0600]: Intel Corporation Haswell-ULT DRAM Controller [8086:0a04] (rev 0b)
	Subsystem: Hewlett-Packard Company Haswell-ULT DRAM Controller [103c:228d]
	Kernel driver in use: hsw_uncore
00:02.0 VGA compatible controller [0300]: Intel Corporation Haswell-ULT Integrated Graphics Controller [8086:0a16] (rev 0b)
	DeviceName: Intel(R) Graphics GT2
	Subsystem: Hewlett-Packard Company Haswell-ULT Integrated Graphics Controller [103c:228d]
	Kernel driver in use: i915
	Kernel modules: i915
00:03.0 Audio device [0403]: Intel Corporation Haswell-ULT HD Audio Controller [8086:0a0c] (rev 0b)
	Subsystem: Hewlett-Packard Company Haswell-ULT HD Audio Controller [103c:228d]
	Kernel driver in use: snd_hda_intel
	Kernel modules: snd_hda_intel
00:14.0 USB controller [0c03]: Intel Corporation 8 Series USB xHCI HC [8086:9c31] (rev 04)
	Subsystem: Hewlett-Packard Company 8 Series USB xHCI HC [103c:228d]
	Kernel driver in use: xhci_hcd
	Kernel modules: xhci_pci
00:16.0 Communication controller [0780]: Intel Corporation 8 Series HECI #0 [8086:9c3a] (rev 04)
	Subsystem: Hewlett-Packard Company 8 Series HECI [103c:228d]
	Kernel driver in use: mei_me
	Kernel modules: mei_me
00:1b.0 Audio device [0403]: Intel Corporation 8 Series HD Audio Controller [8086:9c20] (rev 04)
	Subsystem: Hewlett-Packard Company 8 Series HD Audio Controller [103c:228d]
	Kernel driver in use: snd_hda_intel
	Kernel modules: snd_hda_intel
00:1c.0 PCI bridge [0604]: Intel Corporation 8 Series PCI Express Root Port 1 [8086:9c10] (rev e4)
	Subsystem: Hewlett-Packard Company 8 Series PCI Express Root Port 1 [103c:228d]
	Kernel driver in use: pcieport
00:1c.1 PCI bridge [0604]: Intel Corporation 8 Series PCI Express Root Port 2 [8086:9c12] (rev e4)
	Subsystem: Hewlett-Packard Company 8 Series PCI Express Root Port 2 [103c:228d]
	Kernel driver in use: pcieport
00:1c.2 PCI bridge [0604]: Intel Corporation 8 Series PCI Express Root Port 3 [8086:9c14] (rev e4)
	Subsystem: Hewlett-Packard Company 8 Series PCI Express Root Port 3 [103c:228d]
	Kernel driver in use: pcieport
00:1c.3 PCI bridge [0604]: Intel Corporation 8 Series PCI Express Root Port 4 [8086:9c16] (rev e4)
	Subsystem: Hewlett-Packard Company 8 Series PCI Express Root Port 4 [103c:228d]
	Kernel driver in use: pcieport
00:1c.4 PCI bridge [0604]: Intel Corporation 8 Series PCI Express Root Port 5 [8086:9c18] (rev e4)
	Subsystem: Hewlett-Packard Company 8 Series PCI Express Root Port 5 [103c:228d]
	Kernel driver in use: pcieport
00:1d.0 USB controller [0c03]: Intel Corporation 8 Series USB EHCI #1 [8086:9c26] (rev 04)
	Subsystem: Hewlett-Packard Company 8 Series USB EHCI [103c:228d]
	Kernel driver in use: ehci-pci
00:1f.0 ISA bridge [0601]: Intel Corporation 8 Series LPC Controller [8086:9c43] (rev 04)
	Subsystem: Hewlett-Packard Company 8 Series LPC Controller [103c:228d]
	Kernel driver in use: lpc_ich
	Kernel modules: lpc_ich
00:1f.2 SATA controller [0106]: Intel Corporation 8 Series SATA Controller 1 [AHCI mode] [8086:9c03] (rev 04)
	Subsystem: Hewlett-Packard Company 8 Series SATA Controller 1 [AHCI mode] [103c:228d]
	Kernel driver in use: ahci
	Kernel modules: ahci
00:1f.3 SMBus [0c05]: Intel Corporation 8 Series SMBus Controller [8086:9c22] (rev 04)
	Subsystem: Hewlett-Packard Company 8 Series SMBus Controller [103c:228d]
	Kernel driver in use: i801_smbus
	Kernel modules: i2c_i801
02:00.0 Unassigned class [ff00]: Realtek Semiconductor Co., Ltd. RTS5227 PCI Express Card Reader [10ec:5227] (rev 01)
	Subsystem: Hewlett-Packard Company RTS5227 PCI Express Card Reader [103c:228d]
	Kernel driver in use: rtsx_pci
	Kernel modules: rtsx_pci
08:00.0 Network controller [0280]: Intel Corporation Wireless 3160 [8086:08b3] (rev 83)
	DeviceName: Intel Dual Band Wireless-AC 3160 802.11ac 1x1 WiFi + BT 4.0 Combo Adapter
	Subsystem: Intel Corporation Dual Band Wireless-AC 3160 [Wilkins Peak 1] [8086:0070]
	Kernel driver in use: iwlwifi
	Kernel modules: iwlwifi
09:00.0 Ethernet controller [0200]: Realtek Semiconductor Co., Ltd. RTL8111/8168/8211/8411 PCI Express Gigabit Ethernet Controller [10ec:8168] (rev 10)
	DeviceName: Realtek PCIe GBE Family Controller
	Subsystem: Hewlett-Packard Company RTL8111/8168/8411 PCI Express Gigabit Ethernet Controller [103c:228d]
	Kernel driver in use: r8169
	Kernel modules: r8169
0a:00.0 3D controller [0302]: NVIDIA Corporation GM107M [GeForce GTX 850M] [10de:1391] (rev a2)
	DeviceName: NVIDIA GeForce GT 850M
	Subsystem: Hewlett-Packard Company GM107M [GeForce GTX 850M] [103c:228d]
	Kernel driver in use: nvidia
	Kernel modules: nvidiafb, nouveau, nvidia_drm, nvidia

USB DEVICES:
Bus 001 Device 001: ID 1d6b:0002 Linux Foundation 2.0 root hub
Bus 001 Device 002: ID 8087:8000 Intel Corp. Integrated Rate Matching Hub
Bus 001 Device 003: ID 04f2:b45e Chicony Electronics Co., Ltd HP Truevision HD
Bus 001 Device 004: ID 138a:0050 Validity Sensors, Inc. Swipe Fingerprint Sensor
Bus 001 Device 005: ID 8087:07dc Intel Corp. Bluetooth wireless interface
Bus 002 Device 001: ID 1d6b:0002 Linux Foundation 2.0 root hub
Bus 002 Device 002: ID 1a40:0101 Terminus Technology Inc. Hub
Bus 002 Device 003: ID 1058:25a2 Western Digital Technologies, Inc. Elements 25A2
Bus 002 Device 004: ID 1058:2626 Western Digital Technologies, Inc. My Passport (WDBPKJ)
Bus 003 Device 001: ID 1d6b:0003 Linux Foundation 3.0 root hub

NETWORK:
1: lo: <LOOPBACK,UP,LOWER_UP> mtu 65536 qdisc noqueue state UNKNOWN group default qlen 1000
    link/loopback 00:00:00:00:00:00 brd 00:00:00:00:00:00
    inet 127.0.0.1/8 scope host lo
       valid_lft forever preferred_lft forever
    inet6 ::1/128 scope host noprefixroute 
       valid_lft forever preferred_lft forever
2: eno1: <BROADCAST,MULTICAST,UP,LOWER_UP> mtu 1500 qdisc fq_codel state UP group default qlen 1000
    link/ether 8c:dc:d4:78:f1:61 brd ff:ff:ff:ff:ff:ff
    altname enp9s0
    inet 192.168.0.25/24 brd 192.168.0.255 scope global noprefixroute eno1
       valid_lft forever preferred_lft forever
    inet6 fe80::8edc:d4ff:fe78:f161/64 scope link 
       valid_lft forever preferred_lft forever
3: wlo1: <BROADCAST,MULTICAST> mtu 1500 qdisc noop state DOWN group default qlen 1000
    link/ether 30:3a:64:79:95:5a brd ff:ff:ff:ff:ff:ff
    altname wlp8s0
4: br-mailcow: <BROADCAST,MULTICAST,UP,LOWER_UP> mtu 1500 qdisc noqueue state UP group default 
    link/ether be:65:48:de:e4:96 brd ff:ff:ff:ff:ff:ff
    inet 172.22.1.1/24 brd 172.22.1.255 scope global br-mailcow
       valid_lft forever preferred_lft forever
    inet6 fd4d:6169:6c63:6f77::1/64 scope global nodad 
       valid_lft forever preferred_lft forever
    inet6 fe80::bc65:48ff:fede:e496/64 scope link 
       valid_lft forever preferred_lft forever
5: docker0: <NO-CARRIER,BROADCAST,MULTICAST,UP> mtu 1500 qdisc noqueue state DOWN group default 
    link/ether f2:2e:28:d3:f3:2a brd ff:ff:ff:ff:ff:ff
    inet 172.17.0.1/16 brd 172.17.255.255 scope global docker0
       valid_lft forever preferred_lft forever
    inet6 fd8e:69cb:d56a::1/64 scope global nodad 
       valid_lft forever preferred_lft forever
6: veth9fbbc60@if2: <BROADCAST,MULTICAST,UP,LOWER_UP> mtu 1500 qdisc noqueue master br-mailcow state UP group default 
    link/ether 06:50:bc:b7:cb:ff brd ff:ff:ff:ff:ff:ff link-netnsid 0
    inet6 fe80::450:bcff:feb7:cbff/64 scope link 
       valid_lft forever preferred_lft forever
7: veth0e2fd34@if2: <BROADCAST,MULTICAST,UP,LOWER_UP> mtu 1500 qdisc noqueue master br-mailcow state UP group default 
    link/ether 8e:8c:bf:cf:40:c5 brd ff:ff:ff:ff:ff:ff link-netnsid 1
    inet6 fe80::8c8c:bfff:fecf:40c5/64 scope link 
       valid_lft forever preferred_lft forever
8: veth38102da@if2: <BROADCAST,MULTICAST,UP,LOWER_UP> mtu 1500 qdisc noqueue master br-mailcow state UP group default 
    link/ether f6:8c:4f:2b:38:a2 brd ff:ff:ff:ff:ff:ff link-netnsid 2
    inet6 fe80::f48c:4fff:fe2b:38a2/64 scope link 
       valid_lft forever preferred_lft forever
9: veth8466fed@if2: <BROADCAST,MULTICAST,UP,LOWER_UP> mtu 1500 qdisc noqueue master br-mailcow state UP group default 
    link/ether fe:3f:35:a6:32:0d brd ff:ff:ff:ff:ff:ff link-netnsid 3
    inet6 fe80::fc3f:35ff:fea6:320d/64 scope link 
       valid_lft forever preferred_lft forever
10: vethe9d2033@if2: <BROADCAST,MULTICAST,UP,LOWER_UP> mtu 1500 qdisc noqueue master br-mailcow state UP group default 
    link/ether fa:c0:5f:3d:90:db brd ff:ff:ff:ff:ff:ff link-netnsid 4
    inet6 fe80::f8c0:5fff:fe3d:90db/64 scope link 
       valid_lft forever preferred_lft forever
11: veth5f6424b@if2: <BROADCAST,MULTICAST,UP,LOWER_UP> mtu 1500 qdisc noqueue master br-mailcow state UP group default 
    link/ether be:42:0c:35:01:f0 brd ff:ff:ff:ff:ff:ff link-netnsid 5
    inet6 fe80::bc42:cff:fe35:1f0/64 scope link 
       valid_lft forever preferred_lft forever
12: veth83a1cda@if2: <BROADCAST,MULTICAST,UP,LOWER_UP> mtu 1500 qdisc noqueue master br-mailcow state UP group default 
    link/ether 26:ac:62:ca:66:b0 brd ff:ff:ff:ff:ff:ff link-netnsid 6
    inet6 fe80::24ac:62ff:feca:66b0/64 scope link 
       valid_lft forever preferred_lft forever
13: vethc768e63@if2: <BROADCAST,MULTICAST,UP,LOWER_UP> mtu 1500 qdisc noqueue master br-mailcow state UP group default 
    link/ether 12:94:f0:a1:ef:7c brd ff:ff:ff:ff:ff:ff link-netnsid 7
    inet6 fe80::1094:f0ff:fea1:ef7c/64 scope link 
       valid_lft forever preferred_lft forever
14: veth9fdb391@if2: <BROADCAST,MULTICAST,UP,LOWER_UP> mtu 1500 qdisc noqueue master br-mailcow state UP group default 
    link/ether f6:ef:2a:49:05:42 brd ff:ff:ff:ff:ff:ff link-netnsid 8
    inet6 fe80::f4ef:2aff:fe49:542/64 scope link 
       valid_lft forever preferred_lft forever
15: veth9bdb2f3@if2: <BROADCAST,MULTICAST,UP,LOWER_UP> mtu 1500 qdisc noqueue master br-mailcow state UP group default 
    link/ether 42:46:cc:13:ce:da brd ff:ff:ff:ff:ff:ff link-netnsid 9
    inet6 fe80::4046:ccff:fe13:ceda/64 scope link 
       valid_lft forever preferred_lft forever
16: vethb72fac9@if2: <BROADCAST,MULTICAST,UP,LOWER_UP> mtu 1500 qdisc noqueue master br-mailcow state UP group default 
    link/ether 6e:3b:17:b3:a0:8a brd ff:ff:ff:ff:ff:ff link-netnsid 10
    inet6 fe80::6c3b:17ff:feb3:a08a/64 scope link 
       valid_lft forever preferred_lft forever
17: vethd7c4fc0@if2: <BROADCAST,MULTICAST,UP,LOWER_UP> mtu 1500 qdisc noqueue master br-mailcow state UP group default 
    link/ether 32:96:e5:8d:35:37 brd ff:ff:ff:ff:ff:ff link-netnsid 11
    inet6 fe80::3096:e5ff:fe8d:3537/64 scope link 
       valid_lft forever preferred_lft forever
18: vethbba0caf@if2: <BROADCAST,MULTICAST,UP,LOWER_UP> mtu 1500 qdisc noqueue master br-mailcow state UP group default 
    link/ether ea:22:f0:c9:dc:dd brd ff:ff:ff:ff:ff:ff link-netnsid 12
    inet6 fe80::e822:f0ff:fec9:dcdd/64 scope link 
       valid_lft forever preferred_lft forever
19: veth958a618@if2: <BROADCAST,MULTICAST,UP,LOWER_UP> mtu 1500 qdisc noqueue master br-mailcow state UP group default 
    link/ether 1a:59:92:eb:d0:13 brd ff:ff:ff:ff:ff:ff link-netnsid 13
    inet6 fe80::1859:92ff:feeb:d013/64 scope link 
       valid_lft forever preferred_lft forever
20: vethb92cd49@if2: <BROADCAST,MULTICAST,UP,LOWER_UP> mtu 1500 qdisc noqueue master br-mailcow state UP group default 
    link/ether c6:2a:0e:d4:aa:81 brd ff:ff:ff:ff:ff:ff link-netnsid 14
    inet6 fe80::c42a:eff:fed4:aa81/64 scope link 
       valid_lft forever preferred_lft forever
21: veth147cdfe@if2: <BROADCAST,MULTICAST,UP,LOWER_UP> mtu 1500 qdisc noqueue master br-mailcow state UP group default 
    link/ether d2:d6:af:26:b5:f2 brd ff:ff:ff:ff:ff:ff link-netnsid 15
    inet6 fe80::d0d6:afff:fe26:b5f2/64 scope link 
       valid_lft forever preferred_lft forever
22: vethe33c881@if2: <BROADCAST,MULTICAST,UP,LOWER_UP> mtu 1500 qdisc noqueue master br-mailcow state UP group default 
    link/ether de:d5:da:63:59:e7 brd ff:ff:ff:ff:ff:ff link-netnsid 16
    inet6 fe80::dcd5:daff:fe63:59e7/64 scope link 
       valid_lft forever preferred_lft forever

default via 192.168.0.1 dev eno1 proto dhcp src 192.168.0.25 metric 100 
172.17.0.0/16 dev docker0 proto kernel scope link src 172.17.0.1 linkdown 
172.22.1.0/24 dev br-mailcow proto kernel scope link src 172.22.1.1 
192.168.0.0/24 dev eno1 proto kernel scope link src 192.168.0.25 metric 100 

SYSTEMD FAILED UNITS:
  UNIT LOAD ACTIVE SUB DESCRIPTION

0 loaded units listed.

USER SYSTEMD FAILED UNITS:
  UNIT LOAD ACTIVE SUB DESCRIPTION

0 loaded units listed.


================================================================
NVIDIA INITIAL STATE
================================================================
TIME: 2026-09-25 12:40:28 +0530
nvidia-smi:
Fri Sep 25 12:40:28 2026       
+-----------------------------------------------------------------------------+
| NVIDIA-SMI 470.256.02   Driver Version: 470.256.02   CUDA Version: 11.4     |
|-------------------------------+----------------------+----------------------+
| GPU  Name        Persistence-M| Bus-Id        Disp.A | Volatile Uncorr. ECC |
| Fan  Temp  Perf  Pwr:Usage/Cap|         Memory-Usage | GPU-Util  Compute M. |
|                               |                      |               MIG M. |
|===============================+======================+======================|
|   0  NVIDIA GeForce ...  Off  | 00000000:0A:00.0 Off |                  N/A |
| N/A   45C    P8    N/A /  N/A |    174MiB /  4046MiB |      0%      Default |
|                               |                      |                  N/A |
+-------------------------------+----------------------+----------------------+
                                                                               
+-----------------------------------------------------------------------------+
| Processes:                                                                  |
|  GPU   GI   CI        PID   Type   Process name                  GPU Memory |
|        ID   ID                                                   Usage      |
|=============================================================================|
|    0   N/A  N/A      6243      G   /usr/lib/xorg/Xorg                 38MiB |
|    0   N/A  N/A      7236      G   /usr/bin/gnome-shell              133MiB |
+-----------------------------------------------------------------------------+

NVIDIA MODULE:
nvidia_uvm           1421312  0
nvidia_drm             77824  11
nvidia_modeset       1212416  7 nvidia_drm
nvidia              35643392  248 nvidia_uvm,nvidia_modeset
video                  77824  2 i915,nvidia_modeset

NVIDIA DRIVER:
filename:       /lib/modules/6.8.0-139-generic/updates/dkms/nvidia.ko.zst
version:        470.256.02
license:        NVIDIA
srcversion:     33823A9D9F968463ED09E93

PRIME:
nvidia

DRM DEVICES:
total 0
drwxr-xr-x  2 root root        120 Sep 25 12:33 by-path
crw-rw----+ 1 root video  226,   1 Sep 25 12:33 card1
crw-rw----+ 1 root video  226,   2 Sep 25 12:33 card2
crw-rw----+ 1 root render 226, 128 Sep 25 12:33 renderD128
crw-rw----+ 1 root render 226, 129 Sep 25 12:33 renderD129
2026-09-25 12:40:30 +0530 CHECK=1 LOAD="10.18 9.47 4.86 3/1369 15070" CPU_IOWAIT=76.57% MEM="total=15923MB used=4682MB free=7854MB available=11241MB" SWAP="total=4095MB used=0MB free=4095MB" RUN=1 SLEEP=398 D=2 ZOMBIE=0
[2026-09-25 12:40:33 +0530] EVENT: D-state process detected: count=2
[2026-09-25 12:40:33 +0530] EVENT: HIGH I/O WAIT detected: 76.57%
[2026-09-25 12:41:03 +0530] EVENT: Kernel warning/error detected

[2026-09-25 12:40:30 +0530]
Bus 001 Device 001: ID 1d6b:0002 Linux Foundation 2.0 root hub
Bus 001 Device 002: ID 8087:8000 Intel Corp. Integrated Rate Matching Hub
Bus 001 Device 003: ID 04f2:b45e Chicony Electronics Co., Ltd HP Truevision HD
Bus 001 Device 004: ID 138a:0050 Validity Sensors, Inc. Swipe Fingerprint Sensor
Bus 001 Device 005: ID 8087:07dc Intel Corp. Bluetooth wireless interface
Bus 002 Device 001: ID 1d6b:0002 Linux Foundation 2.0 root hub
Bus 002 Device 002: ID 1a40:0101 Terminus Technology Inc. Hub
Bus 002 Device 003: ID 1058:25a2 Western Digital Technologies, Inc. Elements 25A2
Bus 002 Device 004: ID 1058:2626 Western Digital Technologies, Inc. My Passport (WDBPKJ)
Bus 003 Device 001: ID 1d6b:0003 Linux Foundation 3.0 root hub

[2026-09-25 12:40:30 +0530] NVIDIA
2026/09/25 12:41:03.858, NVIDIA GeForce GTX 850M, 470.256.02, 45, 0 %, 0 %, 4046 MiB, 174 MiB, 3872 MiB, [N/A], [N/A], 135 MHz

[2026-09-25 12:40:30 +0530] DRM DEVICES
/sys/class/drm/card2-eDP-1/status = connected
/sys/class/drm/card2-HDMI-A-1/status = connected

[2026-09-25 12:40:30 +0530] FILESYSTEM USAGE
Filesystem     Type      Size  Used Avail Use% Mounted on
tmpfs          tmpfs     1.6G  3.9M  1.6G   1% /run
/dev/sda8      ext4      151G   70G   73G  49% /
tmpfs          tmpfs     7.8G     0  7.8G   0% /dev/shm
tmpfs          tmpfs     5.0M   12K  5.0M   1% /run/lock
efivarfs       efivarfs   84K   71K  8.4K  90% /sys/firmware/efi/efivars
/dev/sda7      ext4      242G  148G   82G  65% /data
/dev/sda6      fuseblk   401G  244G  158G  61% /media/eclipse
/dev/sda2      vfat      256M  130M  127M  51% /boot/efi
tmpfs          tmpfs     1.6G  148K  1.6G   1% /run/user/1000
/dev/sdb1      fuseblk   1.9T  1.5T  352G  82% /media/Elements
/dev/sdc1      fuseblk   1.9T  1.6T  253G  87% /media/My Passport

INODES
Filesystem     Inodes IUsed IFree IUse% Mounted on
tmpfs            2.0M  2.2K  2.0M    1% /run
/dev/sda8        9.7M  932K  8.8M   10% /
tmpfs            2.0M     1  2.0M    1% /dev/shm
tmpfs            2.0M     6  2.0M    1% /run/lock
efivarfs            0     0     0     - /sys/firmware/efi/efivars
/dev/sda7         16M   29K   16M    1% /data
/dev/sda6        158M   84K  158M    1% /media/eclipse
/dev/sda2           0     0     0     - /boot/efi
tmpfs            399K   176  398K    1% /run/user/1000
/dev/sdb1        353M   44K  353M    1% /media/Elements
/dev/sdc1        253M   11K  253M    1% /media/My Passport

[2026-09-25 12:40:30 +0530] NETWORK
lo               UNKNOWN        127.0.0.1/8 ::1/128 
eno1             UP             192.168.0.25/24 fe80::8edc:d4ff:fe78:f161/64 
wlo1             DOWN           
br-mailcow       UP             172.22.1.1/24 fd4d:6169:6c63:6f77::1/64 fe80::bc65:48ff:fede:e496/64 
docker0          DOWN           172.17.0.1/16 fd8e:69cb:d56a::1/64 
veth9fbbc60@if2  UP             fe80::450:bcff:feb7:cbff/64 
veth0e2fd34@if2  UP             fe80::8c8c:bfff:fecf:40c5/64 
veth38102da@if2  UP             fe80::f48c:4fff:fe2b:38a2/64 
veth8466fed@if2  UP             fe80::fc3f:35ff:fea6:320d/64 
vethe9d2033@if2  UP             fe80::f8c0:5fff:fe3d:90db/64 
veth5f6424b@if2  UP             fe80::bc42:cff:fe35:1f0/64 
veth83a1cda@if2  UP             fe80::24ac:62ff:feca:66b0/64 
vethc768e63@if2  UP             fe80::1094:f0ff:fea1:ef7c/64 
veth9fdb391@if2  UP             fe80::f4ef:2aff:fe49:542/64 
veth9bdb2f3@if2  UP             fe80::4046:ccff:fe13:ceda/64 
vethb72fac9@if2  UP             fe80::6c3b:17ff:feb3:a08a/64 
vethd7c4fc0@if2  UP             fe80::3096:e5ff:fe8d:3537/64 
vethbba0caf@if2  UP             fe80::e822:f0ff:fec9:dcdd/64 
veth958a618@if2  UP             fe80::1859:92ff:feeb:d013/64 
vethb92cd49@if2  UP             fe80::c42a:eff:fed4:aa81/64 
veth147cdfe@if2  UP             fe80::d0d6:afff:fe26:b5f2/64 
vethe33c881@if2  UP             fe80::dcd5:daff:fe63:59e7/64 

default via 192.168.0.1 dev eno1 proto dhcp src 192.168.0.25 metric 100 
172.17.0.0/16 dev docker0 proto kernel scope link src 172.17.0.1 linkdown 
172.22.1.0/24 dev br-mailcow proto kernel scope link src 172.22.1.1 
192.168.0.0/24 dev eno1 proto kernel scope link src 192.168.0.25 metric 100 

Total: 965
TCP:   166 (estab 7, closed 125, orphaned 0, timewait 0)

Transport Total     IP        IPv6
RAW	  0         0         0        
UDP	  12        5         7        
TCP	  41        29        12       
INET	  53        34        19       
FRAG	  0         0         0        


[2026-09-25 12:40:30 +0530] FILE DESCRIPTORS
12384	0	9223372036854775807
9223372036854775807

[2026-09-25 12:40:30 +0530] USER SERVICES
  UNIT                                                             LOAD   ACTIVE SUB     DESCRIPTION
  at-spi-dbus-bus.service                                          loaded active running Accessibility services bus
  dbus.service                                                     loaded active running D-Bus User Message Bus
  dconf.service                                                    loaded active running User preferences database
  evolution-addressbook-factory.service                            loaded active running Evolution address book service
  evolution-calendar-factory.service                               loaded active running Evolution calendar service
  evolution-source-registry.service                                loaded active running Evolution source registry
  filter-chain.service                                             loaded active running PipeWire filter chain daemon
  gcr-ssh-agent.service                                            loaded active running GCR ssh-agent wrapper
  gnome-keyring-daemon.service                                     loaded active running GNOME Keyring daemon
  gnome-session-manager@ubuntu.service                             loaded active running GNOME Session Manager (session: ubuntu)
  gnome-session-monitor.service                                    loaded active running Monitor Session leader for GNOME Session
  gnome-terminal-server.service                                    loaded active running GNOME Terminal Server
  gvfs-afc-volume-monitor.service                                  loaded active running Virtual filesystem service - Apple File Conduit monitor
  gvfs-daemon.service                                              loaded active running Virtual filesystem service
  gvfs-goa-volume-monitor.service                                  loaded active running Virtual filesystem service - GNOME Online Accounts monitor
  gvfs-gphoto2-volume-monitor.service                              loaded active running Virtual filesystem service - digital camera monitor
  gvfs-metadata.service                                            loaded active running Virtual filesystem metadata service
  gvfs-mtp-volume-monitor.service                                  loaded active running Virtual filesystem service - Media Transfer Protocol monitor
  gvfs-udisks2-volume-monitor.service                              loaded active running Virtual filesystem service - disk device monitor
  org.freedesktop.IBus.session.GNOME.service                       loaded active running IBus Daemon for GNOME
  org.gnome.SettingsDaemon.A11ySettings.service                    loaded active running GNOME accessibility service
  org.gnome.SettingsDaemon.Color.service                           loaded active running GNOME color management service
  org.gnome.SettingsDaemon.Datetime.service                        loaded active running GNOME date & time service
  org.gnome.SettingsDaemon.Housekeeping.service                    loaded active running GNOME maintenance of expirable data service
  org.gnome.SettingsDaemon.Keyboard.service                        loaded active running GNOME keyboard configuration service
  org.gnome.SettingsDaemon.MediaKeys.service                       loaded active running GNOME keyboard shortcuts service
  org.gnome.SettingsDaemon.PrintNotifications.service              loaded active running GNOME printer notifications service
  org.gnome.SettingsDaemon.Rfkill.service                          loaded active running GNOME RFKill support service
  org.gnome.SettingsDaemon.ScreensaverProxy.service                loaded active running GNOME FreeDesktop screensaver service
  org.gnome.SettingsDaemon.Sharing.service                         loaded active running GNOME file sharing service
  org.gnome.SettingsDaemon.Smartcard.service                       loaded active running GNOME smartcard service
  org.gnome.SettingsDaemon.Sound.service                           loaded active running GNOME sound sample caching service
  org.gnome.SettingsDaemon.Wacom.service                           loaded active running GNOME Wacom tablet support service
  org.gnome.SettingsDaemon.XSettings.service                       loaded active running GNOME XSettings service
  org.gnome.Shell@x11.service                                      loaded active running GNOME Shell on X11
  pipewire-pulse.service                                           loaded active running PipeWire PulseAudio
  pipewire.service                                                 loaded active running PipeWire Multimedia Service
  sandas-server.service                                            loaded active running SANDAS Flask WebSocket Server
  snap.snapd-desktop-integration.snapd-desktop-integration.service loaded active running Service for snap application snapd-desktop-integration.snapd-desktop-integration
  tracker-miner-fs-3.service                                       loaded active running Tracker file system data miner
  wireplumber.service                                              loaded active running Multimedia Service Session Manager
  xdg-desktop-portal-gnome.service                                 loaded active running Portal service (GNOME implementation)
  xdg-desktop-portal-gtk.service                                   loaded active running Portal service (GTK/GNOME implementation)
  xdg-desktop-portal.service                                       loaded active running Portal service
  xdg-document-portal.service                                      loaded active running flatpak document portal service
  xdg-permission-store.service                                     loaded active running sandboxed app permission store

Legend: LOAD   → Reflects whether the unit definition was properly loaded.
        ACTIVE → The high-level unit activation state, i.e. generalization of SUB.
        SUB    → The low-level unit activation state, values depend on unit type.

46 loaded units listed.
2026-09-25 12:42:04 +0530 CHECK=2 LOAD="4.96 7.97 4.77 1/1370 20556" CPU_IOWAIT=72.97% MEM="total=15923MB used=4914MB free=7172MB available=11009MB" SWAP="total=4095MB used=0MB free=4095MB" RUN=1 SLEEP=401 D=0 ZOMBIE=0
[2026-09-25 12:42:07 +0530] EVENT: D-state processes cleared
[2026-09-25 12:42:07 +0530] EVENT: HIGH I/O WAIT detected: 72.97%
[2026-09-25 12:42:08 +0530] EVENT: Kernel warning/error detected

[2026-09-25 12:42:04 +0530]
Bus 001 Device 001: ID 1d6b:0002 Linux Foundation 2.0 root hub
Bus 001 Device 002: ID 8087:8000 Intel Corp. Integrated Rate Matching Hub
Bus 001 Device 003: ID 04f2:b45e Chicony Electronics Co., Ltd HP Truevision HD
Bus 001 Device 004: ID 138a:0050 Validity Sensors, Inc. Swipe Fingerprint Sensor
Bus 001 Device 005: ID 8087:07dc Intel Corp. Bluetooth wireless interface
Bus 002 Device 001: ID 1d6b:0002 Linux Foundation 2.0 root hub
Bus 002 Device 002: ID 1a40:0101 Terminus Technology Inc. Hub
Bus 002 Device 003: ID 1058:25a2 Western Digital Technologies, Inc. Elements 25A2
Bus 002 Device 004: ID 1058:2626 Western Digital Technologies, Inc. My Passport (WDBPKJ)
Bus 003 Device 001: ID 1d6b:0003 Linux Foundation 3.0 root hub

[2026-09-25 12:42:04 +0530] NVIDIA
2026/09/25 12:42:08.538, NVIDIA GeForce GTX 850M, 470.256.02, 44, 6 %, 2 %, 4046 MiB, 174 MiB, 3872 MiB, [N/A], [N/A], 135 MHz

[2026-09-25 12:42:04 +0530] DRM DEVICES
/sys/class/drm/card2-eDP-1/status = connected
/sys/class/drm/card2-HDMI-A-1/status = connected

[2026-09-25 12:42:04 +0530] FILESYSTEM USAGE
Filesystem     Type      Size  Used Avail Use% Mounted on
tmpfs          tmpfs     1.6G  3.9M  1.6G   1% /run
/dev/sda8      ext4      151G   70G   73G  49% /
tmpfs          tmpfs     7.8G  4.0K  7.8G   1% /dev/shm
tmpfs          tmpfs     5.0M   12K  5.0M   1% /run/lock
efivarfs       efivarfs   84K   71K  8.4K  90% /sys/firmware/efi/efivars
/dev/sda7      ext4      242G  148G   82G  65% /data
/dev/sda6      fuseblk   401G  244G  158G  61% /media/eclipse
/dev/sda2      vfat      256M  130M  127M  51% /boot/efi
tmpfs          tmpfs     1.6G  148K  1.6G   1% /run/user/1000
/dev/sdb1      fuseblk   1.9T  1.5T  352G  82% /media/Elements
/dev/sdc1      fuseblk   1.9T  1.6T  253G  87% /media/My Passport

INODES
Filesystem     Inodes IUsed IFree IUse% Mounted on
tmpfs            2.0M  2.2K  2.0M    1% /run
/dev/sda8        9.7M  932K  8.8M   10% /
tmpfs            2.0M     2  2.0M    1% /dev/shm
tmpfs            2.0M     6  2.0M    1% /run/lock
efivarfs            0     0     0     - /sys/firmware/efi/efivars
/dev/sda7         16M   29K   16M    1% /data
/dev/sda6        158M   84K  158M    1% /media/eclipse
/dev/sda2           0     0     0     - /boot/efi
tmpfs            399K   176  398K    1% /run/user/1000
/dev/sdb1        353M   44K  353M    1% /media/Elements
/dev/sdc1        253M   11K  253M    1% /media/My Passport

[2026-09-25 12:42:04 +0530] NETWORK
lo               UNKNOWN        127.0.0.1/8 ::1/128 
eno1             UP             192.168.0.25/24 fe80::8edc:d4ff:fe78:f161/64 
wlo1             DOWN           
br-mailcow       UP             172.22.1.1/24 fd4d:6169:6c63:6f77::1/64 fe80::bc65:48ff:fede:e496/64 
docker0          DOWN           172.17.0.1/16 fd8e:69cb:d56a::1/64 
veth9fbbc60@if2  UP             fe80::450:bcff:feb7:cbff/64 
veth0e2fd34@if2  UP             fe80::8c8c:bfff:fecf:40c5/64 
veth38102da@if2  UP             fe80::f48c:4fff:fe2b:38a2/64 
veth8466fed@if2  UP             fe80::fc3f:35ff:fea6:320d/64 
vethe9d2033@if2  UP             fe80::f8c0:5fff:fe3d:90db/64 
veth5f6424b@if2  UP             fe80::bc42:cff:fe35:1f0/64 
veth83a1cda@if2  UP             fe80::24ac:62ff:feca:66b0/64 
vethc768e63@if2  UP             fe80::1094:f0ff:fea1:ef7c/64 
veth9fdb391@if2  UP             fe80::f4ef:2aff:fe49:542/64 
veth9bdb2f3@if2  UP             fe80::4046:ccff:fe13:ceda/64 
vethb72fac9@if2  UP             fe80::6c3b:17ff:feb3:a08a/64 
vethd7c4fc0@if2  UP             fe80::3096:e5ff:fe8d:3537/64 
vethbba0caf@if2  UP             fe80::e822:f0ff:fec9:dcdd/64 
veth958a618@if2  UP             fe80::1859:92ff:feeb:d013/64 
vethb92cd49@if2  UP             fe80::c42a:eff:fed4:aa81/64 
veth147cdfe@if2  UP             fe80::d0d6:afff:fe26:b5f2/64 
vethe33c881@if2  UP             fe80::dcd5:daff:fe63:59e7/64 

default via 192.168.0.1 dev eno1 proto dhcp src 192.168.0.25 metric 100 
172.17.0.0/16 dev docker0 proto kernel scope link src 172.17.0.1 linkdown 
172.22.1.0/24 dev br-mailcow proto kernel scope link src 172.22.1.1 
192.168.0.0/24 dev eno1 proto kernel scope link src 192.168.0.25 metric 100 

Total: 971
TCP:   167 (estab 8, closed 125, orphaned 0, timewait 0)

Transport Total     IP        IPv6
RAW	  0         0         0        
UDP	  12        5         7        
TCP	  42        30        12       
INET	  54        35        19       
FRAG	  0         0         0        


[2026-09-25 12:42:04 +0530] FILE DESCRIPTORS
12576	0	9223372036854775807
9223372036854775807

[2026-09-25 12:42:04 +0530] USER SERVICES
  UNIT                                                             LOAD   ACTIVE SUB     DESCRIPTION
  at-spi-dbus-bus.service                                          loaded active running Accessibility services bus
  dbus.service                                                     loaded active running D-Bus User Message Bus
  dconf.service                                                    loaded active running User preferences database
  evolution-addressbook-factory.service                            loaded active running Evolution address book service
  evolution-calendar-factory.service                               loaded active running Evolution calendar service
  evolution-source-registry.service                                loaded active running Evolution source registry
  filter-chain.service                                             loaded active running PipeWire filter chain daemon
  gcr-ssh-agent.service                                            loaded active running GCR ssh-agent wrapper
  gnome-keyring-daemon.service                                     loaded active running GNOME Keyring daemon
  gnome-session-manager@ubuntu.service                             loaded active running GNOME Session Manager (session: ubuntu)
  gnome-session-monitor.service                                    loaded active running Monitor Session leader for GNOME Session
  gnome-terminal-server.service                                    loaded active running GNOME Terminal Server
  gvfs-afc-volume-monitor.service                                  loaded active running Virtual filesystem service - Apple File Conduit monitor
  gvfs-daemon.service                                              loaded active running Virtual filesystem service
  gvfs-goa-volume-monitor.service                                  loaded active running Virtual filesystem service - GNOME Online Accounts monitor
  gvfs-gphoto2-volume-monitor.service                              loaded active running Virtual filesystem service - digital camera monitor
  gvfs-metadata.service                                            loaded active running Virtual filesystem metadata service
  gvfs-mtp-volume-monitor.service                                  loaded active running Virtual filesystem service - Media Transfer Protocol monitor
  gvfs-udisks2-volume-monitor.service                              loaded active running Virtual filesystem service - disk device monitor
  org.freedesktop.IBus.session.GNOME.service                       loaded active running IBus Daemon for GNOME
  org.gnome.SettingsDaemon.A11ySettings.service                    loaded active running GNOME accessibility service
  org.gnome.SettingsDaemon.Color.service                           loaded active running GNOME color management service
  org.gnome.SettingsDaemon.Datetime.service                        loaded active running GNOME date & time service
  org.gnome.SettingsDaemon.Housekeeping.service                    loaded active running GNOME maintenance of expirable data service
  org.gnome.SettingsDaemon.Keyboard.service                        loaded active running GNOME keyboard configuration service
  org.gnome.SettingsDaemon.MediaKeys.service                       loaded active running GNOME keyboard shortcuts service
  org.gnome.SettingsDaemon.PrintNotifications.service              loaded active running GNOME printer notifications service
  org.gnome.SettingsDaemon.Rfkill.service                          loaded active running GNOME RFKill support service
  org.gnome.SettingsDaemon.ScreensaverProxy.service                loaded active running GNOME FreeDesktop screensaver service
  org.gnome.SettingsDaemon.Sharing.service                         loaded active running GNOME file sharing service
  org.gnome.SettingsDaemon.Smartcard.service                       loaded active running GNOME smartcard service
  org.gnome.SettingsDaemon.Sound.service                           loaded active running GNOME sound sample caching service
  org.gnome.SettingsDaemon.Wacom.service                           loaded active running GNOME Wacom tablet support service
  org.gnome.SettingsDaemon.XSettings.service                       loaded active running GNOME XSettings service
  org.gnome.Shell@x11.service                                      loaded active running GNOME Shell on X11
  pipewire-pulse.service                                           loaded active running PipeWire PulseAudio
  pipewire.service                                                 loaded active running PipeWire Multimedia Service
  sandas-server.service                                            loaded active running SANDAS Flask WebSocket Server
  snap.snapd-desktop-integration.snapd-desktop-integration.service loaded active running Service for snap application snapd-desktop-integration.snapd-desktop-integration
  tracker-miner-fs-3.service                                       loaded active running Tracker file system data miner
  wireplumber.service                                              loaded active running Multimedia Service Session Manager
  xdg-desktop-portal-gnome.service                                 loaded active running Portal service (GNOME implementation)
  xdg-desktop-portal-gtk.service                                   loaded active running Portal service (GTK/GNOME implementation)
  xdg-desktop-portal.service                                       loaded active running Portal service
  xdg-document-portal.service                                      loaded active running flatpak document portal service
  xdg-permission-store.service                                     loaded active running sandboxed app permission store

Legend: LOAD   → Reflects whether the unit definition was properly loaded.
        ACTIVE → The high-level unit activation state, i.e. generalization of SUB.
        SUB    → The low-level unit activation state, values depend on unit type.

46 loaded units listed.
2026-09-25 12:43:08 +0530 CHECK=3 LOAD="2.61 6.66 4.54 6/1370 24170" CPU_IOWAIT=66.38% MEM="total=15923MB used=5130MB free=6843MB available=10793MB" SWAP="total=4095MB used=0MB free=4095MB" RUN=2 SLEEP=403 D=0 ZOMBIE=0
[2026-09-25 12:43:12 +0530] EVENT: HIGH I/O WAIT detected: 66.38%
[2026-09-25 12:43:13 +0530] EVENT: Kernel warning/error detected

[2026-09-25 12:43:08 +0530]
Bus 001 Device 001: ID 1d6b:0002 Linux Foundation 2.0 root hub
Bus 001 Device 002: ID 8087:8000 Intel Corp. Integrated Rate Matching Hub
Bus 001 Device 003: ID 04f2:b45e Chicony Electronics Co., Ltd HP Truevision HD
Bus 001 Device 004: ID 138a:0050 Validity Sensors, Inc. Swipe Fingerprint Sensor
Bus 001 Device 005: ID 8087:07dc Intel Corp. Bluetooth wireless interface
Bus 002 Device 001: ID 1d6b:0002 Linux Foundation 2.0 root hub
Bus 002 Device 002: ID 1a40:0101 Terminus Technology Inc. Hub
Bus 002 Device 003: ID 1058:25a2 Western Digital Technologies, Inc. Elements 25A2
Bus 002 Device 004: ID 1058:2626 Western Digital Technologies, Inc. My Passport (WDBPKJ)
Bus 003 Device 001: ID 1d6b:0003 Linux Foundation 3.0 root hub

[2026-09-25 12:43:08 +0530] NVIDIA
2026/09/25 12:43:13.199, NVIDIA GeForce GTX 850M, 470.256.02, 44, 3 %, 1 %, 4046 MiB, 174 MiB, 3872 MiB, [N/A], [N/A], 135 MHz

[2026-09-25 12:43:08 +0530] DRM DEVICES
/sys/class/drm/card2-eDP-1/status = connected
/sys/class/drm/card2-HDMI-A-1/status = connected

[2026-09-25 12:43:08 +0530] FILESYSTEM USAGE
Filesystem     Type      Size  Used Avail Use% Mounted on
tmpfs          tmpfs     1.6G  3.9M  1.6G   1% /run
/dev/sda8      ext4      151G   70G   73G  49% /
tmpfs          tmpfs     7.8G  4.0K  7.8G   1% /dev/shm
tmpfs          tmpfs     5.0M   12K  5.0M   1% /run/lock
efivarfs       efivarfs   84K   71K  8.4K  90% /sys/firmware/efi/efivars
/dev/sda7      ext4      242G  148G   82G  65% /data
/dev/sda6      fuseblk   401G  244G  158G  61% /media/eclipse
/dev/sda2      vfat      256M  130M  127M  51% /boot/efi
tmpfs          tmpfs     1.6G  148K  1.6G   1% /run/user/1000
/dev/sdb1      fuseblk   1.9T  1.5T  352G  82% /media/Elements
/dev/sdc1      fuseblk   1.9T  1.6T  253G  87% /media/My Passport

INODES
Filesystem     Inodes IUsed IFree IUse% Mounted on
tmpfs            2.0M  2.2K  2.0M    1% /run
/dev/sda8        9.7M  932K  8.8M   10% /
tmpfs            2.0M     2  2.0M    1% /dev/shm
tmpfs            2.0M     6  2.0M    1% /run/lock
efivarfs            0     0     0     - /sys/firmware/efi/efivars
/dev/sda7         16M   29K   16M    1% /data
/dev/sda6        158M   84K  158M    1% /media/eclipse
/dev/sda2           0     0     0     - /boot/efi
tmpfs            399K   176  398K    1% /run/user/1000
/dev/sdb1        353M   44K  353M    1% /media/Elements
/dev/sdc1        253M   11K  253M    1% /media/My Passport

[2026-09-25 12:43:08 +0530] NETWORK
lo               UNKNOWN        127.0.0.1/8 ::1/128 
eno1             UP             192.168.0.25/24 fe80::8edc:d4ff:fe78:f161/64 
wlo1             DOWN           
br-mailcow       UP             172.22.1.1/24 fd4d:6169:6c63:6f77::1/64 fe80::bc65:48ff:fede:e496/64 
docker0          DOWN           172.17.0.1/16 fd8e:69cb:d56a::1/64 
veth9fbbc60@if2  UP             fe80::450:bcff:feb7:cbff/64 
veth0e2fd34@if2  UP             fe80::8c8c:bfff:fecf:40c5/64 
veth38102da@if2  UP             fe80::f48c:4fff:fe2b:38a2/64 
veth8466fed@if2  UP             fe80::fc3f:35ff:fea6:320d/64 
vethe9d2033@if2  UP             fe80::f8c0:5fff:fe3d:90db/64 
veth5f6424b@if2  UP             fe80::bc42:cff:fe35:1f0/64 
veth83a1cda@if2  UP             fe80::24ac:62ff:feca:66b0/64 
vethc768e63@if2  UP             fe80::1094:f0ff:fea1:ef7c/64 
veth9fdb391@if2  UP             fe80::f4ef:2aff:fe49:542/64 
veth9bdb2f3@if2  UP             fe80::4046:ccff:fe13:ceda/64 
vethb72fac9@if2  UP             fe80::6c3b:17ff:feb3:a08a/64 
vethd7c4fc0@if2  UP             fe80::3096:e5ff:fe8d:3537/64 
vethbba0caf@if2  UP             fe80::e822:f0ff:fec9:dcdd/64 
veth958a618@if2  UP             fe80::1859:92ff:feeb:d013/64 
vethb92cd49@if2  UP             fe80::c42a:eff:fed4:aa81/64 
veth147cdfe@if2  UP             fe80::d0d6:afff:fe26:b5f2/64 
vethe33c881@if2  UP             fe80::dcd5:daff:fe63:59e7/64 

default via 192.168.0.1 dev eno1 proto dhcp src 192.168.0.25 metric 100 
172.17.0.0/16 dev docker0 proto kernel scope link src 172.17.0.1 linkdown 
172.22.1.0/24 dev br-mailcow proto kernel scope link src 172.22.1.1 
192.168.0.0/24 dev eno1 proto kernel scope link src 192.168.0.25 metric 100 

Total: 970
TCP:   348 (estab 8, closed 306, orphaned 0, timewait 180)

Transport Total     IP        IPv6
RAW	  0         0         0        
UDP	  12        5         7        
TCP	  42        30        12       
INET	  54        35        19       
FRAG	  0         0         0        


[2026-09-25 12:43:08 +0530] FILE DESCRIPTORS
12544	0	9223372036854775807
9223372036854775807

[2026-09-25 12:43:08 +0530] USER SERVICES
  UNIT                                                             LOAD   ACTIVE SUB     DESCRIPTION
  at-spi-dbus-bus.service                                          loaded active running Accessibility services bus
  dbus.service                                                     loaded active running D-Bus User Message Bus
  dconf.service                                                    loaded active running User preferences database
  evolution-addressbook-factory.service                            loaded active running Evolution address book service
  evolution-calendar-factory.service                               loaded active running Evolution calendar service
  evolution-source-registry.service                                loaded active running Evolution source registry
  filter-chain.service                                             loaded active running PipeWire filter chain daemon
  gcr-ssh-agent.service                                            loaded active running GCR ssh-agent wrapper
  gnome-keyring-daemon.service                                     loaded active running GNOME Keyring daemon
  gnome-session-manager@ubuntu.service                             loaded active running GNOME Session Manager (session: ubuntu)
  gnome-session-monitor.service                                    loaded active running Monitor Session leader for GNOME Session
  gnome-terminal-server.service                                    loaded active running GNOME Terminal Server
  gvfs-afc-volume-monitor.service                                  loaded active running Virtual filesystem service - Apple File Conduit monitor
  gvfs-daemon.service                                              loaded active running Virtual filesystem service
  gvfs-goa-volume-monitor.service                                  loaded active running Virtual filesystem service - GNOME Online Accounts monitor
  gvfs-gphoto2-volume-monitor.service                              loaded active running Virtual filesystem service - digital camera monitor
  gvfs-metadata.service                                            loaded active running Virtual filesystem metadata service
  gvfs-mtp-volume-monitor.service                                  loaded active running Virtual filesystem service - Media Transfer Protocol monitor
  gvfs-udisks2-volume-monitor.service                              loaded active running Virtual filesystem service - disk device monitor
  org.freedesktop.IBus.session.GNOME.service                       loaded active running IBus Daemon for GNOME
  org.gnome.SettingsDaemon.A11ySettings.service                    loaded active running GNOME accessibility service
  org.gnome.SettingsDaemon.Color.service                           loaded active running GNOME color management service
  org.gnome.SettingsDaemon.Datetime.service                        loaded active running GNOME date & time service
  org.gnome.SettingsDaemon.Housekeeping.service                    loaded active running GNOME maintenance of expirable data service
  org.gnome.SettingsDaemon.Keyboard.service                        loaded active running GNOME keyboard configuration service
  org.gnome.SettingsDaemon.MediaKeys.service                       loaded active running GNOME keyboard shortcuts service
  org.gnome.SettingsDaemon.PrintNotifications.service              loaded active running GNOME printer notifications service
  org.gnome.SettingsDaemon.Rfkill.service                          loaded active running GNOME RFKill support service
  org.gnome.SettingsDaemon.ScreensaverProxy.service                loaded active running GNOME FreeDesktop screensaver service
  org.gnome.SettingsDaemon.Sharing.service                         loaded active running GNOME file sharing service
  org.gnome.SettingsDaemon.Smartcard.service                       loaded active running GNOME smartcard service
  org.gnome.SettingsDaemon.Sound.service                           loaded active running GNOME sound sample caching service
  org.gnome.SettingsDaemon.Wacom.service                           loaded active running GNOME Wacom tablet support service
  org.gnome.SettingsDaemon.XSettings.service                       loaded active running GNOME XSettings service
  org.gnome.Shell@x11.service                                      loaded active running GNOME Shell on X11
  pipewire-pulse.service                                           loaded active running PipeWire PulseAudio
  pipewire.service                                                 loaded active running PipeWire Multimedia Service
  sandas-server.service                                            loaded active running SANDAS Flask WebSocket Server
  snap.snapd-desktop-integration.snapd-desktop-integration.service loaded active running Service for snap application snapd-desktop-integration.snapd-desktop-integration
  tracker-miner-fs-3.service                                       loaded active running Tracker file system data miner
  wireplumber.service                                              loaded active running Multimedia Service Session Manager
  xdg-desktop-portal-gnome.service                                 loaded active running Portal service (GNOME implementation)
  xdg-desktop-portal-gtk.service                                   loaded active running Portal service (GTK/GNOME implementation)
  xdg-desktop-portal.service                                       loaded active running Portal service
  xdg-document-portal.service                                      loaded active running flatpak document portal service
  xdg-permission-store.service                                     loaded active running sandboxed app permission store

Legend: LOAD   → Reflects whether the unit definition was properly loaded.
        ACTIVE → The high-level unit activation state, i.e. generalization of SUB.
        SUB    → The low-level unit activation state, values depend on unit type.

46 loaded units listed.
2026-09-25 12:44:13 +0530 CHECK=4 LOAD="2.03 5.79 4.37 1/1353 28567" CPU_IOWAIT=60.22% MEM="total=15923MB used=4566MB free=7401MB available=11357MB" SWAP="total=4095MB used=0MB free=4095MB" RUN=1 SLEEP=402 D=0 ZOMBIE=0
[2026-09-25 12:44:16 +0530] EVENT: HIGH I/O WAIT detected: 60.22%
[2026-09-25 12:44:17 +0530] EVENT: Kernel warning/error detected

[2026-09-25 12:44:13 +0530]
Bus 001 Device 001: ID 1d6b:0002 Linux Foundation 2.0 root hub
Bus 001 Device 002: ID 8087:8000 Intel Corp. Integrated Rate Matching Hub
Bus 001 Device 003: ID 04f2:b45e Chicony Electronics Co., Ltd HP Truevision HD
Bus 001 Device 004: ID 138a:0050 Validity Sensors, Inc. Swipe Fingerprint Sensor
Bus 001 Device 005: ID 8087:07dc Intel Corp. Bluetooth wireless interface
Bus 002 Device 001: ID 1d6b:0002 Linux Foundation 2.0 root hub
Bus 002 Device 002: ID 1a40:0101 Terminus Technology Inc. Hub
Bus 002 Device 003: ID 1058:25a2 Western Digital Technologies, Inc. Elements 25A2
Bus 002 Device 004: ID 1058:2626 Western Digital Technologies, Inc. My Passport (WDBPKJ)
Bus 003 Device 001: ID 1d6b:0003 Linux Foundation 3.0 root hub

[2026-09-25 12:44:13 +0530] NVIDIA
2026/09/25 12:44:17.681, NVIDIA GeForce GTX 850M, 470.256.02, 47, 3 %, 1 %, 4046 MiB, 174 MiB, 3872 MiB, [N/A], [N/A], 135 MHz

[2026-09-25 12:44:13 +0530] DRM DEVICES
/sys/class/drm/card2-eDP-1/status = connected
/sys/class/drm/card2-HDMI-A-1/status = connected

[2026-09-25 12:44:13 +0530] FILESYSTEM USAGE
Filesystem     Type      Size  Used Avail Use% Mounted on
tmpfs          tmpfs     1.6G  3.9M  1.6G   1% /run
/dev/sda8      ext4      151G   70G   73G  49% /
tmpfs          tmpfs     7.8G     0  7.8G   0% /dev/shm
tmpfs          tmpfs     5.0M   12K  5.0M   1% /run/lock
efivarfs       efivarfs   84K   71K  8.4K  90% /sys/firmware/efi/efivars
/dev/sda7      ext4      242G  148G   82G  65% /data
/dev/sda6      fuseblk   401G  244G  158G  61% /media/eclipse
/dev/sda2      vfat      256M  130M  127M  51% /boot/efi
tmpfs          tmpfs     1.6G  148K  1.6G   1% /run/user/1000
/dev/sdb1      fuseblk   1.9T  1.5T  352G  82% /media/Elements
/dev/sdc1      fuseblk   1.9T  1.6T  253G  87% /media/My Passport

INODES
Filesystem     Inodes IUsed IFree IUse% Mounted on
tmpfs            2.0M  2.2K  2.0M    1% /run
/dev/sda8        9.7M  932K  8.8M   10% /
tmpfs            2.0M     1  2.0M    1% /dev/shm
tmpfs            2.0M     6  2.0M    1% /run/lock
efivarfs            0     0     0     - /sys/firmware/efi/efivars
/dev/sda7         16M   29K   16M    1% /data
/dev/sda6        158M   84K  158M    1% /media/eclipse
/dev/sda2           0     0     0     - /boot/efi
tmpfs            399K   176  398K    1% /run/user/1000
/dev/sdb1        353M   44K  353M    1% /media/Elements
/dev/sdc1        253M   11K  253M    1% /media/My Passport

[2026-09-25 12:44:13 +0530] NETWORK
lo               UNKNOWN        127.0.0.1/8 ::1/128 
eno1             UP             192.168.0.25/24 fe80::8edc:d4ff:fe78:f161/64 
wlo1             DOWN           
br-mailcow       UP             172.22.1.1/24 fd4d:6169:6c63:6f77::1/64 fe80::bc65:48ff:fede:e496/64 
docker0          DOWN           172.17.0.1/16 fd8e:69cb:d56a::1/64 
veth9fbbc60@if2  UP             fe80::450:bcff:feb7:cbff/64 
veth0e2fd34@if2  UP             fe80::8c8c:bfff:fecf:40c5/64 
veth38102da@if2  UP             fe80::f48c:4fff:fe2b:38a2/64 
veth8466fed@if2  UP             fe80::fc3f:35ff:fea6:320d/64 
vethe9d2033@if2  UP             fe80::f8c0:5fff:fe3d:90db/64 
veth5f6424b@if2  UP             fe80::bc42:cff:fe35:1f0/64 
veth83a1cda@if2  UP             fe80::24ac:62ff:feca:66b0/64 
vethc768e63@if2  UP             fe80::1094:f0ff:fea1:ef7c/64 
veth9fdb391@if2  UP             fe80::f4ef:2aff:fe49:542/64 
veth9bdb2f3@if2  UP             fe80::4046:ccff:fe13:ceda/64 
vethb72fac9@if2  UP             fe80::6c3b:17ff:feb3:a08a/64 
vethd7c4fc0@if2  UP             fe80::3096:e5ff:fe8d:3537/64 
vethbba0caf@if2  UP             fe80::e822:f0ff:fec9:dcdd/64 
veth958a618@if2  UP             fe80::1859:92ff:feeb:d013/64 
vethb92cd49@if2  UP             fe80::c42a:eff:fed4:aa81/64 
veth147cdfe@if2  UP             fe80::d0d6:afff:fe26:b5f2/64 
vethe33c881@if2  UP             fe80::dcd5:daff:fe63:59e7/64 

default via 192.168.0.1 dev eno1 proto dhcp src 192.168.0.25 metric 100 
172.17.0.0/16 dev docker0 proto kernel scope link src 172.17.0.1 linkdown 
172.22.1.0/24 dev br-mailcow proto kernel scope link src 172.22.1.1 
192.168.0.0/24 dev eno1 proto kernel scope link src 192.168.0.25 metric 100 

Total: 966
TCP:   183 (estab 5, closed 144, orphaned 0, timewait 2)

Transport Total     IP        IPv6
RAW	  0         0         0        
UDP	  12        5         7        
TCP	  39        27        12       
INET	  51        32        19       
FRAG	  0         0         0        


[2026-09-25 12:44:13 +0530] FILE DESCRIPTORS
12288	0	9223372036854775807
9223372036854775807

[2026-09-25 12:44:13 +0530] USER SERVICES
  UNIT                                                             LOAD   ACTIVE SUB     DESCRIPTION
  at-spi-dbus-bus.service                                          loaded active running Accessibility services bus
  dbus.service                                                     loaded active running D-Bus User Message Bus
  dconf.service                                                    loaded active running User preferences database
  evolution-addressbook-factory.service                            loaded active running Evolution address book service
  evolution-calendar-factory.service                               loaded active running Evolution calendar service
  evolution-source-registry.service                                loaded active running Evolution source registry
  filter-chain.service                                             loaded active running PipeWire filter chain daemon
  gcr-ssh-agent.service                                            loaded active running GCR ssh-agent wrapper
  gnome-keyring-daemon.service                                     loaded active running GNOME Keyring daemon
  gnome-session-manager@ubuntu.service                             loaded active running GNOME Session Manager (session: ubuntu)
  gnome-session-monitor.service                                    loaded active running Monitor Session leader for GNOME Session
  gnome-terminal-server.service                                    loaded active running GNOME Terminal Server
  gvfs-afc-volume-monitor.service                                  loaded active running Virtual filesystem service - Apple File Conduit monitor
  gvfs-daemon.service                                              loaded active running Virtual filesystem service
  gvfs-goa-volume-monitor.service                                  loaded active running Virtual filesystem service - GNOME Online Accounts monitor
  gvfs-gphoto2-volume-monitor.service                              loaded active running Virtual filesystem service - digital camera monitor
  gvfs-metadata.service                                            loaded active running Virtual filesystem metadata service
  gvfs-mtp-volume-monitor.service                                  loaded active running Virtual filesystem service - Media Transfer Protocol monitor
  gvfs-udisks2-volume-monitor.service                              loaded active running Virtual filesystem service - disk device monitor
  org.freedesktop.IBus.session.GNOME.service                       loaded active running IBus Daemon for GNOME
  org.gnome.SettingsDaemon.A11ySettings.service                    loaded active running GNOME accessibility service
  org.gnome.SettingsDaemon.Color.service                           loaded active running GNOME color management service
  org.gnome.SettingsDaemon.Datetime.service                        loaded active running GNOME date & time service
  org.gnome.SettingsDaemon.Housekeeping.service                    loaded active running GNOME maintenance of expirable data service
  org.gnome.SettingsDaemon.Keyboard.service                        loaded active running GNOME keyboard configuration service
  org.gnome.SettingsDaemon.MediaKeys.service                       loaded active running GNOME keyboard shortcuts service
  org.gnome.SettingsDaemon.PrintNotifications.service              loaded active running GNOME printer notifications service
  org.gnome.SettingsDaemon.Rfkill.service                          loaded active running GNOME RFKill support service
  org.gnome.SettingsDaemon.ScreensaverProxy.service                loaded active running GNOME FreeDesktop screensaver service
  org.gnome.SettingsDaemon.Sharing.service                         loaded active running GNOME file sharing service
  org.gnome.SettingsDaemon.Smartcard.service                       loaded active running GNOME smartcard service
  org.gnome.SettingsDaemon.Sound.service                           loaded active running GNOME sound sample caching service
  org.gnome.SettingsDaemon.Wacom.service                           loaded active running GNOME Wacom tablet support service
  org.gnome.SettingsDaemon.XSettings.service                       loaded active running GNOME XSettings service
  org.gnome.Shell@x11.service                                      loaded active running GNOME Shell on X11
  pipewire-pulse.service                                           loaded active running PipeWire PulseAudio
  pipewire.service                                                 loaded active running PipeWire Multimedia Service
  sandas-server.service                                            loaded active running SANDAS Flask WebSocket Server
  snap.snapd-desktop-integration.snapd-desktop-integration.service loaded active running Service for snap application snapd-desktop-integration.snapd-desktop-integration
  tracker-miner-fs-3.service                                       loaded active running Tracker file system data miner
  wireplumber.service                                              loaded active running Multimedia Service Session Manager
  xdg-desktop-portal-gnome.service                                 loaded active running Portal service (GNOME implementation)
  xdg-desktop-portal-gtk.service                                   loaded active running Portal service (GTK/GNOME implementation)
  xdg-desktop-portal.service                                       loaded active running Portal service
  xdg-document-portal.service                                      loaded active running flatpak document portal service
  xdg-permission-store.service                                     loaded active running sandboxed app permission store

Legend: LOAD   → Reflects whether the unit definition was properly loaded.
        ACTIVE → The high-level unit activation state, i.e. generalization of SUB.
        SUB    → The low-level unit activation state, values depend on unit type.

46 loaded units listed.
2026-09-25 12:45:17 +0530 CHECK=5 LOAD="0.99 4.75 4.10 1/1354 32472" CPU_IOWAIT=55.12% MEM="total=15923MB used=4569MB free=7397MB available=11353MB" SWAP="total=4095MB used=0MB free=4095MB" RUN=1 SLEEP=403 D=0 ZOMBIE=0
[2026-09-25 12:45:21 +0530] EVENT: HIGH I/O WAIT detected: 55.12%
[2026-09-25 12:45:22 +0530] EVENT: Kernel warning/error detected

[2026-09-25 12:45:17 +0530]
Bus 001 Device 001: ID 1d6b:0002 Linux Foundation 2.0 root hub
Bus 001 Device 002: ID 8087:8000 Intel Corp. Integrated Rate Matching Hub
Bus 001 Device 003: ID 04f2:b45e Chicony Electronics Co., Ltd HP Truevision HD
Bus 001 Device 004: ID 138a:0050 Validity Sensors, Inc. Swipe Fingerprint Sensor
Bus 001 Device 005: ID 8087:07dc Intel Corp. Bluetooth wireless interface
Bus 002 Device 001: ID 1d6b:0002 Linux Foundation 2.0 root hub
Bus 002 Device 002: ID 1a40:0101 Terminus Technology Inc. Hub
Bus 002 Device 003: ID 1058:25a2 Western Digital Technologies, Inc. Elements 25A2
Bus 002 Device 004: ID 1058:2626 Western Digital Technologies, Inc. My Passport (WDBPKJ)
Bus 003 Device 001: ID 1d6b:0003 Linux Foundation 3.0 root hub

[2026-09-25 12:45:17 +0530] NVIDIA
2026/09/25 12:45:22.144, NVIDIA GeForce GTX 850M, 470.256.02, 45, 0 %, 0 %, 4046 MiB, 174 MiB, 3872 MiB, [N/A], [N/A], 135 MHz

[2026-09-25 12:45:17 +0530] DRM DEVICES
/sys/class/drm/card2-eDP-1/status = connected
/sys/class/drm/card2-HDMI-A-1/status = connected

[2026-09-25 12:45:17 +0530] FILESYSTEM USAGE
Filesystem     Type      Size  Used Avail Use% Mounted on
tmpfs          tmpfs     1.6G  3.9M  1.6G   1% /run
/dev/sda8      ext4      151G   70G   73G  49% /
tmpfs          tmpfs     7.8G     0  7.8G   0% /dev/shm
tmpfs          tmpfs     5.0M   12K  5.0M   1% /run/lock
efivarfs       efivarfs   84K   71K  8.4K  90% /sys/firmware/efi/efivars
/dev/sda7      ext4      242G  148G   82G  65% /data
/dev/sda6      fuseblk   401G  244G  158G  61% /media/eclipse
/dev/sda2      vfat      256M  130M  127M  51% /boot/efi
tmpfs          tmpfs     1.6G  148K  1.6G   1% /run/user/1000
/dev/sdb1      fuseblk   1.9T  1.5T  352G  82% /media/Elements
/dev/sdc1      fuseblk   1.9T  1.6T  253G  87% /media/My Passport

INODES
Filesystem     Inodes IUsed IFree IUse% Mounted on
tmpfs            2.0M  2.2K  2.0M    1% /run
/dev/sda8        9.7M  932K  8.8M   10% /
tmpfs            2.0M     1  2.0M    1% /dev/shm
tmpfs            2.0M     6  2.0M    1% /run/lock
efivarfs            0     0     0     - /sys/firmware/efi/efivars
/dev/sda7         16M   29K   16M    1% /data
/dev/sda6        158M   84K  158M    1% /media/eclipse
/dev/sda2           0     0     0     - /boot/efi
tmpfs            399K   176  398K    1% /run/user/1000
/dev/sdb1        353M   44K  353M    1% /media/Elements
/dev/sdc1        253M   11K  253M    1% /media/My Passport

[2026-09-25 12:45:17 +0530] NETWORK
lo               UNKNOWN        127.0.0.1/8 ::1/128 
eno1             UP             192.168.0.25/24 fe80::8edc:d4ff:fe78:f161/64 
wlo1             DOWN           
br-mailcow       UP             172.22.1.1/24 fd4d:6169:6c63:6f77::1/64 fe80::bc65:48ff:fede:e496/64 
docker0          DOWN           172.17.0.1/16 fd8e:69cb:d56a::1/64 
veth9fbbc60@if2  UP             fe80::450:bcff:feb7:cbff/64 
veth0e2fd34@if2  UP             fe80::8c8c:bfff:fecf:40c5/64 
veth38102da@if2  UP             fe80::f48c:4fff:fe2b:38a2/64 
veth8466fed@if2  UP             fe80::fc3f:35ff:fea6:320d/64 
vethe9d2033@if2  UP             fe80::f8c0:5fff:fe3d:90db/64 
veth5f6424b@if2  UP             fe80::bc42:cff:fe35:1f0/64 
veth83a1cda@if2  UP             fe80::24ac:62ff:feca:66b0/64 
vethc768e63@if2  UP             fe80::1094:f0ff:fea1:ef7c/64 
veth9fdb391@if2  UP             fe80::f4ef:2aff:fe49:542/64 
veth9bdb2f3@if2  UP             fe80::4046:ccff:fe13:ceda/64 
vethb72fac9@if2  UP             fe80::6c3b:17ff:feb3:a08a/64 
vethd7c4fc0@if2  UP             fe80::3096:e5ff:fe8d:3537/64 
vethbba0caf@if2  UP             fe80::e822:f0ff:fec9:dcdd/64 
veth958a618@if2  UP             fe80::1859:92ff:feeb:d013/64 
vethb92cd49@if2  UP             fe80::c42a:eff:fed4:aa81/64 
veth147cdfe@if2  UP             fe80::d0d6:afff:fe26:b5f2/64 
vethe33c881@if2  UP             fe80::dcd5:daff:fe63:59e7/64 

default via 192.168.0.1 dev eno1 proto dhcp src 192.168.0.25 metric 100 
172.17.0.0/16 dev docker0 proto kernel scope link src 172.17.0.1 linkdown 
172.22.1.0/24 dev br-mailcow proto kernel scope link src 172.22.1.1 
192.168.0.0/24 dev eno1 proto kernel scope link src 192.168.0.25 metric 100 

Total: 966
TCP:   183 (estab 5, closed 144, orphaned 0, timewait 1)

Transport Total     IP        IPv6
RAW	  0         0         0        
UDP	  12        5         7        
TCP	  39        27        12       
INET	  51        32        19       
FRAG	  0         0         0        


[2026-09-25 12:45:17 +0530] FILE DESCRIPTORS
12320	0	9223372036854775807
9223372036854775807

[2026-09-25 12:45:17 +0530] USER SERVICES
  UNIT                                                             LOAD   ACTIVE SUB     DESCRIPTION
  at-spi-dbus-bus.service                                          loaded active running Accessibility services bus
  dbus.service                                                     loaded active running D-Bus User Message Bus
  dconf.service                                                    loaded active running User preferences database
  evolution-addressbook-factory.service                            loaded active running Evolution address book service
  evolution-calendar-factory.service                               loaded active running Evolution calendar service
  evolution-source-registry.service                                loaded active running Evolution source registry
  filter-chain.service                                             loaded active running PipeWire filter chain daemon
  gcr-ssh-agent.service                                            loaded active running GCR ssh-agent wrapper
  gnome-keyring-daemon.service                                     loaded active running GNOME Keyring daemon
  gnome-session-manager@ubuntu.service                             loaded active running GNOME Session Manager (session: ubuntu)
  gnome-session-monitor.service                                    loaded active running Monitor Session leader for GNOME Session
  gnome-terminal-server.service                                    loaded active running GNOME Terminal Server
  gvfs-afc-volume-monitor.service                                  loaded active running Virtual filesystem service - Apple File Conduit monitor
  gvfs-daemon.service                                              loaded active running Virtual filesystem service
  gvfs-goa-volume-monitor.service                                  loaded active running Virtual filesystem service - GNOME Online Accounts monitor
  gvfs-gphoto2-volume-monitor.service                              loaded active running Virtual filesystem service - digital camera monitor
  gvfs-metadata.service                                            loaded active running Virtual filesystem metadata service
  gvfs-mtp-volume-monitor.service                                  loaded active running Virtual filesystem service - Media Transfer Protocol monitor
  gvfs-udisks2-volume-monitor.service                              loaded active running Virtual filesystem service - disk device monitor
  org.freedesktop.IBus.session.GNOME.service                       loaded active running IBus Daemon for GNOME
  org.gnome.SettingsDaemon.A11ySettings.service                    loaded active running GNOME accessibility service
  org.gnome.SettingsDaemon.Color.service                           loaded active running GNOME color management service
  org.gnome.SettingsDaemon.Datetime.service                        loaded active running GNOME date & time service
  org.gnome.SettingsDaemon.Housekeeping.service                    loaded active running GNOME maintenance of expirable data service
  org.gnome.SettingsDaemon.Keyboard.service                        loaded active running GNOME keyboard configuration service
  org.gnome.SettingsDaemon.MediaKeys.service                       loaded active running GNOME keyboard shortcuts service
  org.gnome.SettingsDaemon.PrintNotifications.service              loaded active running GNOME printer notifications service
  org.gnome.SettingsDaemon.Rfkill.service                          loaded active running GNOME RFKill support service
  org.gnome.SettingsDaemon.ScreensaverProxy.service                loaded active running GNOME FreeDesktop screensaver service
  org.gnome.SettingsDaemon.Sharing.service                         loaded active running GNOME file sharing service
  org.gnome.SettingsDaemon.Smartcard.service                       loaded active running GNOME smartcard service
  org.gnome.SettingsDaemon.Sound.service                           loaded active running GNOME sound sample caching service
  org.gnome.SettingsDaemon.Wacom.service                           loaded active running GNOME Wacom tablet support service
  org.gnome.SettingsDaemon.XSettings.service                       loaded active running GNOME XSettings service
  org.gnome.Shell@x11.service                                      loaded active running GNOME Shell on X11
  pipewire-pulse.service                                           loaded active running PipeWire PulseAudio
  pipewire.service                                                 loaded active running PipeWire Multimedia Service
  sandas-server.service                                            loaded active running SANDAS Flask WebSocket Server
  snap.snapd-desktop-integration.snapd-desktop-integration.service loaded active running Service for snap application snapd-desktop-integration.snapd-desktop-integration
  tracker-miner-fs-3.service                                       loaded active running Tracker file system data miner
  wireplumber.service                                              loaded active running Multimedia Service Session Manager
  xdg-desktop-portal-gnome.service                                 loaded active running Portal service (GNOME implementation)
  xdg-desktop-portal-gtk.service                                   loaded active running Portal service (GTK/GNOME implementation)
  xdg-desktop-portal.service                                       loaded active running Portal service
  xdg-document-portal.service                                      loaded active running flatpak document portal service
  xdg-permission-store.service                                     loaded active running sandboxed app permission store

Legend: LOAD   → Reflects whether the unit definition was properly loaded.
        ACTIVE → The high-level unit activation state, i.e. generalization of SUB.
        SUB    → The low-level unit activation state, values depend on unit type.

46 loaded units listed.
2026-09-25 12:46:22 +0530 CHECK=6 LOAD="0.61 3.89 3.85 1/1356 36158" CPU_IOWAIT=50.81% MEM="total=15923MB used=4629MB free=7338MB available=11294MB" SWAP="total=4095MB used=0MB free=4095MB" RUN=1 SLEEP=402 D=0 ZOMBIE=0
[2026-09-25 12:46:25 +0530] EVENT: HIGH I/O WAIT detected: 50.81%
[2026-09-25 12:46:26 +0530] EVENT: Kernel warning/error detected

[2026-09-25 12:46:22 +0530]
Bus 001 Device 001: ID 1d6b:0002 Linux Foundation 2.0 root hub
Bus 001 Device 002: ID 8087:8000 Intel Corp. Integrated Rate Matching Hub
Bus 001 Device 003: ID 04f2:b45e Chicony Electronics Co., Ltd HP Truevision HD
Bus 001 Device 004: ID 138a:0050 Validity Sensors, Inc. Swipe Fingerprint Sensor
Bus 001 Device 005: ID 8087:07dc Intel Corp. Bluetooth wireless interface
Bus 002 Device 001: ID 1d6b:0002 Linux Foundation 2.0 root hub
Bus 002 Device 002: ID 1a40:0101 Terminus Technology Inc. Hub
Bus 002 Device 003: ID 1058:25a2 Western Digital Technologies, Inc. Elements 25A2
Bus 002 Device 004: ID 1058:2626 Western Digital Technologies, Inc. My Passport (WDBPKJ)
Bus 003 Device 001: ID 1d6b:0003 Linux Foundation 3.0 root hub

[2026-09-25 12:46:22 +0530] NVIDIA
2026/09/25 12:46:26.617, NVIDIA GeForce GTX 850M, 470.256.02, 44, 0 %, 0 %, 4046 MiB, 174 MiB, 3872 MiB, [N/A], [N/A], 135 MHz

[2026-09-25 12:46:22 +0530] DRM DEVICES
/sys/class/drm/card2-eDP-1/status = connected
/sys/class/drm/card2-HDMI-A-1/status = connected

[2026-09-25 12:46:22 +0530] FILESYSTEM USAGE
Filesystem     Type      Size  Used Avail Use% Mounted on
tmpfs          tmpfs     1.6G  3.9M  1.6G   1% /run
/dev/sda8      ext4      151G   70G   73G  49% /
tmpfs          tmpfs     7.8G     0  7.8G   0% /dev/shm
tmpfs          tmpfs     5.0M   12K  5.0M   1% /run/lock
efivarfs       efivarfs   84K   71K  8.4K  90% /sys/firmware/efi/efivars
/dev/sda7      ext4      242G  148G   82G  65% /data
/dev/sda6      fuseblk   401G  244G  158G  61% /media/eclipse
/dev/sda2      vfat      256M  130M  127M  51% /boot/efi
tmpfs          tmpfs     1.6G  148K  1.6G   1% /run/user/1000
/dev/sdb1      fuseblk   1.9T  1.5T  352G  82% /media/Elements
/dev/sdc1      fuseblk   1.9T  1.6T  253G  87% /media/My Passport

INODES
Filesystem     Inodes IUsed IFree IUse% Mounted on
tmpfs            2.0M  2.2K  2.0M    1% /run
/dev/sda8        9.7M  932K  8.8M   10% /
tmpfs            2.0M     1  2.0M    1% /dev/shm
tmpfs            2.0M     6  2.0M    1% /run/lock
efivarfs            0     0     0     - /sys/firmware/efi/efivars
/dev/sda7         16M   29K   16M    1% /data
/dev/sda6        158M   84K  158M    1% /media/eclipse
/dev/sda2           0     0     0     - /boot/efi
tmpfs            399K   176  398K    1% /run/user/1000
/dev/sdb1        353M   44K  353M    1% /media/Elements
/dev/sdc1        253M   11K  253M    1% /media/My Passport

[2026-09-25 12:46:22 +0530] NETWORK
lo               UNKNOWN        127.0.0.1/8 ::1/128 
eno1             UP             192.168.0.25/24 fe80::8edc:d4ff:fe78:f161/64 
wlo1             DOWN           
br-mailcow       UP             172.22.1.1/24 fd4d:6169:6c63:6f77::1/64 fe80::bc65:48ff:fede:e496/64 
docker0          DOWN           172.17.0.1/16 fd8e:69cb:d56a::1/64 
veth9fbbc60@if2  UP             fe80::450:bcff:feb7:cbff/64 
veth0e2fd34@if2  UP             fe80::8c8c:bfff:fecf:40c5/64 
veth38102da@if2  UP             fe80::f48c:4fff:fe2b:38a2/64 
veth8466fed@if2  UP             fe80::fc3f:35ff:fea6:320d/64 
vethe9d2033@if2  UP             fe80::f8c0:5fff:fe3d:90db/64 
veth5f6424b@if2  UP             fe80::bc42:cff:fe35:1f0/64 
veth83a1cda@if2  UP             fe80::24ac:62ff:feca:66b0/64 
vethc768e63@if2  UP             fe80::1094:f0ff:fea1:ef7c/64 
veth9fdb391@if2  UP             fe80::f4ef:2aff:fe49:542/64 
veth9bdb2f3@if2  UP             fe80::4046:ccff:fe13:ceda/64 
vethb72fac9@if2  UP             fe80::6c3b:17ff:feb3:a08a/64 
vethd7c4fc0@if2  UP             fe80::3096:e5ff:fe8d:3537/64 
vethbba0caf@if2  UP             fe80::e822:f0ff:fec9:dcdd/64 
veth958a618@if2  UP             fe80::1859:92ff:feeb:d013/64 
vethb92cd49@if2  UP             fe80::c42a:eff:fed4:aa81/64 
veth147cdfe@if2  UP             fe80::d0d6:afff:fe26:b5f2/64 
vethe33c881@if2  UP             fe80::dcd5:daff:fe63:59e7/64 

default via 192.168.0.1 dev eno1 proto dhcp src 192.168.0.25 metric 100 
172.17.0.0/16 dev docker0 proto kernel scope link src 172.17.0.1 linkdown 
172.22.1.0/24 dev br-mailcow proto kernel scope link src 172.22.1.1 
192.168.0.0/24 dev eno1 proto kernel scope link src 192.168.0.25 metric 100 

Total: 966
TCP:   176 (estab 5, closed 137, orphaned 0, timewait 0)

Transport Total     IP        IPv6
RAW	  0         0         0        
UDP	  12        5         7        
TCP	  39        27        12       
INET	  51        32        19       
FRAG	  0         0         0        


[2026-09-25 12:46:22 +0530] FILE DESCRIPTORS
12288	0	9223372036854775807
9223372036854775807

[2026-09-25 12:46:22 +0530] USER SERVICES
  UNIT                                                             LOAD   ACTIVE SUB     DESCRIPTION
  at-spi-dbus-bus.service                                          loaded active running Accessibility services bus
  dbus.service                                                     loaded active running D-Bus User Message Bus
  dconf.service                                                    loaded active running User preferences database
  evolution-addressbook-factory.service                            loaded active running Evolution address book service
  evolution-calendar-factory.service                               loaded active running Evolution calendar service
  evolution-source-registry.service                                loaded active running Evolution source registry
  filter-chain.service                                             loaded active running PipeWire filter chain daemon
  gcr-ssh-agent.service                                            loaded active running GCR ssh-agent wrapper
  gnome-keyring-daemon.service                                     loaded active running GNOME Keyring daemon
  gnome-session-manager@ubuntu.service                             loaded active running GNOME Session Manager (session: ubuntu)
  gnome-session-monitor.service                                    loaded active running Monitor Session leader for GNOME Session
  gnome-terminal-server.service                                    loaded active running GNOME Terminal Server
  gvfs-afc-volume-monitor.service                                  loaded active running Virtual filesystem service - Apple File Conduit monitor
  gvfs-daemon.service                                              loaded active running Virtual filesystem service
  gvfs-goa-volume-monitor.service                                  loaded active running Virtual filesystem service - GNOME Online Accounts monitor
  gvfs-gphoto2-volume-monitor.service                              loaded active running Virtual filesystem service - digital camera monitor
  gvfs-metadata.service                                            loaded active running Virtual filesystem metadata service
  gvfs-mtp-volume-monitor.service                                  loaded active running Virtual filesystem service - Media Transfer Protocol monitor
  gvfs-udisks2-volume-monitor.service                              loaded active running Virtual filesystem service - disk device monitor
  org.freedesktop.IBus.session.GNOME.service                       loaded active running IBus Daemon for GNOME
  org.gnome.SettingsDaemon.A11ySettings.service                    loaded active running GNOME accessibility service
  org.gnome.SettingsDaemon.Color.service                           loaded active running GNOME color management service
  org.gnome.SettingsDaemon.Datetime.service                        loaded active running GNOME date & time service
  org.gnome.SettingsDaemon.Housekeeping.service                    loaded active running GNOME maintenance of expirable data service
  org.gnome.SettingsDaemon.Keyboard.service                        loaded active running GNOME keyboard configuration service
  org.gnome.SettingsDaemon.MediaKeys.service                       loaded active running GNOME keyboard shortcuts service
  org.gnome.SettingsDaemon.PrintNotifications.service              loaded active running GNOME printer notifications service
  org.gnome.SettingsDaemon.Rfkill.service                          loaded active running GNOME RFKill support service
  org.gnome.SettingsDaemon.ScreensaverProxy.service                loaded active running GNOME FreeDesktop screensaver service
  org.gnome.SettingsDaemon.Sharing.service                         loaded active running GNOME file sharing service
  org.gnome.SettingsDaemon.Smartcard.service                       loaded active running GNOME smartcard service
  org.gnome.SettingsDaemon.Sound.service                           loaded active running GNOME sound sample caching service
  org.gnome.SettingsDaemon.Wacom.service                           loaded active running GNOME Wacom tablet support service
  org.gnome.SettingsDaemon.XSettings.service                       loaded active running GNOME XSettings service
  org.gnome.Shell@x11.service                                      loaded active running GNOME Shell on X11
  pipewire-pulse.service                                           loaded active running PipeWire PulseAudio
  pipewire.service                                                 loaded active running PipeWire Multimedia Service
  sandas-server.service                                            loaded active running SANDAS Flask WebSocket Server
  snap.snapd-desktop-integration.snapd-desktop-integration.service loaded active running Service for snap application snapd-desktop-integration.snapd-desktop-integration
  tracker-miner-fs-3.service                                       loaded active running Tracker file system data miner
  wireplumber.service                                              loaded active running Multimedia Service Session Manager
  xdg-desktop-portal-gnome.service                                 loaded active running Portal service (GNOME implementation)
  xdg-desktop-portal-gtk.service                                   loaded active running Portal service (GTK/GNOME implementation)
  xdg-desktop-portal.service                                       loaded active running Portal service
  xdg-document-portal.service                                      loaded active running flatpak document portal service
  xdg-permission-store.service                                     loaded active running sandboxed app permission store

Legend: LOAD   → Reflects whether the unit definition was properly loaded.
        ACTIVE → The high-level unit activation state, i.e. generalization of SUB.
        SUB    → The low-level unit activation state, values depend on unit type.

46 loaded units listed.
2026-09-25 12:47:26 +0530 CHECK=7 LOAD="0.34 3.17 3.60 1/1349 39833" CPU_IOWAIT=47.13% MEM="total=15923MB used=4556MB free=7411MB available=11367MB" SWAP="total=4095MB used=0MB free=4095MB" RUN=1 SLEEP=400 D=0 ZOMBIE=0
[2026-09-25 12:47:29 +0530] EVENT: HIGH I/O WAIT detected: 47.13%
[2026-09-25 12:47:31 +0530] EVENT: Kernel warning/error detected

[2026-09-25 12:47:26 +0530]
Bus 001 Device 001: ID 1d6b:0002 Linux Foundation 2.0 root hub
Bus 001 Device 002: ID 8087:8000 Intel Corp. Integrated Rate Matching Hub
Bus 001 Device 003: ID 04f2:b45e Chicony Electronics Co., Ltd HP Truevision HD
Bus 001 Device 004: ID 138a:0050 Validity Sensors, Inc. Swipe Fingerprint Sensor
Bus 001 Device 005: ID 8087:07dc Intel Corp. Bluetooth wireless interface
Bus 002 Device 001: ID 1d6b:0002 Linux Foundation 2.0 root hub
Bus 002 Device 002: ID 1a40:0101 Terminus Technology Inc. Hub
Bus 002 Device 003: ID 1058:25a2 Western Digital Technologies, Inc. Elements 25A2
Bus 002 Device 004: ID 1058:2626 Western Digital Technologies, Inc. My Passport (WDBPKJ)
Bus 003 Device 001: ID 1d6b:0003 Linux Foundation 3.0 root hub

[2026-09-25 12:47:26 +0530] NVIDIA
2026/09/25 12:47:31.077, NVIDIA GeForce GTX 850M, 470.256.02, 42, 0 %, 0 %, 4046 MiB, 174 MiB, 3872 MiB, [N/A], [N/A], 135 MHz

[2026-09-25 12:47:26 +0530] DRM DEVICES
/sys/class/drm/card2-eDP-1/status = connected
/sys/class/drm/card2-HDMI-A-1/status = connected

[2026-09-25 12:47:26 +0530] FILESYSTEM USAGE
Filesystem     Type      Size  Used Avail Use% Mounted on
tmpfs          tmpfs     1.6G  3.9M  1.6G   1% /run
/dev/sda8      ext4      151G   70G   73G  49% /
tmpfs          tmpfs     7.8G     0  7.8G   0% /dev/shm
tmpfs          tmpfs     5.0M   12K  5.0M   1% /run/lock
efivarfs       efivarfs   84K   71K  8.4K  90% /sys/firmware/efi/efivars
/dev/sda7      ext4      242G  148G   82G  65% /data
/dev/sda6      fuseblk   401G  244G  158G  61% /media/eclipse
/dev/sda2      vfat      256M  130M  127M  51% /boot/efi
tmpfs          tmpfs     1.6G  148K  1.6G   1% /run/user/1000
/dev/sdb1      fuseblk   1.9T  1.5T  352G  82% /media/Elements
/dev/sdc1      fuseblk   1.9T  1.6T  253G  87% /media/My Passport

INODES
Filesystem     Inodes IUsed IFree IUse% Mounted on
tmpfs            2.0M  2.2K  2.0M    1% /run
/dev/sda8        9.7M  932K  8.8M   10% /
tmpfs            2.0M     1  2.0M    1% /dev/shm
tmpfs            2.0M     6  2.0M    1% /run/lock
efivarfs            0     0     0     - /sys/firmware/efi/efivars
/dev/sda7         16M   29K   16M    1% /data
/dev/sda6        158M   84K  158M    1% /media/eclipse
/dev/sda2           0     0     0     - /boot/efi
tmpfs            399K   176  398K    1% /run/user/1000
/dev/sdb1        353M   44K  353M    1% /media/Elements
/dev/sdc1        253M   11K  253M    1% /media/My Passport

[2026-09-25 12:47:26 +0530] NETWORK
lo               UNKNOWN        127.0.0.1/8 ::1/128 
eno1             UP             192.168.0.25/24 fe80::8edc:d4ff:fe78:f161/64 
wlo1             DOWN           
br-mailcow       UP             172.22.1.1/24 fd4d:6169:6c63:6f77::1/64 fe80::bc65:48ff:fede:e496/64 
docker0          DOWN           172.17.0.1/16 fd8e:69cb:d56a::1/64 
veth9fbbc60@if2  UP             fe80::450:bcff:feb7:cbff/64 
veth0e2fd34@if2  UP             fe80::8c8c:bfff:fecf:40c5/64 
veth38102da@if2  UP             fe80::f48c:4fff:fe2b:38a2/64 
veth8466fed@if2  UP             fe80::fc3f:35ff:fea6:320d/64 
vethe9d2033@if2  UP             fe80::f8c0:5fff:fe3d:90db/64 
veth5f6424b@if2  UP             fe80::bc42:cff:fe35:1f0/64 
veth83a1cda@if2  UP             fe80::24ac:62ff:feca:66b0/64 
vethc768e63@if2  UP             fe80::1094:f0ff:fea1:ef7c/64 
veth9fdb391@if2  UP             fe80::f4ef:2aff:fe49:542/64 
veth9bdb2f3@if2  UP             fe80::4046:ccff:fe13:ceda/64 
vethb72fac9@if2  UP             fe80::6c3b:17ff:feb3:a08a/64 
vethd7c4fc0@if2  UP             fe80::3096:e5ff:fe8d:3537/64 
vethbba0caf@if2  UP             fe80::e822:f0ff:fec9:dcdd/64 
veth958a618@if2  UP             fe80::1859:92ff:feeb:d013/64 
vethb92cd49@if2  UP             fe80::c42a:eff:fed4:aa81/64 
veth147cdfe@if2  UP             fe80::d0d6:afff:fe26:b5f2/64 
vethe33c881@if2  UP             fe80::dcd5:daff:fe63:59e7/64 

default via 192.168.0.1 dev eno1 proto dhcp src 192.168.0.25 metric 100 
172.17.0.0/16 dev docker0 proto kernel scope link src 172.17.0.1 linkdown 
172.22.1.0/24 dev br-mailcow proto kernel scope link src 172.22.1.1 
192.168.0.0/24 dev eno1 proto kernel scope link src 192.168.0.25 metric 100 

Total: 959
TCP:   164 (estab 5, closed 125, orphaned 0, timewait 0)

Transport Total     IP        IPv6
RAW	  0         0         0        
UDP	  12        5         7        
TCP	  39        27        12       
INET	  51        32        19       
FRAG	  0         0         0        


[2026-09-25 12:47:26 +0530] FILE DESCRIPTORS
12160	0	9223372036854775807
9223372036854775807

[2026-09-25 12:47:26 +0530] USER SERVICES
  UNIT                                                             LOAD   ACTIVE SUB     DESCRIPTION
  at-spi-dbus-bus.service                                          loaded active running Accessibility services bus
  dbus.service                                                     loaded active running D-Bus User Message Bus
  dconf.service                                                    loaded active running User preferences database
  evolution-addressbook-factory.service                            loaded active running Evolution address book service
  evolution-calendar-factory.service                               loaded active running Evolution calendar service
  evolution-source-registry.service                                loaded active running Evolution source registry
  filter-chain.service                                             loaded active running PipeWire filter chain daemon
  gcr-ssh-agent.service                                            loaded active running GCR ssh-agent wrapper
  gnome-keyring-daemon.service                                     loaded active running GNOME Keyring daemon
  gnome-session-manager@ubuntu.service                             loaded active running GNOME Session Manager (session: ubuntu)
  gnome-session-monitor.service                                    loaded active running Monitor Session leader for GNOME Session
  gnome-terminal-server.service                                    loaded active running GNOME Terminal Server
  gvfs-afc-volume-monitor.service                                  loaded active running Virtual filesystem service - Apple File Conduit monitor
  gvfs-daemon.service                                              loaded active running Virtual filesystem service
  gvfs-goa-volume-monitor.service                                  loaded active running Virtual filesystem service - GNOME Online Accounts monitor
  gvfs-gphoto2-volume-monitor.service                              loaded active running Virtual filesystem service - digital camera monitor
  gvfs-metadata.service                                            loaded active running Virtual filesystem metadata service
  gvfs-mtp-volume-monitor.service                                  loaded active running Virtual filesystem service - Media Transfer Protocol monitor
  gvfs-udisks2-volume-monitor.service                              loaded active running Virtual filesystem service - disk device monitor
  org.freedesktop.IBus.session.GNOME.service                       loaded active running IBus Daemon for GNOME
  org.gnome.SettingsDaemon.A11ySettings.service                    loaded active running GNOME accessibility service
  org.gnome.SettingsDaemon.Color.service                           loaded active running GNOME color management service
  org.gnome.SettingsDaemon.Datetime.service                        loaded active running GNOME date & time service
  org.gnome.SettingsDaemon.Housekeeping.service                    loaded active running GNOME maintenance of expirable data service
  org.gnome.SettingsDaemon.Keyboard.service                        loaded active running GNOME keyboard configuration service
  org.gnome.SettingsDaemon.MediaKeys.service                       loaded active running GNOME keyboard shortcuts service
  org.gnome.SettingsDaemon.PrintNotifications.service              loaded active running GNOME printer notifications service
  org.gnome.SettingsDaemon.Rfkill.service                          loaded active running GNOME RFKill support service
  org.gnome.SettingsDaemon.ScreensaverProxy.service                loaded active running GNOME FreeDesktop screensaver service
  org.gnome.SettingsDaemon.Sharing.service                         loaded active running GNOME file sharing service
  org.gnome.SettingsDaemon.Smartcard.service                       loaded active running GNOME smartcard service
  org.gnome.SettingsDaemon.Sound.service                           loaded active running GNOME sound sample caching service
  org.gnome.SettingsDaemon.Wacom.service                           loaded active running GNOME Wacom tablet support service
  org.gnome.SettingsDaemon.XSettings.service                       loaded active running GNOME XSettings service
  org.gnome.Shell@x11.service                                      loaded active running GNOME Shell on X11
  pipewire-pulse.service                                           loaded active running PipeWire PulseAudio
  pipewire.service                                                 loaded active running PipeWire Multimedia Service
  sandas-server.service                                            loaded active running SANDAS Flask WebSocket Server
  snap.snapd-desktop-integration.snapd-desktop-integration.service loaded active running Service for snap application snapd-desktop-integration.snapd-desktop-integration
  tracker-miner-fs-3.service                                       loaded active running Tracker file system data miner
  wireplumber.service                                              loaded active running Multimedia Service Session Manager
  xdg-desktop-portal-gnome.service                                 loaded active running Portal service (GNOME implementation)
  xdg-desktop-portal-gtk.service                                   loaded active running Portal service (GTK/GNOME implementation)
  xdg-desktop-portal.service                                       loaded active running Portal service
  xdg-document-portal.service                                      loaded active running flatpak document portal service
  xdg-permission-store.service                                     loaded active running sandboxed app permission store

Legend: LOAD   → Reflects whether the unit definition was properly loaded.
        ACTIVE → The high-level unit activation state, i.e. generalization of SUB.
        SUB    → The low-level unit activation state, values depend on unit type.

46 loaded units listed.
2026-09-25 12:48:31 +0530 CHECK=8 LOAD="0.34 2.61 3.37 1/1354 43610" CPU_IOWAIT=43.97% MEM="total=15923MB used=4565MB free=7398MB available=11358MB" SWAP="total=4095MB used=0MB free=4095MB" RUN=1 SLEEP=402 D=0 ZOMBIE=0
[2026-09-25 12:48:34 +0530] EVENT: HIGH I/O WAIT detected: 43.97%
[2026-09-25 12:48:35 +0530] EVENT: Kernel warning/error detected

[2026-09-25 12:48:31 +0530]
Bus 001 Device 001: ID 1d6b:0002 Linux Foundation 2.0 root hub
Bus 001 Device 002: ID 8087:8000 Intel Corp. Integrated Rate Matching Hub
Bus 001 Device 003: ID 04f2:b45e Chicony Electronics Co., Ltd HP Truevision HD
Bus 001 Device 004: ID 138a:0050 Validity Sensors, Inc. Swipe Fingerprint Sensor
Bus 001 Device 005: ID 8087:07dc Intel Corp. Bluetooth wireless interface
Bus 002 Device 001: ID 1d6b:0002 Linux Foundation 2.0 root hub
Bus 002 Device 002: ID 1a40:0101 Terminus Technology Inc. Hub
Bus 002 Device 003: ID 1058:25a2 Western Digital Technologies, Inc. Elements 25A2
Bus 002 Device 004: ID 1058:2626 Western Digital Technologies, Inc. My Passport (WDBPKJ)
Bus 003 Device 001: ID 1d6b:0003 Linux Foundation 3.0 root hub

[2026-09-25 12:48:31 +0530] NVIDIA
2026/09/25 12:48:35.545, NVIDIA GeForce GTX 850M, 470.256.02, 42, 0 %, 0 %, 4046 MiB, 117 MiB, 3929 MiB, [N/A], [N/A], 135 MHz

[2026-09-25 12:48:31 +0530] DRM DEVICES
/sys/class/drm/card2-eDP-1/status = connected
/sys/class/drm/card2-HDMI-A-1/status = connected

[2026-09-25 12:48:31 +0530] FILESYSTEM USAGE
Filesystem     Type      Size  Used Avail Use% Mounted on
tmpfs          tmpfs     1.6G  3.9M  1.6G   1% /run
/dev/sda8      ext4      151G   70G   73G  49% /
tmpfs          tmpfs     7.8G     0  7.8G   0% /dev/shm
tmpfs          tmpfs     5.0M   12K  5.0M   1% /run/lock
efivarfs       efivarfs   84K   71K  8.4K  90% /sys/firmware/efi/efivars
/dev/sda7      ext4      242G  148G   82G  65% /data
/dev/sda6      fuseblk   401G  244G  158G  61% /media/eclipse
/dev/sda2      vfat      256M  130M  127M  51% /boot/efi
tmpfs          tmpfs     1.6G  148K  1.6G   1% /run/user/1000
/dev/sdb1      fuseblk   1.9T  1.5T  352G  82% /media/Elements
/dev/sdc1      fuseblk   1.9T  1.6T  253G  87% /media/My Passport

INODES
Filesystem     Inodes IUsed IFree IUse% Mounted on
tmpfs            2.0M  2.2K  2.0M    1% /run
/dev/sda8        9.7M  932K  8.8M   10% /
tmpfs            2.0M     1  2.0M    1% /dev/shm
tmpfs            2.0M     6  2.0M    1% /run/lock
efivarfs            0     0     0     - /sys/firmware/efi/efivars
/dev/sda7         16M   29K   16M    1% /data
/dev/sda6        158M   84K  158M    1% /media/eclipse
/dev/sda2           0     0     0     - /boot/efi
tmpfs            399K   176  398K    1% /run/user/1000
/dev/sdb1        353M   44K  353M    1% /media/Elements
/dev/sdc1        253M   11K  253M    1% /media/My Passport

[2026-09-25 12:48:31 +0530] NETWORK
lo               UNKNOWN        127.0.0.1/8 ::1/128 
eno1             UP             192.168.0.25/24 fe80::8edc:d4ff:fe78:f161/64 
wlo1             DOWN           
br-mailcow       UP             172.22.1.1/24 fd4d:6169:6c63:6f77::1/64 fe80::bc65:48ff:fede:e496/64 
docker0          DOWN           172.17.0.1/16 fd8e:69cb:d56a::1/64 
veth9fbbc60@if2  UP             fe80::450:bcff:feb7:cbff/64 
veth0e2fd34@if2  UP             fe80::8c8c:bfff:fecf:40c5/64 
veth38102da@if2  UP             fe80::f48c:4fff:fe2b:38a2/64 
veth8466fed@if2  UP             fe80::fc3f:35ff:fea6:320d/64 
vethe9d2033@if2  UP             fe80::f8c0:5fff:fe3d:90db/64 
veth5f6424b@if2  UP             fe80::bc42:cff:fe35:1f0/64 
veth83a1cda@if2  UP             fe80::24ac:62ff:feca:66b0/64 
vethc768e63@if2  UP             fe80::1094:f0ff:fea1:ef7c/64 
veth9fdb391@if2  UP             fe80::f4ef:2aff:fe49:542/64 
veth9bdb2f3@if2  UP             fe80::4046:ccff:fe13:ceda/64 
vethb72fac9@if2  UP             fe80::6c3b:17ff:feb3:a08a/64 
vethd7c4fc0@if2  UP             fe80::3096:e5ff:fe8d:3537/64 
vethbba0caf@if2  UP             fe80::e822:f0ff:fec9:dcdd/64 
veth958a618@if2  UP             fe80::1859:92ff:feeb:d013/64 
vethb92cd49@if2  UP             fe80::c42a:eff:fed4:aa81/64 
veth147cdfe@if2  UP             fe80::d0d6:afff:fe26:b5f2/64 
vethe33c881@if2  UP             fe80::dcd5:daff:fe63:59e7/64 

default via 192.168.0.1 dev eno1 proto dhcp src 192.168.0.25 metric 100 
172.17.0.0/16 dev docker0 proto kernel scope link src 172.17.0.1 linkdown 
172.22.1.0/24 dev br-mailcow proto kernel scope link src 172.22.1.1 
192.168.0.0/24 dev eno1 proto kernel scope link src 192.168.0.25 metric 100 

Total: 959
TCP:   166 (estab 5, closed 127, orphaned 0, timewait 0)

Transport Total     IP        IPv6
RAW	  0         0         0        
UDP	  12        5         7        
TCP	  39        27        12       
INET	  51        32        19       
FRAG	  0         0         0        


[2026-09-25 12:48:31 +0530] FILE DESCRIPTORS
12192	0	9223372036854775807
9223372036854775807

[2026-09-25 12:48:31 +0530] USER SERVICES
  UNIT                                                             LOAD   ACTIVE SUB     DESCRIPTION
  at-spi-dbus-bus.service                                          loaded active running Accessibility services bus
  dbus.service                                                     loaded active running D-Bus User Message Bus
  dconf.service                                                    loaded active running User preferences database
  evolution-addressbook-factory.service                            loaded active running Evolution address book service
  evolution-calendar-factory.service                               loaded active running Evolution calendar service
  evolution-source-registry.service                                loaded active running Evolution source registry
  filter-chain.service                                             loaded active running PipeWire filter chain daemon
  gcr-ssh-agent.service                                            loaded active running GCR ssh-agent wrapper
  gnome-keyring-daemon.service                                     loaded active running GNOME Keyring daemon
  gnome-session-manager@ubuntu.service                             loaded active running GNOME Session Manager (session: ubuntu)
  gnome-session-monitor.service                                    loaded active running Monitor Session leader for GNOME Session
  gnome-terminal-server.service                                    loaded active running GNOME Terminal Server
  gvfs-afc-volume-monitor.service                                  loaded active running Virtual filesystem service - Apple File Conduit monitor
  gvfs-daemon.service                                              loaded active running Virtual filesystem service
  gvfs-goa-volume-monitor.service                                  loaded active running Virtual filesystem service - GNOME Online Accounts monitor
  gvfs-gphoto2-volume-monitor.service                              loaded active running Virtual filesystem service - digital camera monitor
  gvfs-metadata.service                                            loaded active running Virtual filesystem metadata service
  gvfs-mtp-volume-monitor.service                                  loaded active running Virtual filesystem service - Media Transfer Protocol monitor
  gvfs-udisks2-volume-monitor.service                              loaded active running Virtual filesystem service - disk device monitor
  org.freedesktop.IBus.session.GNOME.service                       loaded active running IBus Daemon for GNOME
  org.gnome.SettingsDaemon.A11ySettings.service                    loaded active running GNOME accessibility service
  org.gnome.SettingsDaemon.Color.service                           loaded active running GNOME color management service
  org.gnome.SettingsDaemon.Datetime.service                        loaded active running GNOME date & time service
  org.gnome.SettingsDaemon.Housekeeping.service                    loaded active running GNOME maintenance of expirable data service
  org.gnome.SettingsDaemon.Keyboard.service                        loaded active running GNOME keyboard configuration service
  org.gnome.SettingsDaemon.MediaKeys.service                       loaded active running GNOME keyboard shortcuts service
  org.gnome.SettingsDaemon.PrintNotifications.service              loaded active running GNOME printer notifications service
  org.gnome.SettingsDaemon.Rfkill.service                          loaded active running GNOME RFKill support service
  org.gnome.SettingsDaemon.ScreensaverProxy.service                loaded active running GNOME FreeDesktop screensaver service
  org.gnome.SettingsDaemon.Sharing.service                         loaded active running GNOME file sharing service
  org.gnome.SettingsDaemon.Smartcard.service                       loaded active running GNOME smartcard service
  org.gnome.SettingsDaemon.Sound.service                           loaded active running GNOME sound sample caching service
  org.gnome.SettingsDaemon.Wacom.service                           loaded active running GNOME Wacom tablet support service
  org.gnome.SettingsDaemon.XSettings.service                       loaded active running GNOME XSettings service
  org.gnome.Shell@x11.service                                      loaded active running GNOME Shell on X11
  pipewire-pulse.service                                           loaded active running PipeWire PulseAudio
  pipewire.service                                                 loaded active running PipeWire Multimedia Service
  sandas-server.service                                            loaded active running SANDAS Flask WebSocket Server
  snap.snapd-desktop-integration.snapd-desktop-integration.service loaded active running Service for snap application snapd-desktop-integration.snapd-desktop-integration
  tracker-miner-fs-3.service                                       loaded active running Tracker file system data miner
  wireplumber.service                                              loaded active running Multimedia Service Session Manager
  xdg-desktop-portal-gnome.service                                 loaded active running Portal service (GNOME implementation)
  xdg-desktop-portal-gtk.service                                   loaded active running Portal service (GTK/GNOME implementation)
  xdg-desktop-portal.service                                       loaded active running Portal service
  xdg-document-portal.service                                      loaded active running flatpak document portal service
  xdg-permission-store.service                                     loaded active running sandboxed app permission store

Legend: LOAD   → Reflects whether the unit definition was properly loaded.
        ACTIVE → The high-level unit activation state, i.e. generalization of SUB.
        SUB    → The low-level unit activation state, values depend on unit type.

46 loaded units listed.
2026-09-25 12:49:35 +0530 CHECK=9 LOAD="0.40 2.20 3.18 1/1348 47590" CPU_IOWAIT=41.20% MEM="total=15923MB used=4561MB free=7399MB available=11362MB" SWAP="total=4095MB used=0MB free=4095MB" RUN=1 SLEEP=402 D=0 ZOMBIE=0
[2026-09-25 12:49:38 +0530] EVENT: HIGH I/O WAIT detected: 41.20%
[2026-09-25 12:49:39 +0530] EVENT: Kernel warning/error detected

[2026-09-25 12:49:35 +0530]
Bus 001 Device 001: ID 1d6b:0002 Linux Foundation 2.0 root hub
Bus 001 Device 002: ID 8087:8000 Intel Corp. Integrated Rate Matching Hub
Bus 001 Device 003: ID 04f2:b45e Chicony Electronics Co., Ltd HP Truevision HD
Bus 001 Device 004: ID 138a:0050 Validity Sensors, Inc. Swipe Fingerprint Sensor
Bus 001 Device 005: ID 8087:07dc Intel Corp. Bluetooth wireless interface
Bus 002 Device 001: ID 1d6b:0002 Linux Foundation 2.0 root hub
Bus 002 Device 002: ID 1a40:0101 Terminus Technology Inc. Hub
Bus 002 Device 003: ID 1058:25a2 Western Digital Technologies, Inc. Elements 25A2
Bus 002 Device 004: ID 1058:2626 Western Digital Technologies, Inc. My Passport (WDBPKJ)
Bus 003 Device 001: ID 1d6b:0003 Linux Foundation 3.0 root hub

[2026-09-25 12:49:35 +0530] NVIDIA
2026/09/25 12:49:40.007, NVIDIA GeForce GTX 850M, 470.256.02, 42, 0 %, 0 %, 4046 MiB, 117 MiB, 3929 MiB, [N/A], [N/A], 135 MHz

[2026-09-25 12:49:35 +0530] DRM DEVICES
/sys/class/drm/card2-eDP-1/status = connected
/sys/class/drm/card2-HDMI-A-1/status = connected

[2026-09-25 12:49:35 +0530] FILESYSTEM USAGE
Filesystem     Type      Size  Used Avail Use% Mounted on
tmpfs          tmpfs     1.6G  3.9M  1.6G   1% /run
/dev/sda8      ext4      151G   70G   73G  49% /
tmpfs          tmpfs     7.8G     0  7.8G   0% /dev/shm
tmpfs          tmpfs     5.0M   12K  5.0M   1% /run/lock
efivarfs       efivarfs   84K   71K  8.4K  90% /sys/firmware/efi/efivars
/dev/sda7      ext4      242G  148G   82G  65% /data
/dev/sda6      fuseblk   401G  244G  158G  61% /media/eclipse
/dev/sda2      vfat      256M  130M  127M  51% /boot/efi
tmpfs          tmpfs     1.6G  148K  1.6G   1% /run/user/1000
/dev/sdb1      fuseblk   1.9T  1.5T  352G  82% /media/Elements
/dev/sdc1      fuseblk   1.9T  1.6T  253G  87% /media/My Passport

INODES
Filesystem     Inodes IUsed IFree IUse% Mounted on
tmpfs            2.0M  2.2K  2.0M    1% /run
/dev/sda8        9.7M  932K  8.8M   10% /
tmpfs            2.0M     1  2.0M    1% /dev/shm
tmpfs            2.0M     6  2.0M    1% /run/lock
efivarfs            0     0     0     - /sys/firmware/efi/efivars
/dev/sda7         16M   29K   16M    1% /data
/dev/sda6        158M   84K  158M    1% /media/eclipse
/dev/sda2           0     0     0     - /boot/efi
tmpfs            399K   176  398K    1% /run/user/1000
/dev/sdb1        353M   44K  353M    1% /media/Elements
/dev/sdc1        253M   11K  253M    1% /media/My Passport

[2026-09-25 12:49:35 +0530] NETWORK
lo               UNKNOWN        127.0.0.1/8 ::1/128 
eno1             UP             192.168.0.25/24 fe80::8edc:d4ff:fe78:f161/64 
wlo1             DOWN           
br-mailcow       UP             172.22.1.1/24 fd4d:6169:6c63:6f77::1/64 fe80::bc65:48ff:fede:e496/64 
docker0          DOWN           172.17.0.1/16 fd8e:69cb:d56a::1/64 
veth9fbbc60@if2  UP             fe80::450:bcff:feb7:cbff/64 
veth0e2fd34@if2  UP             fe80::8c8c:bfff:fecf:40c5/64 
veth38102da@if2  UP             fe80::f48c:4fff:fe2b:38a2/64 
veth8466fed@if2  UP             fe80::fc3f:35ff:fea6:320d/64 
vethe9d2033@if2  UP             fe80::f8c0:5fff:fe3d:90db/64 
veth5f6424b@if2  UP             fe80::bc42:cff:fe35:1f0/64 
veth83a1cda@if2  UP             fe80::24ac:62ff:feca:66b0/64 
vethc768e63@if2  UP             fe80::1094:f0ff:fea1:ef7c/64 
veth9fdb391@if2  UP             fe80::f4ef:2aff:fe49:542/64 
veth9bdb2f3@if2  UP             fe80::4046:ccff:fe13:ceda/64 
vethb72fac9@if2  UP             fe80::6c3b:17ff:feb3:a08a/64 
vethd7c4fc0@if2  UP             fe80::3096:e5ff:fe8d:3537/64 
vethbba0caf@if2  UP             fe80::e822:f0ff:fec9:dcdd/64 
veth958a618@if2  UP             fe80::1859:92ff:feeb:d013/64 
vethb92cd49@if2  UP             fe80::c42a:eff:fed4:aa81/64 
veth147cdfe@if2  UP             fe80::d0d6:afff:fe26:b5f2/64 
vethe33c881@if2  UP             fe80::dcd5:daff:fe63:59e7/64 

default via 192.168.0.1 dev eno1 proto dhcp src 192.168.0.25 metric 100 
172.17.0.0/16 dev docker0 proto kernel scope link src 172.17.0.1 linkdown 
172.22.1.0/24 dev br-mailcow proto kernel scope link src 172.22.1.1 
192.168.0.0/24 dev eno1 proto kernel scope link src 192.168.0.25 metric 100 

Total: 960
TCP:   164 (estab 5, closed 125, orphaned 0, timewait 0)

Transport Total     IP        IPv6
RAW	  0         0         0        
UDP	  13        6         7        
TCP	  39        27        12       
INET	  52        33        19       
FRAG	  0         0         0        


[2026-09-25 12:49:35 +0530] FILE DESCRIPTORS
12192	0	9223372036854775807
9223372036854775807

[2026-09-25 12:49:35 +0530] USER SERVICES
  UNIT                                                             LOAD   ACTIVE SUB     DESCRIPTION
  at-spi-dbus-bus.service                                          loaded active running Accessibility services bus
  dbus.service                                                     loaded active running D-Bus User Message Bus
  dconf.service                                                    loaded active running User preferences database
  evolution-addressbook-factory.service                            loaded active running Evolution address book service
  evolution-calendar-factory.service                               loaded active running Evolution calendar service
  evolution-source-registry.service                                loaded active running Evolution source registry
  filter-chain.service                                             loaded active running PipeWire filter chain daemon
  gcr-ssh-agent.service                                            loaded active running GCR ssh-agent wrapper
  gnome-keyring-daemon.service                                     loaded active running GNOME Keyring daemon
  gnome-session-manager@ubuntu.service                             loaded active running GNOME Session Manager (session: ubuntu)
  gnome-session-monitor.service                                    loaded active running Monitor Session leader for GNOME Session
  gnome-terminal-server.service                                    loaded active running GNOME Terminal Server
  gvfs-afc-volume-monitor.service                                  loaded active running Virtual filesystem service - Apple File Conduit monitor
  gvfs-daemon.service                                              loaded active running Virtual filesystem service
  gvfs-goa-volume-monitor.service                                  loaded active running Virtual filesystem service - GNOME Online Accounts monitor
  gvfs-gphoto2-volume-monitor.service                              loaded active running Virtual filesystem service - digital camera monitor
  gvfs-metadata.service                                            loaded active running Virtual filesystem metadata service
  gvfs-mtp-volume-monitor.service                                  loaded active running Virtual filesystem service - Media Transfer Protocol monitor
  gvfs-udisks2-volume-monitor.service                              loaded active running Virtual filesystem service - disk device monitor
  org.freedesktop.IBus.session.GNOME.service                       loaded active running IBus Daemon for GNOME
  org.gnome.SettingsDaemon.A11ySettings.service                    loaded active running GNOME accessibility service
  org.gnome.SettingsDaemon.Color.service                           loaded active running GNOME color management service
  org.gnome.SettingsDaemon.Datetime.service                        loaded active running GNOME date & time service
  org.gnome.SettingsDaemon.Housekeeping.service                    loaded active running GNOME maintenance of expirable data service
  org.gnome.SettingsDaemon.Keyboard.service                        loaded active running GNOME keyboard configuration service
  org.gnome.SettingsDaemon.MediaKeys.service                       loaded active running GNOME keyboard shortcuts service
  org.gnome.SettingsDaemon.PrintNotifications.service              loaded active running GNOME printer notifications service
  org.gnome.SettingsDaemon.Rfkill.service                          loaded active running GNOME RFKill support service
  org.gnome.SettingsDaemon.ScreensaverProxy.service                loaded active running GNOME FreeDesktop screensaver service
  org.gnome.SettingsDaemon.Sharing.service                         loaded active running GNOME file sharing service
  org.gnome.SettingsDaemon.Smartcard.service                       loaded active running GNOME smartcard service
  org.gnome.SettingsDaemon.Sound.service                           loaded active running GNOME sound sample caching service
  org.gnome.SettingsDaemon.Wacom.service                           loaded active running GNOME Wacom tablet support service
  org.gnome.SettingsDaemon.XSettings.service                       loaded active running GNOME XSettings service
  org.gnome.Shell@x11.service                                      loaded active running GNOME Shell on X11
  pipewire-pulse.service                                           loaded active running PipeWire PulseAudio
  pipewire.service                                                 loaded active running PipeWire Multimedia Service
  sandas-server.service                                            loaded active running SANDAS Flask WebSocket Server
  snap.snapd-desktop-integration.snapd-desktop-integration.service loaded active running Service for snap application snapd-desktop-integration.snapd-desktop-integration
  tracker-miner-fs-3.service                                       loaded active running Tracker file system data miner
  wireplumber.service                                              loaded active running Multimedia Service Session Manager
  xdg-desktop-portal-gnome.service                                 loaded active running Portal service (GNOME implementation)
  xdg-desktop-portal-gtk.service                                   loaded active running Portal service (GTK/GNOME implementation)
  xdg-desktop-portal.service                                       loaded active running Portal service
  xdg-document-portal.service                                      loaded active running flatpak document portal service
  xdg-permission-store.service                                     loaded active running sandboxed app permission store

Legend: LOAD   → Reflects whether the unit definition was properly loaded.
        ACTIVE → The high-level unit activation state, i.e. generalization of SUB.
        SUB    → The low-level unit activation state, values depend on unit type.

46 loaded units listed.
2026-09-25 12:50:40 +0530 CHECK=10 LOAD="0.43 1.87 3.00 3/1353 51383" CPU_IOWAIT=38.85% MEM="total=15923MB used=4555MB free=7403MB available=11368MB" SWAP="total=4095MB used=0MB free=4095MB" RUN=1 SLEEP=402 D=0 ZOMBIE=0
[2026-09-25 12:50:43 +0530] EVENT: HIGH I/O WAIT detected: 38.85%
[2026-09-25 12:50:44 +0530] EVENT: Kernel warning/error detected

[2026-09-25 12:50:40 +0530]
Bus 001 Device 001: ID 1d6b:0002 Linux Foundation 2.0 root hub
Bus 001 Device 002: ID 8087:8000 Intel Corp. Integrated Rate Matching Hub
Bus 001 Device 003: ID 04f2:b45e Chicony Electronics Co., Ltd HP Truevision HD
Bus 001 Device 004: ID 138a:0050 Validity Sensors, Inc. Swipe Fingerprint Sensor
Bus 001 Device 005: ID 8087:07dc Intel Corp. Bluetooth wireless interface
Bus 002 Device 001: ID 1d6b:0002 Linux Foundation 2.0 root hub
Bus 002 Device 002: ID 1a40:0101 Terminus Technology Inc. Hub
Bus 002 Device 003: ID 1058:25a2 Western Digital Technologies, Inc. Elements 25A2
Bus 002 Device 004: ID 1058:2626 Western Digital Technologies, Inc. My Passport (WDBPKJ)
Bus 003 Device 001: ID 1d6b:0003 Linux Foundation 3.0 root hub

[2026-09-25 12:50:40 +0530] NVIDIA
2026/09/25 12:50:44.473, NVIDIA GeForce GTX 850M, 470.256.02, 42, 4 %, 2 %, 4046 MiB, 117 MiB, 3929 MiB, [N/A], [N/A], 135 MHz

[2026-09-25 12:50:40 +0530] DRM DEVICES
/sys/class/drm/card2-eDP-1/status = connected
/sys/class/drm/card2-HDMI-A-1/status = connected

[2026-09-25 12:50:40 +0530] FILESYSTEM USAGE
Filesystem     Type      Size  Used Avail Use% Mounted on
tmpfs          tmpfs     1.6G  3.9M  1.6G   1% /run
/dev/sda8      ext4      151G   70G   73G  49% /
tmpfs          tmpfs     7.8G     0  7.8G   0% /dev/shm
tmpfs          tmpfs     5.0M   12K  5.0M   1% /run/lock
efivarfs       efivarfs   84K   71K  8.4K  90% /sys/firmware/efi/efivars
/dev/sda7      ext4      242G  148G   82G  65% /data
/dev/sda6      fuseblk   401G  244G  158G  61% /media/eclipse
/dev/sda2      vfat      256M  130M  127M  51% /boot/efi
tmpfs          tmpfs     1.6G  148K  1.6G   1% /run/user/1000
/dev/sdb1      fuseblk   1.9T  1.5T  352G  82% /media/Elements
/dev/sdc1      fuseblk   1.9T  1.6T  253G  87% /media/My Passport

INODES
Filesystem     Inodes IUsed IFree IUse% Mounted on
tmpfs            2.0M  2.2K  2.0M    1% /run
/dev/sda8        9.7M  932K  8.8M   10% /
tmpfs            2.0M     1  2.0M    1% /dev/shm
tmpfs            2.0M     6  2.0M    1% /run/lock
efivarfs            0     0     0     - /sys/firmware/efi/efivars
/dev/sda7         16M   29K   16M    1% /data
/dev/sda6        158M   84K  158M    1% /media/eclipse
/dev/sda2           0     0     0     - /boot/efi
tmpfs            399K   176  398K    1% /run/user/1000
/dev/sdb1        353M   44K  353M    1% /media/Elements
/dev/sdc1        253M   11K  253M    1% /media/My Passport

[2026-09-25 12:50:40 +0530] NETWORK
lo               UNKNOWN        127.0.0.1/8 ::1/128 
eno1             UP             192.168.0.25/24 fe80::8edc:d4ff:fe78:f161/64 
wlo1             DOWN           
br-mailcow       UP             172.22.1.1/24 fd4d:6169:6c63:6f77::1/64 fe80::bc65:48ff:fede:e496/64 
docker0          DOWN           172.17.0.1/16 fd8e:69cb:d56a::1/64 
veth9fbbc60@if2  UP             fe80::450:bcff:feb7:cbff/64 
veth0e2fd34@if2  UP             fe80::8c8c:bfff:fecf:40c5/64 
veth38102da@if2  UP             fe80::f48c:4fff:fe2b:38a2/64 
veth8466fed@if2  UP             fe80::fc3f:35ff:fea6:320d/64 
vethe9d2033@if2  UP             fe80::f8c0:5fff:fe3d:90db/64 
veth5f6424b@if2  UP             fe80::bc42:cff:fe35:1f0/64 
veth83a1cda@if2  UP             fe80::24ac:62ff:feca:66b0/64 
vethc768e63@if2  UP             fe80::1094:f0ff:fea1:ef7c/64 
veth9fdb391@if2  UP             fe80::f4ef:2aff:fe49:542/64 
veth9bdb2f3@if2  UP             fe80::4046:ccff:fe13:ceda/64 
vethb72fac9@if2  UP             fe80::6c3b:17ff:feb3:a08a/64 
vethd7c4fc0@if2  UP             fe80::3096:e5ff:fe8d:3537/64 
vethbba0caf@if2  UP             fe80::e822:f0ff:fec9:dcdd/64 
veth958a618@if2  UP             fe80::1859:92ff:feeb:d013/64 
vethb92cd49@if2  UP             fe80::c42a:eff:fed4:aa81/64 
veth147cdfe@if2  UP             fe80::d0d6:afff:fe26:b5f2/64 
vethe33c881@if2  UP             fe80::dcd5:daff:fe63:59e7/64 

default via 192.168.0.1 dev eno1 proto dhcp src 192.168.0.25 metric 100 
172.17.0.0/16 dev docker0 proto kernel scope link src 172.17.0.1 linkdown 
172.22.1.0/24 dev br-mailcow proto kernel scope link src 172.22.1.1 
192.168.0.0/24 dev eno1 proto kernel scope link src 192.168.0.25 metric 100 

Total: 959
TCP:   164 (estab 5, closed 125, orphaned 0, timewait 0)

Transport Total     IP        IPv6
RAW	  0         0         0        
UDP	  12        5         7        
TCP	  39        27        12       
INET	  51        32        19       
FRAG	  0         0         0        


[2026-09-25 12:50:40 +0530] FILE DESCRIPTORS
12160	0	9223372036854775807
9223372036854775807

[2026-09-25 12:50:40 +0530] USER SERVICES
  UNIT                                                             LOAD   ACTIVE SUB     DESCRIPTION
  at-spi-dbus-bus.service                                          loaded active running Accessibility services bus
  dbus.service                                                     loaded active running D-Bus User Message Bus
  dconf.service                                                    loaded active running User preferences database
  evolution-addressbook-factory.service                            loaded active running Evolution address book service
  evolution-calendar-factory.service                               loaded active running Evolution calendar service
  evolution-source-registry.service                                loaded active running Evolution source registry
  filter-chain.service                                             loaded active running PipeWire filter chain daemon
  gcr-ssh-agent.service                                            loaded active running GCR ssh-agent wrapper
  gnome-keyring-daemon.service                                     loaded active running GNOME Keyring daemon
  gnome-session-manager@ubuntu.service                             loaded active running GNOME Session Manager (session: ubuntu)
  gnome-session-monitor.service                                    loaded active running Monitor Session leader for GNOME Session
  gnome-terminal-server.service                                    loaded active running GNOME Terminal Server
  gvfs-afc-volume-monitor.service                                  loaded active running Virtual filesystem service - Apple File Conduit monitor
  gvfs-daemon.service                                              loaded active running Virtual filesystem service
  gvfs-goa-volume-monitor.service                                  loaded active running Virtual filesystem service - GNOME Online Accounts monitor
  gvfs-gphoto2-volume-monitor.service                              loaded active running Virtual filesystem service - digital camera monitor
  gvfs-metadata.service                                            loaded active running Virtual filesystem metadata service
  gvfs-mtp-volume-monitor.service                                  loaded active running Virtual filesystem service - Media Transfer Protocol monitor
  gvfs-udisks2-volume-monitor.service                              loaded active running Virtual filesystem service - disk device monitor
  org.freedesktop.IBus.session.GNOME.service                       loaded active running IBus Daemon for GNOME
  org.gnome.SettingsDaemon.A11ySettings.service                    loaded active running GNOME accessibility service
  org.gnome.SettingsDaemon.Color.service                           loaded active running GNOME color management service
  org.gnome.SettingsDaemon.Datetime.service                        loaded active running GNOME date & time service
  org.gnome.SettingsDaemon.Housekeeping.service                    loaded active running GNOME maintenance of expirable data service
  org.gnome.SettingsDaemon.Keyboard.service                        loaded active running GNOME keyboard configuration service
  org.gnome.SettingsDaemon.MediaKeys.service                       loaded active running GNOME keyboard shortcuts service
  org.gnome.SettingsDaemon.PrintNotifications.service              loaded active running GNOME printer notifications service
  org.gnome.SettingsDaemon.Rfkill.service                          loaded active running GNOME RFKill support service
  org.gnome.SettingsDaemon.ScreensaverProxy.service                loaded active running GNOME FreeDesktop screensaver service
  org.gnome.SettingsDaemon.Sharing.service                         loaded active running GNOME file sharing service
  org.gnome.SettingsDaemon.Smartcard.service                       loaded active running GNOME smartcard service
  org.gnome.SettingsDaemon.Sound.service                           loaded active running GNOME sound sample caching service
  org.gnome.SettingsDaemon.Wacom.service                           loaded active running GNOME Wacom tablet support service
  org.gnome.SettingsDaemon.XSettings.service                       loaded active running GNOME XSettings service
  org.gnome.Shell@x11.service                                      loaded active running GNOME Shell on X11
  pipewire-pulse.service                                           loaded active running PipeWire PulseAudio
  pipewire.service                                                 loaded active running PipeWire Multimedia Service
  sandas-server.service                                            loaded active running SANDAS Flask WebSocket Server
  snap.snapd-desktop-integration.snapd-desktop-integration.service loaded active running Service for snap application snapd-desktop-integration.snapd-desktop-integration
  tracker-miner-fs-3.service                                       loaded active running Tracker file system data miner
  wireplumber.service                                              loaded active running Multimedia Service Session Manager
  xdg-desktop-portal-gnome.service                                 loaded active running Portal service (GNOME implementation)
  xdg-desktop-portal-gtk.service                                   loaded active running Portal service (GTK/GNOME implementation)
  xdg-desktop-portal.service                                       loaded active running Portal service
  xdg-document-portal.service                                      loaded active running flatpak document portal service
  xdg-permission-store.service                                     loaded active running sandboxed app permission store

Legend: LOAD   → Reflects whether the unit definition was properly loaded.
        ACTIVE → The high-level unit activation state, i.e. generalization of SUB.
        SUB    → The low-level unit activation state, values depend on unit type.

46 loaded units listed.
2026-09-25 12:51:44 +0530 CHECK=11 LOAD="0.34 1.55 2.81 1/1352 55037" CPU_IOWAIT=36.67% MEM="total=15923MB used=4561MB free=7397MB available=11362MB" SWAP="total=4095MB used=0MB free=4095MB" RUN=1 SLEEP=401 D=0 ZOMBIE=0
[2026-09-25 12:51:47 +0530] EVENT: HIGH I/O WAIT detected: 36.67%
[2026-09-25 12:51:48 +0530] EVENT: Kernel warning/error detected

[2026-09-25 12:51:44 +0530]
Bus 001 Device 001: ID 1d6b:0002 Linux Foundation 2.0 root hub
Bus 001 Device 002: ID 8087:8000 Intel Corp. Integrated Rate Matching Hub
Bus 001 Device 003: ID 04f2:b45e Chicony Electronics Co., Ltd HP Truevision HD
Bus 001 Device 004: ID 138a:0050 Validity Sensors, Inc. Swipe Fingerprint Sensor
Bus 001 Device 005: ID 8087:07dc Intel Corp. Bluetooth wireless interface
Bus 002 Device 001: ID 1d6b:0002 Linux Foundation 2.0 root hub
Bus 002 Device 002: ID 1a40:0101 Terminus Technology Inc. Hub
Bus 002 Device 003: ID 1058:25a2 Western Digital Technologies, Inc. Elements 25A2
Bus 002 Device 004: ID 1058:2626 Western Digital Technologies, Inc. My Passport (WDBPKJ)
Bus 003 Device 001: ID 1d6b:0003 Linux Foundation 3.0 root hub

[2026-09-25 12:51:44 +0530] NVIDIA
2026/09/25 12:51:48.936, NVIDIA GeForce GTX 850M, 470.256.02, 42, 9 %, 3 %, 4046 MiB, 117 MiB, 3929 MiB, [N/A], [N/A], 135 MHz

[2026-09-25 12:51:44 +0530] DRM DEVICES
/sys/class/drm/card2-eDP-1/status = connected
/sys/class/drm/card2-HDMI-A-1/status = connected

[2026-09-25 12:51:44 +0530] FILESYSTEM USAGE
Filesystem     Type      Size  Used Avail Use% Mounted on
tmpfs          tmpfs     1.6G  3.9M  1.6G   1% /run
/dev/sda8      ext4      151G   70G   73G  49% /
tmpfs          tmpfs     7.8G     0  7.8G   0% /dev/shm
tmpfs          tmpfs     5.0M   12K  5.0M   1% /run/lock
efivarfs       efivarfs   84K   71K  8.4K  90% /sys/firmware/efi/efivars
/dev/sda7      ext4      242G  148G   82G  65% /data
/dev/sda6      fuseblk   401G  244G  158G  61% /media/eclipse
/dev/sda2      vfat      256M  130M  127M  51% /boot/efi
tmpfs          tmpfs     1.6G  148K  1.6G   1% /run/user/1000
/dev/sdb1      fuseblk   1.9T  1.5T  352G  82% /media/Elements
/dev/sdc1      fuseblk   1.9T  1.6T  253G  87% /media/My Passport

INODES
Filesystem     Inodes IUsed IFree IUse% Mounted on
tmpfs            2.0M  2.2K  2.0M    1% /run
/dev/sda8        9.7M  932K  8.8M   10% /
tmpfs            2.0M     1  2.0M    1% /dev/shm
tmpfs            2.0M     6  2.0M    1% /run/lock
efivarfs            0     0     0     - /sys/firmware/efi/efivars
/dev/sda7         16M   29K   16M    1% /data
/dev/sda6        158M   84K  158M    1% /media/eclipse
/dev/sda2           0     0     0     - /boot/efi
tmpfs            399K   176  398K    1% /run/user/1000
/dev/sdb1        353M   44K  353M    1% /media/Elements
/dev/sdc1        253M   11K  253M    1% /media/My Passport

[2026-09-25 12:51:44 +0530] NETWORK
lo               UNKNOWN        127.0.0.1/8 ::1/128 
eno1             UP             192.168.0.25/24 fe80::8edc:d4ff:fe78:f161/64 
wlo1             DOWN           
br-mailcow       UP             172.22.1.1/24 fd4d:6169:6c63:6f77::1/64 fe80::bc65:48ff:fede:e496/64 
docker0          DOWN           172.17.0.1/16 fd8e:69cb:d56a::1/64 
veth9fbbc60@if2  UP             fe80::450:bcff:feb7:cbff/64 
veth0e2fd34@if2  UP             fe80::8c8c:bfff:fecf:40c5/64 
veth38102da@if2  UP             fe80::f48c:4fff:fe2b:38a2/64 
veth8466fed@if2  UP             fe80::fc3f:35ff:fea6:320d/64 
vethe9d2033@if2  UP             fe80::f8c0:5fff:fe3d:90db/64 
veth5f6424b@if2  UP             fe80::bc42:cff:fe35:1f0/64 
veth83a1cda@if2  UP             fe80::24ac:62ff:feca:66b0/64 
vethc768e63@if2  UP             fe80::1094:f0ff:fea1:ef7c/64 
veth9fdb391@if2  UP             fe80::f4ef:2aff:fe49:542/64 
veth9bdb2f3@if2  UP             fe80::4046:ccff:fe13:ceda/64 
vethb72fac9@if2  UP             fe80::6c3b:17ff:feb3:a08a/64 
vethd7c4fc0@if2  UP             fe80::3096:e5ff:fe8d:3537/64 
vethbba0caf@if2  UP             fe80::e822:f0ff:fec9:dcdd/64 
veth958a618@if2  UP             fe80::1859:92ff:feeb:d013/64 
vethb92cd49@if2  UP             fe80::c42a:eff:fed4:aa81/64 
veth147cdfe@if2  UP             fe80::d0d6:afff:fe26:b5f2/64 
vethe33c881@if2  UP             fe80::dcd5:daff:fe63:59e7/64 

default via 192.168.0.1 dev eno1 proto dhcp src 192.168.0.25 metric 100 
172.17.0.0/16 dev docker0 proto kernel scope link src 172.17.0.1 linkdown 
172.22.1.0/24 dev br-mailcow proto kernel scope link src 172.22.1.1 
192.168.0.0/24 dev eno1 proto kernel scope link src 192.168.0.25 metric 100 

Total: 959
TCP:   172 (estab 5, closed 133, orphaned 0, timewait 0)

Transport Total     IP        IPv6
RAW	  0         0         0        
UDP	  12        5         7        
TCP	  39        27        12       
INET	  51        32        19       
FRAG	  0         0         0        


[2026-09-25 12:51:44 +0530] FILE DESCRIPTORS
12128	0	9223372036854775807
9223372036854775807

[2026-09-25 12:51:44 +0530] USER SERVICES
  UNIT                                                             LOAD   ACTIVE SUB     DESCRIPTION
  at-spi-dbus-bus.service                                          loaded active running Accessibility services bus
  dbus.service                                                     loaded active running D-Bus User Message Bus
  dconf.service                                                    loaded active running User preferences database
  evolution-addressbook-factory.service                            loaded active running Evolution address book service
  evolution-calendar-factory.service                               loaded active running Evolution calendar service
  evolution-source-registry.service                                loaded active running Evolution source registry
  filter-chain.service                                             loaded active running PipeWire filter chain daemon
  gcr-ssh-agent.service                                            loaded active running GCR ssh-agent wrapper
  gnome-keyring-daemon.service                                     loaded active running GNOME Keyring daemon
  gnome-session-manager@ubuntu.service                             loaded active running GNOME Session Manager (session: ubuntu)
  gnome-session-monitor.service                                    loaded active running Monitor Session leader for GNOME Session
  gnome-terminal-server.service                                    loaded active running GNOME Terminal Server
  gvfs-afc-volume-monitor.service                                  loaded active running Virtual filesystem service - Apple File Conduit monitor
  gvfs-daemon.service                                              loaded active running Virtual filesystem service
  gvfs-goa-volume-monitor.service                                  loaded active running Virtual filesystem service - GNOME Online Accounts monitor
  gvfs-gphoto2-volume-monitor.service                              loaded active running Virtual filesystem service - digital camera monitor
  gvfs-metadata.service                                            loaded active running Virtual filesystem metadata service
  gvfs-mtp-volume-monitor.service                                  loaded active running Virtual filesystem service - Media Transfer Protocol monitor
  gvfs-udisks2-volume-monitor.service                              loaded active running Virtual filesystem service - disk device monitor
  org.freedesktop.IBus.session.GNOME.service                       loaded active running IBus Daemon for GNOME
  org.gnome.SettingsDaemon.A11ySettings.service                    loaded active running GNOME accessibility service
  org.gnome.SettingsDaemon.Color.service                           loaded active running GNOME color management service
  org.gnome.SettingsDaemon.Datetime.service                        loaded active running GNOME date & time service
  org.gnome.SettingsDaemon.Housekeeping.service                    loaded active running GNOME maintenance of expirable data service
  org.gnome.SettingsDaemon.Keyboard.service                        loaded active running GNOME keyboard configuration service
  org.gnome.SettingsDaemon.MediaKeys.service                       loaded active running GNOME keyboard shortcuts service
  org.gnome.SettingsDaemon.PrintNotifications.service              loaded active running GNOME printer notifications service
  org.gnome.SettingsDaemon.Rfkill.service                          loaded active running GNOME RFKill support service
  org.gnome.SettingsDaemon.ScreensaverProxy.service                loaded active running GNOME FreeDesktop screensaver service
  org.gnome.SettingsDaemon.Sharing.service                         loaded active running GNOME file sharing service
  org.gnome.SettingsDaemon.Smartcard.service                       loaded active running GNOME smartcard service
  org.gnome.SettingsDaemon.Sound.service                           loaded active running GNOME sound sample caching service
  org.gnome.SettingsDaemon.Wacom.service                           loaded active running GNOME Wacom tablet support service
  org.gnome.SettingsDaemon.XSettings.service                       loaded active running GNOME XSettings service
  org.gnome.Shell@x11.service                                      loaded active running GNOME Shell on X11
  pipewire-pulse.service                                           loaded active running PipeWire PulseAudio
  pipewire.service                                                 loaded active running PipeWire Multimedia Service
  sandas-server.service                                            loaded active running SANDAS Flask WebSocket Server
  snap.snapd-desktop-integration.snapd-desktop-integration.service loaded active running Service for snap application snapd-desktop-integration.snapd-desktop-integration
  tracker-miner-fs-3.service                                       loaded active running Tracker file system data miner
  wireplumber.service                                              loaded active running Multimedia Service Session Manager
  xdg-desktop-portal-gnome.service                                 loaded active running Portal service (GNOME implementation)
  xdg-desktop-portal-gtk.service                                   loaded active running Portal service (GTK/GNOME implementation)
  xdg-desktop-portal.service                                       loaded active running Portal service
  xdg-document-portal.service                                      loaded active running flatpak document portal service
  xdg-permission-store.service                                     loaded active running sandboxed app permission store

Legend: LOAD   → Reflects whether the unit definition was properly loaded.
        ACTIVE → The high-level unit activation state, i.e. generalization of SUB.
        SUB    → The low-level unit activation state, values depend on unit type.

46 loaded units listed.
2026-09-25 12:52:48 +0530 CHECK=12 LOAD="0.26 1.29 2.63 1/1350 58675" CPU_IOWAIT=34.73% MEM="total=15923MB used=4552MB free=7406MB available=11371MB" SWAP="total=4095MB used=0MB free=4095MB" RUN=1 SLEEP=402 D=0 ZOMBIE=0
[2026-09-25 12:52:52 +0530] EVENT: HIGH I/O WAIT detected: 34.73%
[2026-09-25 12:52:53 +0530] EVENT: Kernel warning/error detected

[2026-09-25 12:52:48 +0530]
Bus 001 Device 001: ID 1d6b:0002 Linux Foundation 2.0 root hub
Bus 001 Device 002: ID 8087:8000 Intel Corp. Integrated Rate Matching Hub
Bus 001 Device 003: ID 04f2:b45e Chicony Electronics Co., Ltd HP Truevision HD
Bus 001 Device 004: ID 138a:0050 Validity Sensors, Inc. Swipe Fingerprint Sensor
Bus 001 Device 005: ID 8087:07dc Intel Corp. Bluetooth wireless interface
Bus 002 Device 001: ID 1d6b:0002 Linux Foundation 2.0 root hub
Bus 002 Device 002: ID 1a40:0101 Terminus Technology Inc. Hub
Bus 002 Device 003: ID 1058:25a2 Western Digital Technologies, Inc. Elements 25A2
Bus 002 Device 004: ID 1058:2626 Western Digital Technologies, Inc. My Passport (WDBPKJ)
Bus 003 Device 001: ID 1d6b:0003 Linux Foundation 3.0 root hub

[2026-09-25 12:52:48 +0530] NVIDIA
2026/09/25 12:52:53.399, NVIDIA GeForce GTX 850M, 470.256.02, 41, 0 %, 0 %, 4046 MiB, 117 MiB, 3929 MiB, [N/A], [N/A], 135 MHz

[2026-09-25 12:52:48 +0530] DRM DEVICES
/sys/class/drm/card2-eDP-1/status = connected
/sys/class/drm/card2-HDMI-A-1/status = connected

[2026-09-25 12:52:48 +0530] FILESYSTEM USAGE
Filesystem     Type      Size  Used Avail Use% Mounted on
tmpfs          tmpfs     1.6G  3.9M  1.6G   1% /run
/dev/sda8      ext4      151G   70G   73G  49% /
tmpfs          tmpfs     7.8G     0  7.8G   0% /dev/shm
tmpfs          tmpfs     5.0M   12K  5.0M   1% /run/lock
efivarfs       efivarfs   84K   71K  8.4K  90% /sys/firmware/efi/efivars
/dev/sda7      ext4      242G  148G   82G  65% /data
/dev/sda6      fuseblk   401G  244G  158G  61% /media/eclipse
/dev/sda2      vfat      256M  130M  127M  51% /boot/efi
tmpfs          tmpfs     1.6G  148K  1.6G   1% /run/user/1000
/dev/sdb1      fuseblk   1.9T  1.5T  352G  82% /media/Elements
/dev/sdc1      fuseblk   1.9T  1.6T  253G  87% /media/My Passport

INODES
Filesystem     Inodes IUsed IFree IUse% Mounted on
tmpfs            2.0M  2.2K  2.0M    1% /run
/dev/sda8        9.7M  932K  8.8M   10% /
tmpfs            2.0M     1  2.0M    1% /dev/shm
tmpfs            2.0M     6  2.0M    1% /run/lock
efivarfs            0     0     0     - /sys/firmware/efi/efivars
/dev/sda7         16M   29K   16M    1% /data
/dev/sda6        158M   84K  158M    1% /media/eclipse
/dev/sda2           0     0     0     - /boot/efi
tmpfs            399K   176  398K    1% /run/user/1000
/dev/sdb1        353M   44K  353M    1% /media/Elements
/dev/sdc1        253M   11K  253M    1% /media/My Passport

[2026-09-25 12:52:48 +0530] NETWORK
lo               UNKNOWN        127.0.0.1/8 ::1/128 
eno1             UP             192.168.0.25/24 fe80::8edc:d4ff:fe78:f161/64 
wlo1             DOWN           
br-mailcow       UP             172.22.1.1/24 fd4d:6169:6c63:6f77::1/64 fe80::bc65:48ff:fede:e496/64 
docker0          DOWN           172.17.0.1/16 fd8e:69cb:d56a::1/64 
veth9fbbc60@if2  UP             fe80::450:bcff:feb7:cbff/64 
veth0e2fd34@if2  UP             fe80::8c8c:bfff:fecf:40c5/64 
veth38102da@if2  UP             fe80::f48c:4fff:fe2b:38a2/64 
veth8466fed@if2  UP             fe80::fc3f:35ff:fea6:320d/64 
vethe9d2033@if2  UP             fe80::f8c0:5fff:fe3d:90db/64 
veth5f6424b@if2  UP             fe80::bc42:cff:fe35:1f0/64 
veth83a1cda@if2  UP             fe80::24ac:62ff:feca:66b0/64 
vethc768e63@if2  UP             fe80::1094:f0ff:fea1:ef7c/64 
veth9fdb391@if2  UP             fe80::f4ef:2aff:fe49:542/64 
veth9bdb2f3@if2  UP             fe80::4046:ccff:fe13:ceda/64 
vethb72fac9@if2  UP             fe80::6c3b:17ff:feb3:a08a/64 
vethd7c4fc0@if2  UP             fe80::3096:e5ff:fe8d:3537/64 
vethbba0caf@if2  UP             fe80::e822:f0ff:fec9:dcdd/64 
veth958a618@if2  UP             fe80::1859:92ff:feeb:d013/64 
vethb92cd49@if2  UP             fe80::c42a:eff:fed4:aa81/64 
veth147cdfe@if2  UP             fe80::d0d6:afff:fe26:b5f2/64 
vethe33c881@if2  UP             fe80::dcd5:daff:fe63:59e7/64 

default via 192.168.0.1 dev eno1 proto dhcp src 192.168.0.25 metric 100 
172.17.0.0/16 dev docker0 proto kernel scope link src 172.17.0.1 linkdown 
172.22.1.0/24 dev br-mailcow proto kernel scope link src 172.22.1.1 
192.168.0.0/24 dev eno1 proto kernel scope link src 192.168.0.25 metric 100 

Total: 959
TCP:   172 (estab 5, closed 133, orphaned 0, timewait 0)

Transport Total     IP        IPv6
RAW	  0         0         0        
UDP	  12        5         7        
TCP	  39        27        12       
INET	  51        32        19       
FRAG	  0         0         0        


[2026-09-25 12:52:48 +0530] FILE DESCRIPTORS
12192	0	9223372036854775807
9223372036854775807

[2026-09-25 12:52:48 +0530] USER SERVICES
  UNIT                                                             LOAD   ACTIVE SUB     DESCRIPTION
  at-spi-dbus-bus.service                                          loaded active running Accessibility services bus
  dbus.service                                                     loaded active running D-Bus User Message Bus
  dconf.service                                                    loaded active running User preferences database
  evolution-addressbook-factory.service                            loaded active running Evolution address book service
  evolution-calendar-factory.service                               loaded active running Evolution calendar service
  evolution-source-registry.service                                loaded active running Evolution source registry
  filter-chain.service                                             loaded active running PipeWire filter chain daemon
  gcr-ssh-agent.service                                            loaded active running GCR ssh-agent wrapper
  gnome-keyring-daemon.service                                     loaded active running GNOME Keyring daemon
  gnome-session-manager@ubuntu.service                             loaded active running GNOME Session Manager (session: ubuntu)
  gnome-session-monitor.service                                    loaded active running Monitor Session leader for GNOME Session
  gnome-terminal-server.service                                    loaded active running GNOME Terminal Server
  gvfs-afc-volume-monitor.service                                  loaded active running Virtual filesystem service - Apple File Conduit monitor
  gvfs-daemon.service                                              loaded active running Virtual filesystem service
  gvfs-goa-volume-monitor.service                                  loaded active running Virtual filesystem service - GNOME Online Accounts monitor
  gvfs-gphoto2-volume-monitor.service                              loaded active running Virtual filesystem service - digital camera monitor
  gvfs-metadata.service                                            loaded active running Virtual filesystem metadata service
  gvfs-mtp-volume-monitor.service                                  loaded active running Virtual filesystem service - Media Transfer Protocol monitor
  gvfs-udisks2-volume-monitor.service                              loaded active running Virtual filesystem service - disk device monitor
  org.freedesktop.IBus.session.GNOME.service                       loaded active running IBus Daemon for GNOME
  org.gnome.SettingsDaemon.A11ySettings.service                    loaded active running GNOME accessibility service
  org.gnome.SettingsDaemon.Color.service                           loaded active running GNOME color management service
  org.gnome.SettingsDaemon.Datetime.service                        loaded active running GNOME date & time service
  org.gnome.SettingsDaemon.Housekeeping.service                    loaded active running GNOME maintenance of expirable data service
  org.gnome.SettingsDaemon.Keyboard.service                        loaded active running GNOME keyboard configuration service
  org.gnome.SettingsDaemon.MediaKeys.service                       loaded active running GNOME keyboard shortcuts service
  org.gnome.SettingsDaemon.PrintNotifications.service              loaded active running GNOME printer notifications service
  org.gnome.SettingsDaemon.Rfkill.service                          loaded active running GNOME RFKill support service
  org.gnome.SettingsDaemon.ScreensaverProxy.service                loaded active running GNOME FreeDesktop screensaver service
  org.gnome.SettingsDaemon.Sharing.service                         loaded active running GNOME file sharing service
  org.gnome.SettingsDaemon.Smartcard.service                       loaded active running GNOME smartcard service
  org.gnome.SettingsDaemon.Sound.service                           loaded active running GNOME sound sample caching service
  org.gnome.SettingsDaemon.Wacom.service                           loaded active running GNOME Wacom tablet support service
  org.gnome.SettingsDaemon.XSettings.service                       loaded active running GNOME XSettings service
  org.gnome.Shell@x11.service                                      loaded active running GNOME Shell on X11
  pipewire-pulse.service                                           loaded active running PipeWire PulseAudio
  pipewire.service                                                 loaded active running PipeWire Multimedia Service
  sandas-server.service                                            loaded active running SANDAS Flask WebSocket Server
  snap.snapd-desktop-integration.snapd-desktop-integration.service loaded active running Service for snap application snapd-desktop-integration.snapd-desktop-integration
  tracker-miner-fs-3.service                                       loaded active running Tracker file system data miner
  wireplumber.service                                              loaded active running Multimedia Service Session Manager
  xdg-desktop-portal-gnome.service                                 loaded active running Portal service (GNOME implementation)
  xdg-desktop-portal-gtk.service                                   loaded active running Portal service (GTK/GNOME implementation)
  xdg-desktop-portal.service                                       loaded active running Portal service
  xdg-document-portal.service                                      loaded active running flatpak document portal service
  xdg-permission-store.service                                     loaded active running sandboxed app permission store

Legend: LOAD   → Reflects whether the unit definition was properly loaded.
        ACTIVE → The high-level unit activation state, i.e. generalization of SUB.
        SUB    → The low-level unit activation state, values depend on unit type.

46 loaded units listed.
2026-09-25 12:53:53 +0530 CHECK=13 LOAD="0.33 1.12 2.48 1/1354 62418" CPU_IOWAIT=32.99% MEM="total=15923MB used=4575MB free=7383MB available=11348MB" SWAP="total=4095MB used=0MB free=4095MB" RUN=1 SLEEP=402 D=0 ZOMBIE=0
[2026-09-25 12:53:56 +0530] EVENT: HIGH I/O WAIT detected: 32.99%
[2026-09-25 12:53:57 +0530] EVENT: Kernel warning/error detected

[2026-09-25 12:53:53 +0530]
Bus 001 Device 001: ID 1d6b:0002 Linux Foundation 2.0 root hub
Bus 001 Device 002: ID 8087:8000 Intel Corp. Integrated Rate Matching Hub
Bus 001 Device 003: ID 04f2:b45e Chicony Electronics Co., Ltd HP Truevision HD
Bus 001 Device 004: ID 138a:0050 Validity Sensors, Inc. Swipe Fingerprint Sensor
Bus 001 Device 005: ID 8087:07dc Intel Corp. Bluetooth wireless interface
Bus 002 Device 001: ID 1d6b:0002 Linux Foundation 2.0 root hub
Bus 002 Device 002: ID 1a40:0101 Terminus Technology Inc. Hub
Bus 002 Device 003: ID 1058:25a2 Western Digital Technologies, Inc. Elements 25A2
Bus 002 Device 004: ID 1058:2626 Western Digital Technologies, Inc. My Passport (WDBPKJ)
Bus 003 Device 001: ID 1d6b:0003 Linux Foundation 3.0 root hub

[2026-09-25 12:53:53 +0530] NVIDIA
2026/09/25 12:53:57.866, NVIDIA GeForce GTX 850M, 470.256.02, 41, 0 %, 0 %, 4046 MiB, 117 MiB, 3929 MiB, [N/A], [N/A], 135 MHz

[2026-09-25 12:53:53 +0530] DRM DEVICES
/sys/class/drm/card2-eDP-1/status = connected
/sys/class/drm/card2-HDMI-A-1/status = connected

[2026-09-25 12:53:53 +0530] FILESYSTEM USAGE
Filesystem     Type      Size  Used Avail Use% Mounted on
tmpfs          tmpfs     1.6G  3.9M  1.6G   1% /run
/dev/sda8      ext4      151G   70G   73G  49% /
tmpfs          tmpfs     7.8G     0  7.8G   0% /dev/shm
tmpfs          tmpfs     5.0M   12K  5.0M   1% /run/lock
efivarfs       efivarfs   84K   71K  8.4K  90% /sys/firmware/efi/efivars
/dev/sda7      ext4      242G  148G   82G  65% /data
/dev/sda6      fuseblk   401G  244G  158G  61% /media/eclipse
/dev/sda2      vfat      256M  130M  127M  51% /boot/efi
tmpfs          tmpfs     1.6G  148K  1.6G   1% /run/user/1000
/dev/sdb1      fuseblk   1.9T  1.5T  352G  82% /media/Elements
/dev/sdc1      fuseblk   1.9T  1.6T  253G  87% /media/My Passport

INODES
Filesystem     Inodes IUsed IFree IUse% Mounted on
tmpfs            2.0M  2.2K  2.0M    1% /run
/dev/sda8        9.7M  932K  8.8M   10% /
tmpfs            2.0M     1  2.0M    1% /dev/shm
tmpfs            2.0M     6  2.0M    1% /run/lock
efivarfs            0     0     0     - /sys/firmware/efi/efivars
/dev/sda7         16M   29K   16M    1% /data
/dev/sda6        158M   84K  158M    1% /media/eclipse
/dev/sda2           0     0     0     - /boot/efi
tmpfs            399K   176  398K    1% /run/user/1000
/dev/sdb1        353M   44K  353M    1% /media/Elements
/dev/sdc1        253M   11K  253M    1% /media/My Passport

[2026-09-25 12:53:53 +0530] NETWORK
lo               UNKNOWN        127.0.0.1/8 ::1/128 
eno1             UP             192.168.0.25/24 fe80::8edc:d4ff:fe78:f161/64 
wlo1             DOWN           
br-mailcow       UP             172.22.1.1/24 fd4d:6169:6c63:6f77::1/64 fe80::bc65:48ff:fede:e496/64 
docker0          DOWN           172.17.0.1/16 fd8e:69cb:d56a::1/64 
veth9fbbc60@if2  UP             fe80::450:bcff:feb7:cbff/64 
veth0e2fd34@if2  UP             fe80::8c8c:bfff:fecf:40c5/64 
veth38102da@if2  UP             fe80::f48c:4fff:fe2b:38a2/64 
veth8466fed@if2  UP             fe80::fc3f:35ff:fea6:320d/64 
vethe9d2033@if2  UP             fe80::f8c0:5fff:fe3d:90db/64 
veth5f6424b@if2  UP             fe80::bc42:cff:fe35:1f0/64 
veth83a1cda@if2  UP             fe80::24ac:62ff:feca:66b0/64 
vethc768e63@if2  UP             fe80::1094:f0ff:fea1:ef7c/64 
veth9fdb391@if2  UP             fe80::f4ef:2aff:fe49:542/64 
veth9bdb2f3@if2  UP             fe80::4046:ccff:fe13:ceda/64 
vethb72fac9@if2  UP             fe80::6c3b:17ff:feb3:a08a/64 
vethd7c4fc0@if2  UP             fe80::3096:e5ff:fe8d:3537/64 
vethbba0caf@if2  UP             fe80::e822:f0ff:fec9:dcdd/64 
veth958a618@if2  UP             fe80::1859:92ff:feeb:d013/64 
vethb92cd49@if2  UP             fe80::c42a:eff:fed4:aa81/64 
veth147cdfe@if2  UP             fe80::d0d6:afff:fe26:b5f2/64 
vethe33c881@if2  UP             fe80::dcd5:daff:fe63:59e7/64 

default via 192.168.0.1 dev eno1 proto dhcp src 192.168.0.25 metric 100 
172.17.0.0/16 dev docker0 proto kernel scope link src 172.17.0.1 linkdown 
172.22.1.0/24 dev br-mailcow proto kernel scope link src 172.22.1.1 
192.168.0.0/24 dev eno1 proto kernel scope link src 192.168.0.25 metric 100 

Total: 959
TCP:   177 (estab 5, closed 138, orphaned 0, timewait 1)

Transport Total     IP        IPv6
RAW	  0         0         0        
UDP	  12        5         7        
TCP	  39        27        12       
INET	  51        32        19       
FRAG	  0         0         0        


[2026-09-25 12:53:53 +0530] FILE DESCRIPTORS
12224	0	9223372036854775807
9223372036854775807

[2026-09-25 12:53:53 +0530] USER SERVICES
  UNIT                                                             LOAD   ACTIVE SUB     DESCRIPTION
  at-spi-dbus-bus.service                                          loaded active running Accessibility services bus
  dbus.service                                                     loaded active running D-Bus User Message Bus
  dconf.service                                                    loaded active running User preferences database
  evolution-addressbook-factory.service                            loaded active running Evolution address book service
  evolution-calendar-factory.service                               loaded active running Evolution calendar service
  evolution-source-registry.service                                loaded active running Evolution source registry
  filter-chain.service                                             loaded active running PipeWire filter chain daemon
  gcr-ssh-agent.service                                            loaded active running GCR ssh-agent wrapper
  gnome-keyring-daemon.service                                     loaded active running GNOME Keyring daemon
  gnome-session-manager@ubuntu.service                             loaded active running GNOME Session Manager (session: ubuntu)
  gnome-session-monitor.service                                    loaded active running Monitor Session leader for GNOME Session
  gnome-terminal-server.service                                    loaded active running GNOME Terminal Server
  gvfs-afc-volume-monitor.service                                  loaded active running Virtual filesystem service - Apple File Conduit monitor
  gvfs-daemon.service                                              loaded active running Virtual filesystem service
  gvfs-goa-volume-monitor.service                                  loaded active running Virtual filesystem service - GNOME Online Accounts monitor
  gvfs-gphoto2-volume-monitor.service                              loaded active running Virtual filesystem service - digital camera monitor
  gvfs-metadata.service                                            loaded active running Virtual filesystem metadata service
  gvfs-mtp-volume-monitor.service                                  loaded active running Virtual filesystem service - Media Transfer Protocol monitor
  gvfs-udisks2-volume-monitor.service                              loaded active running Virtual filesystem service - disk device monitor
  org.freedesktop.IBus.session.GNOME.service                       loaded active running IBus Daemon for GNOME
  org.gnome.SettingsDaemon.A11ySettings.service                    loaded active running GNOME accessibility service
  org.gnome.SettingsDaemon.Color.service                           loaded active running GNOME color management service
  org.gnome.SettingsDaemon.Datetime.service                        loaded active running GNOME date & time service
  org.gnome.SettingsDaemon.Housekeeping.service                    loaded active running GNOME maintenance of expirable data service
  org.gnome.SettingsDaemon.Keyboard.service                        loaded active running GNOME keyboard configuration service
  org.gnome.SettingsDaemon.MediaKeys.service                       loaded active running GNOME keyboard shortcuts service
  org.gnome.SettingsDaemon.PrintNotifications.service              loaded active running GNOME printer notifications service
  org.gnome.SettingsDaemon.Rfkill.service                          loaded active running GNOME RFKill support service
  org.gnome.SettingsDaemon.ScreensaverProxy.service                loaded active running GNOME FreeDesktop screensaver service
  org.gnome.SettingsDaemon.Sharing.service                         loaded active running GNOME file sharing service
  org.gnome.SettingsDaemon.Smartcard.service                       loaded active running GNOME smartcard service
  org.gnome.SettingsDaemon.Sound.service                           loaded active running GNOME sound sample caching service
  org.gnome.SettingsDaemon.Wacom.service                           loaded active running GNOME Wacom tablet support service
  org.gnome.SettingsDaemon.XSettings.service                       loaded active running GNOME XSettings service
  org.gnome.Shell@x11.service                                      loaded active running GNOME Shell on X11
  pipewire-pulse.service                                           loaded active running PipeWire PulseAudio
  pipewire.service                                                 loaded active running PipeWire Multimedia Service
  sandas-server.service                                            loaded active running SANDAS Flask WebSocket Server
  snap.snapd-desktop-integration.snapd-desktop-integration.service loaded active running Service for snap application snapd-desktop-integration.snapd-desktop-integration
  tracker-miner-fs-3.service                                       loaded active running Tracker file system data miner
  wireplumber.service                                              loaded active running Multimedia Service Session Manager
  xdg-desktop-portal-gnome.service                                 loaded active running Portal service (GNOME implementation)
  xdg-desktop-portal-gtk.service                                   loaded active running Portal service (GTK/GNOME implementation)
  xdg-desktop-portal.service                                       loaded active running Portal service
  xdg-document-portal.service                                      loaded active running flatpak document portal service
  xdg-permission-store.service                                     loaded active running sandboxed app permission store

Legend: LOAD   → Reflects whether the unit definition was properly loaded.
        ACTIVE → The high-level unit activation state, i.e. generalization of SUB.
        SUB    → The low-level unit activation state, values depend on unit type.

46 loaded units listed.
2026-09-25 12:54:57 +0530 CHECK=14 LOAD="0.12 0.91 2.32 1/1360 66087" CPU_IOWAIT=31.47% MEM="total=15923MB used=4579MB free=7325MB available=11343MB" SWAP="total=4095MB used=0MB free=4095MB" RUN=1 SLEEP=405 D=3 ZOMBIE=0
[2026-09-25 12:55:01 +0530] EVENT: D-state process detected: count=3
[2026-09-25 12:55:01 +0530] EVENT: HIGH I/O WAIT detected: 31.47%
[2026-09-25 12:55:02 +0530] EVENT: Kernel warning/error detected

[2026-09-25 12:54:57 +0530]
Bus 001 Device 001: ID 1d6b:0002 Linux Foundation 2.0 root hub
Bus 001 Device 002: ID 8087:8000 Intel Corp. Integrated Rate Matching Hub
Bus 001 Device 003: ID 04f2:b45e Chicony Electronics Co., Ltd HP Truevision HD
Bus 001 Device 004: ID 138a:0050 Validity Sensors, Inc. Swipe Fingerprint Sensor
Bus 001 Device 005: ID 8087:07dc Intel Corp. Bluetooth wireless interface
Bus 002 Device 001: ID 1d6b:0002 Linux Foundation 2.0 root hub
Bus 002 Device 002: ID 1a40:0101 Terminus Technology Inc. Hub
Bus 002 Device 003: ID 1058:25a2 Western Digital Technologies, Inc. Elements 25A2
Bus 002 Device 004: ID 1058:2626 Western Digital Technologies, Inc. My Passport (WDBPKJ)
Bus 003 Device 001: ID 1d6b:0003 Linux Foundation 3.0 root hub

[2026-09-25 12:54:57 +0530] NVIDIA
2026/09/25 12:55:02.532, NVIDIA GeForce GTX 850M, 470.256.02, 42, 0 %, 0 %, 4046 MiB, 122 MiB, 3924 MiB, [N/A], [N/A], 387 MHz

[2026-09-25 12:54:57 +0530] DRM DEVICES
/sys/class/drm/card2-eDP-1/status = connected
/sys/class/drm/card2-HDMI-A-1/status = connected

[2026-09-25 12:54:57 +0530] FILESYSTEM USAGE
Filesystem     Type      Size  Used Avail Use% Mounted on
tmpfs          tmpfs     1.6G  3.9M  1.6G   1% /run
/dev/sda8      ext4      151G   70G   73G  49% /
tmpfs          tmpfs     7.8G     0  7.8G   0% /dev/shm
tmpfs          tmpfs     5.0M   12K  5.0M   1% /run/lock
efivarfs       efivarfs   84K   71K  8.4K  90% /sys/firmware/efi/efivars
/dev/sda7      ext4      242G  148G   82G  65% /data
/dev/sda6      fuseblk   401G  244G  158G  61% /media/eclipse
/dev/sda2      vfat      256M  130M  127M  51% /boot/efi
tmpfs          tmpfs     1.6G  152K  1.6G   1% /run/user/1000
/dev/sdb1      fuseblk   1.9T  1.5T  352G  82% /media/Elements
/dev/sdc1      fuseblk   1.9T  1.6T  253G  87% /media/My Passport

INODES
Filesystem     Inodes IUsed IFree IUse% Mounted on
tmpfs            2.0M  2.2K  2.0M    1% /run
/dev/sda8        9.7M  933K  8.8M   10% /
tmpfs            2.0M     1  2.0M    1% /dev/shm
tmpfs            2.0M     6  2.0M    1% /run/lock
efivarfs            0     0     0     - /sys/firmware/efi/efivars
/dev/sda7         16M   29K   16M    1% /data
/dev/sda6        158M   84K  158M    1% /media/eclipse
/dev/sda2           0     0     0     - /boot/efi
tmpfs            399K   178  398K    1% /run/user/1000
/dev/sdb1        353M   44K  353M    1% /media/Elements
/dev/sdc1        253M   11K  253M    1% /media/My Passport

[2026-09-25 12:54:57 +0530] NETWORK
lo               UNKNOWN        127.0.0.1/8 ::1/128 
eno1             UP             192.168.0.25/24 fe80::8edc:d4ff:fe78:f161/64 
wlo1             DOWN           
br-mailcow       UP             172.22.1.1/24 fd4d:6169:6c63:6f77::1/64 fe80::bc65:48ff:fede:e496/64 
docker0          DOWN           172.17.0.1/16 fd8e:69cb:d56a::1/64 
veth9fbbc60@if2  UP             fe80::450:bcff:feb7:cbff/64 
veth0e2fd34@if2  UP             fe80::8c8c:bfff:fecf:40c5/64 
veth38102da@if2  UP             fe80::f48c:4fff:fe2b:38a2/64 
veth8466fed@if2  UP             fe80::fc3f:35ff:fea6:320d/64 
vethe9d2033@if2  UP             fe80::f8c0:5fff:fe3d:90db/64 
veth5f6424b@if2  UP             fe80::bc42:cff:fe35:1f0/64 
veth83a1cda@if2  UP             fe80::24ac:62ff:feca:66b0/64 
vethc768e63@if2  UP             fe80::1094:f0ff:fea1:ef7c/64 
veth9fdb391@if2  UP             fe80::f4ef:2aff:fe49:542/64 
veth9bdb2f3@if2  UP             fe80::4046:ccff:fe13:ceda/64 
vethb72fac9@if2  UP             fe80::6c3b:17ff:feb3:a08a/64 
vethd7c4fc0@if2  UP             fe80::3096:e5ff:fe8d:3537/64 
vethbba0caf@if2  UP             fe80::e822:f0ff:fec9:dcdd/64 
veth958a618@if2  UP             fe80::1859:92ff:feeb:d013/64 
vethb92cd49@if2  UP             fe80::c42a:eff:fed4:aa81/64 
veth147cdfe@if2  UP             fe80::d0d6:afff:fe26:b5f2/64 
vethe33c881@if2  UP             fe80::dcd5:daff:fe63:59e7/64 

default via 192.168.0.1 dev eno1 proto dhcp src 192.168.0.25 metric 100 
172.17.0.0/16 dev docker0 proto kernel scope link src 172.17.0.1 linkdown 
172.22.1.0/24 dev br-mailcow proto kernel scope link src 172.22.1.1 
192.168.0.0/24 dev eno1 proto kernel scope link src 192.168.0.25 metric 100 

Total: 974
TCP:   165 (estab 5, closed 126, orphaned 0, timewait 1)

Transport Total     IP        IPv6
RAW	  0         0         0        
UDP	  12        5         7        
TCP	  39        27        12       
INET	  51        32        19       
FRAG	  0         0         0        


[2026-09-25 12:54:57 +0530] FILE DESCRIPTORS
12640	0	9223372036854775807
9223372036854775807

[2026-09-25 12:54:57 +0530] USER SERVICES
  UNIT                                                             LOAD   ACTIVE SUB     DESCRIPTION
  at-spi-dbus-bus.service                                          loaded active running Accessibility services bus
  dbus.service                                                     loaded active running D-Bus User Message Bus
  dconf.service                                                    loaded active running User preferences database
  evolution-addressbook-factory.service                            loaded active running Evolution address book service
  evolution-calendar-factory.service                               loaded active running Evolution calendar service
  evolution-source-registry.service                                loaded active running Evolution source registry
  filter-chain.service                                             loaded active running PipeWire filter chain daemon
  gcr-ssh-agent.service                                            loaded active running GCR ssh-agent wrapper
  gnome-keyring-daemon.service                                     loaded active running GNOME Keyring daemon
  gnome-session-manager@ubuntu.service                             loaded active running GNOME Session Manager (session: ubuntu)
  gnome-session-monitor.service                                    loaded active running Monitor Session leader for GNOME Session
  gnome-terminal-server.service                                    loaded active running GNOME Terminal Server
  gvfs-afc-volume-monitor.service                                  loaded active running Virtual filesystem service - Apple File Conduit monitor
  gvfs-daemon.service                                              loaded active running Virtual filesystem service
  gvfs-goa-volume-monitor.service                                  loaded active running Virtual filesystem service - GNOME Online Accounts monitor
  gvfs-gphoto2-volume-monitor.service                              loaded active running Virtual filesystem service - digital camera monitor
  gvfs-metadata.service                                            loaded active running Virtual filesystem metadata service
  gvfs-mtp-volume-monitor.service                                  loaded active running Virtual filesystem service - Media Transfer Protocol monitor
  gvfs-udisks2-volume-monitor.service                              loaded active running Virtual filesystem service - disk device monitor
  org.freedesktop.IBus.session.GNOME.service                       loaded active running IBus Daemon for GNOME
  org.gnome.SettingsDaemon.A11ySettings.service                    loaded active running GNOME accessibility service
  org.gnome.SettingsDaemon.Color.service                           loaded active running GNOME color management service
  org.gnome.SettingsDaemon.Datetime.service                        loaded active running GNOME date & time service
  org.gnome.SettingsDaemon.Housekeeping.service                    loaded active running GNOME maintenance of expirable data service
  org.gnome.SettingsDaemon.Keyboard.service                        loaded active running GNOME keyboard configuration service
  org.gnome.SettingsDaemon.MediaKeys.service                       loaded active running GNOME keyboard shortcuts service
  org.gnome.SettingsDaemon.PrintNotifications.service              loaded active running GNOME printer notifications service
  org.gnome.SettingsDaemon.Rfkill.service                          loaded active running GNOME RFKill support service
  org.gnome.SettingsDaemon.ScreensaverProxy.service                loaded active running GNOME FreeDesktop screensaver service
  org.gnome.SettingsDaemon.Sharing.service                         loaded active running GNOME file sharing service
  org.gnome.SettingsDaemon.Smartcard.service                       loaded active running GNOME smartcard service
  org.gnome.SettingsDaemon.Sound.service                           loaded active running GNOME sound sample caching service
  org.gnome.SettingsDaemon.Wacom.service                           loaded active running GNOME Wacom tablet support service
  org.gnome.SettingsDaemon.XSettings.service                       loaded active running GNOME XSettings service
  org.gnome.Shell@x11.service                                      loaded active running GNOME Shell on X11
  pipewire-pulse.service                                           loaded active running PipeWire PulseAudio
  pipewire.service                                                 loaded active running PipeWire Multimedia Service
  sandas-server.service                                            loaded active running SANDAS Flask WebSocket Server
  snap.snapd-desktop-integration.snapd-desktop-integration.service loaded active running Service for snap application snapd-desktop-integration.snapd-desktop-integration
  tracker-miner-fs-3.service                                       loaded active running Tracker file system data miner
  wireplumber.service                                              loaded active running Multimedia Service Session Manager
  xdg-desktop-portal-gnome.service                                 loaded active running Portal service (GNOME implementation)
  xdg-desktop-portal-gtk.service                                   loaded active running Portal service (GTK/GNOME implementation)
  xdg-desktop-portal.service                                       loaded active running Portal service
  xdg-document-portal.service                                      loaded active running flatpak document portal service
  xdg-permission-store.service                                     loaded active running sandboxed app permission store

Legend: LOAD   → Reflects whether the unit definition was properly loaded.
        ACTIVE → The high-level unit activation state, i.e. generalization of SUB.
        SUB    → The low-level unit activation state, values depend on unit type.

46 loaded units listed.
[2026-09-25 12:55:04 +0530] Monitor stopped by user.


================================================================
FINAL SYSTEM STATE
================================================================
TIME: 2026-09-25 12:55:04 +0530
UPTIME:
 12:55:04 up 22 min,  1 user,  load average: 0.50, 0.97, 2.32

MEMORY:
               total        used        free      shared  buff/cache   available
Mem:            15Gi       4.6Gi       7.0Gi       107Mi       4.4Gi        10Gi
Swap:          4.0Gi          0B       4.0Gi

SYSTEMD FAILED:
  UNIT LOAD ACTIVE SUB DESCRIPTION

0 loaded units listed.

USER SYSTEMD FAILED:
  UNIT LOAD ACTIVE SUB DESCRIPTION

0 loaded units listed.

D-STATE PROCESSES:
    PID    PPID USER     STAT WCHAN                                    %CPU %MEM     ELAPSED COMMAND         COMMAND
    594       2 root     D<   -                                         0.0  0.0       21:58 kworker/u9:1+i9 [kworker/u9:1+i915_flip]
  63776       2 root     D<   -                                         0.0  0.0       00:51 kworker/u9:2+i9 [kworker/u9:2+i915_flip]
  66060    6004 dkvlko   D<l  folio_wait_bit_common                     5.3  0.7       00:08 chrome          /opt/google/chrome/chrome

NVIDIA:
Fri Sep 25 12:55:04 2026       
+-----------------------------------------------------------------------------+
| NVIDIA-SMI 470.256.02   Driver Version: 470.256.02   CUDA Version: 11.4     |
|-------------------------------+----------------------+----------------------+
| GPU  Name        Persistence-M| Bus-Id        Disp.A | Volatile Uncorr. ECC |
| Fan  Temp  Perf  Pwr:Usage/Cap|         Memory-Usage | GPU-Util  Compute M. |
|                               |                      |               MIG M. |
|===============================+======================+======================|
|   0  NVIDIA GeForce ...  Off  | 00000000:0A:00.0 Off |                  N/A |
| N/A   41C    P8    N/A /  N/A |    124MiB /  4046MiB |      0%      Default |
|                               |                      |                  N/A |
+-------------------------------+----------------------+----------------------+
                                                                               
+-----------------------------------------------------------------------------+
| Processes:                                                                  |
|  GPU   GI   CI        PID   Type   Process name                  GPU Memory |
|        ID   ID                                                   Usage      |
|=============================================================================|
|    0   N/A  N/A      6243      G   /usr/lib/xorg/Xorg                 40MiB |
|    0   N/A  N/A      7236      G   /usr/bin/gnome-shell               81MiB |
+-----------------------------------------------------------------------------+
[2026-09-25 12:55:04 +0530] Log directory: /home/dkvlko/live_code/GUIFreezeMonitor/system_monitor_logs
[2026-09-25 12:55:04 +0530] Main log: /home/dkvlko/live_code/GUIFreezeMonitor/system_monitor_logs/system_monitor_2026-09-25_12-40-27.log
